fighter_a_name,fighter_b_name,fighter_a_knockdowns,fighter_b_knockdowns,fighter_a_sig_strikes,fighter_b_sig_strikes,fighter_a_sig_strike_acc,fighter_b_sig_strike_acc,fighter_a_total_strikes,fighter_b_total_strikes,fighter_a_takedowns,fighter_b_takedowns,fighter_a_takedown_acc,fighter_b_takedown_acc,fighter_a_sub_attempts,fighter_b_sub_attempts,fighter_a_reversals,fighter_b_reversals,fighter_a_control_time,fighter_b_control_time,bout_url,event_url,fighter_a_url,fighter_b_url,winner_name,weight_class,method,finish_round,finish_time,_source_url,_batch_id,_ingested_at
Edson Barboza,Esteban Ribovics,0,0,30 of 64,63 of 126,46%,50%,30 of 64,70 of 133,0 of 0,0 of 0,---,---,0,0,0,0,0:00,0:19,http://ufcstats.com/fight-details/8e482cead0c7eb15,http://ufcstats.com/event-details/b96619b3acd7d9da,http://www.ufcstats.com/fighter-details/64a50dad704d1d49,http://www.ufcstats.com/fighter-details/323d4ca260dfa0ba,Esteban Ribovics,Lightweight,KO/TKO,2,1:32,http://ufcstats.com/fight-details/8e482cead0c7eb15,c51ba89947344bee9661ccd1c7c96d7a,2026-09-08 18:39:30.017783+00:00
Neil Magny,Ramiz Brahimaj,0,0,24 of 38,7 of 9,63%,77%,61 of 78,20 of 24,0 of 1,1 of 3,0%,33%,1,0,1,1,0:59,6:25,http://ufcstats.com/fight-details/e7077d030d5fc15f,http://ufcstats.com/event-details/b96619b3acd7d9da,http://www.ufcstats.com/fighter-details/84b3e7d38f2d2ec5,http://www.ufcstats.com/fighter-details/3d074044a33825e7,Neil Magny,Welterweight,KO/TKO,2,3:20,http://ufcstats.com/fight-details/e7077d030d5fc15f,c51ba89947344bee9661ccd1c7c96d7a,2026-09-08 18:39:39.261947+00:00
Darren Elkins,Yadier del Valle,0,1,0 of 2,5 of 6,0%,83%,0 of 2,5 of 6,0 of 1,0 of 0,0%,---,0,0,0,0,0:00,0:09,http://ufcstats.com/fight-details/06bfde3e3577906f,http://ufcstats.com/event-details/495add4fbede0a44,http://www.ufcstats.com/fighter-details/92a9aa9c93192871,http://www.ufcstats.com/fighter-details/70380ccdc81915b8,Yadier del Valle,Featherweight,KO/TKO,1,0:35,http://ufcstats.com/fight-details/06bfde3e3577906f,c51ba89947344bee9661ccd1c7c96d7a,2026-09-08 18:39:46.292893+00:00
Conor McGregor,Max Holloway,0,0,0 of 6,12 of 19,0%,63%,5 of 11,14 of 22,0 of 0,0 of 0,---,---,0,0,0,0,0:00,0:37,http://ufcstats.com/fight-details/989760fa75321d69,http://ufcstats.com/event-details/fccb0fee256b7b4d,http://www.ufcstats.com/fighter-details/f4c49976c75c5ab2,http://www.ufcstats.com/fighter-details/150ff4cc642270b9,Max Holloway,Welterweight,KO/TKO,1,1:09,http://ufcstats.com/fight-details/989760fa75321d69,c51ba89947344bee9661ccd1c7c96d7a,2026-09-08 18:41:09.315309+00:00
King Green,Terrance McKinney,1,0,43 of 72,45 of 80,59%,56%,57 of 86,59 of 96,0 of 0,1 of 1,---,100%,0,0,0,0,0:03,2:12,http://ufcstats.com/fight-details/a26ea74f2e908842,http://ufcstats.com/event-details/fccb0fee256b7b4d,http://www.ufcstats.com/fighter-details/887961364be5ceb3,http://www.ufcstats.com/fighter-details/809bd1a871491508,King Green,Lightweight,KO/TKO,1,4:59,http://ufcstats.com/fight-details/a26ea74f2e908842,c51ba89947344bee9661ccd1c7c96d7a,2026-09-08 18:41:15.272335+00:00
Josh Hokit,Derrick Lewis,1,0,86 of 117,7 of 40,73%,17%,105 of 138,8 of 41,2 of 3,0 of 1,66%,0%,1,0,0,0,4:04,0:00,http://ufcstats.com/fight-details/30cdb851f6c63444,http://ufcstats.com/event-details/48544433372ecfa6,http://www.ufcstats.com/fighter-details/955da1675ad58a50,http://www.ufcstats.com/fighter-details/d3df1add9d9a7efb,Josh Hokit,Heavyweight,KO/TKO,2,4:09,http://ufcstats.com/fight-details/30cdb851f6c63444,c51ba89947344bee9661ccd1c7c96d7a,2026-09-08 18:42:21.046277+00:00
Angela Hill,Xiong Jingnan,0,0,122 of 197,68 of 198,61%,34%,136 of 212,91 of 224,1 of 4,0 of 0,25%,---,1,0,0,0,2:06,0:07,http://ufcstats.com/fight-details/3f719885c9916e06,http://ufcstats.com/event-details/1e75e6c9de99fa76,http://www.ufcstats.com/fighter-details/f0feeb2192937424,http://www.ufcstats.com/fighter-details/2cdb479a0ef0ee1d,Angela Hill,Women's Strawweight,Decision - Unanimous,3,5:00,http://ufcstats.com/fight-details/3f719885c9916e06,c51ba89947344bee9661ccd1c7c96d7a,2026-09-08 18:43:04.809483+00:00
King Green,Jeremy Stephens,0,0,57 of 87,5 of 13,65%,38%,64 of 95,7 of 15,1 of 1,0 of 0,100%,---,1,1,0,0,1:34,0:07,http://ufcstats.com/fight-details/1158a27a1a04b971,http://ufcstats.com/event-details/9eedac48b497de5a,http://www.ufcstats.com/fighter-details/887961364be5ceb3,http://www.ufcstats.com/fighter-details/18968f97ad34f15c,King Green,Lightweight,Submission,1,4:20,http://ufcstats.com/fight-details/1158a27a1a04b971,c51ba89947344bee9661ccd1c7c96d7a,2026-09-08 18:43:39.089066+00:00
Jim Miller,Jared Gordon,0,0,9 of 17,7 of 16,52%,43%,10 of 18,8 of 17,0 of 0,2 of 2,---,100%,1,0,0,0,0:00,0:44,http://ufcstats.com/fight-details/e50857173607d631,http://ufcstats.com/event-details/9eedac48b497de5a,http://www.ufcstats.com/fighter-details/d1941565abf50b16,http://www.ufcstats.com/fighter-details/7026eca45f65377b,Jim Miller,Lightweight,Submission,1,3:29,http://ufcstats.com/fight-details/e50857173607d631,c51ba89947344bee9661ccd1c7c96d7a,2026-09-08 18:43:45.029460+00:00
Kevin Holland,Randy Brown,0,0,56 of 91,46 of 95,61%,48%,137 of 176,67 of 121,0 of 3,0 of 4,0%,0%,2,0,0,0,4:05,2:43,http://ufcstats.com/fight-details/b4e16fb13153efdc,http://ufcstats.com/event-details/f3eb664db7fb1df3,http://www.ufcstats.com/fighter-details/3a46b268013afede,http://www.ufcstats.com/fighter-details/c6aee362c7a7d482,Kevin Holland,Welterweight,Decision - Unanimous,3,5:00,http://ufcstats.com/fight-details/b4e16fb13153efdc,c51ba89947344bee9661ccd1c7c96d7a,2026-09-08 18:45:10.269768+00:00
Brad Tavares,Eryk Anders,1,0,48 of 86,35 of 84,55%,41%,55 of 95,68 of 133,0 of 1,3 of 9,0%,33%,0,0,0,1,0:29,9:20,http://ufcstats.com/fight-details/cff81d681a01ae18,http://ufcstats.com/event-details/babc6b5745335f18,http://www.ufcstats.com/fighter-details/0c6d9ea8306c029e,http://www.ufcstats.com/fighter-details/cad24459b28592ca,Eryk Anders,Middleweight,Decision - Unanimous,3,5:00,http://ufcstats.com/fight-details/cff81d681a01ae18,c51ba89947344bee9661ccd1c7c96d7a,2026-09-08 18:46:46.768581+00:00
Max Holloway,Charles Oliveira,0,0,26 of 45,50 of 66,57%,75%,73 of 92,110 of 137,0 of 0,5 of 13,---,38%,0,4,0,0,1:36,20:49,http://ufcstats.com/fight-details/f030febede41c661,http://ufcstats.com/event-details/15ec018d144710db,http://www.ufcstats.com/fighter-details/150ff4cc642270b9,http://www.ufcstats.com/fighter-details/07225ba28ae309b6,Charles Oliveira,Lightweight,Decision - Unanimous,5,5:00,http://ufcstats.com/fight-details/f030febede41c661,c51ba89947344bee9661ccd1c7c96d7a,2026-09-08 18:46:54.428729+00:00
Drew Dober,Michael Johnson,1,0,22 of 55,27 of 76,40%,35%,22 of 55,27 of 76,0 of 0,0 of 0,---,---,0,0,0,0,0:00,0:00,http://ufcstats.com/fight-details/f02c0adc4ae629c6,http://ufcstats.com/event-details/15ec018d144710db,http://www.ufcstats.com/fighter-details/519e4fe37ce9ff75,http://www.ufcstats.com/fighter-details/511e82663651438d,Drew Dober,Lightweight,KO/TKO,2,1:53,http://ufcstats.com/fight-details/f02c0adc4ae629c6,c51ba89947344bee9661ccd1c7c96d7a,2026-09-08 18:46:59.304309+00:00
Daniel Zellhuber,King Green,0,1,17 of 78,86 of 134,21%,64%,17 of 78,100 of 148,0 of 0,3 of 3,---,100%,1,0,0,0,0:00,2:05,http://ufcstats.com/fight-details/81f3d28d30d17378,http://ufcstats.com/event-details/0cfbbfa0ba6d9855,http://www.ufcstats.com/fighter-details/4148802ae4a50768,http://www.ufcstats.com/fighter-details/887961364be5ceb3,King Green,Lightweight,KO/TKO,2,4:55,http://ufcstats.com/fight-details/81f3d28d30d17378,c51ba89947344bee9661ccd1c7c96d7a,2026-09-08 18:47:18.959925+00:00
Waldo Cortes Acosta,Derrick Lewis,1,0,44 of 62,8 of 43,70%,18%,46 of 64,8 of 43,1 of 1,0 of 0,100%,---,0,0,0,0,0:28,0:00,http://ufcstats.com/fight-details/d93ee3860196c4ae,http://ufcstats.com/event-details/00e11b5c8b7bfeeb,http://www.ufcstats.com/fighter-details/fc08099550072fe4,http://www.ufcstats.com/fighter-details/d3df1add9d9a7efb,Waldo Cortes Acosta,Heavyweight,KO/TKO,2,3:14,http://ufcstats.com/fight-details/d93ee3860196c4ae,c51ba89947344bee9661ccd1c7c96d7a,2026-09-08 18:48:50.607034+00:00
King Green,Lance Gibson Jr.,0,0,65 of 141,30 of 72,46%,41%,74 of 150,35 of 77,1 of 2,2 of 3,50%,66%,0,0,0,0,0:44,1:10,http://ufcstats.com/fight-details/fc4ab243d21b795d,http://ufcstats.com/event-details/bc0f994de0521926,http://www.ufcstats.com/fighter-details/887961364be5ceb3,http://www.ufcstats.com/fighter-details/07bc580bdf3eb9c8,King Green,Catch Weight,Decision - Split,3,5:00,http://ufcstats.com/fight-details/fc4ab243d21b795d,c51ba89947344bee9661ccd1c7c96d7a,2026-09-08 18:49:14.645272+00:00
Neil Magny,Yaroslav Amosov,0,0,5 of 11,9 of 19,45%,47%,15 of 24,13 of 27,0 of 0,1 of 2,---,50%,0,1,0,0,0:00,1:56,http://ufcstats.com/fight-details/0fca825e14429c1f,http://ufcstats.com/event-details/bc0f994de0521926,http://www.ufcstats.com/fighter-details/84b3e7d38f2d2ec5,http://www.ufcstats.com/fighter-details/f139d6836efd43dd,Yaroslav Amosov,Welterweight,Submission,1,3:14,http://ufcstats.com/fight-details/0fca825e14429c1f,c51ba89947344bee9661ccd1c7c96d7a,2026-09-08 18:49:16.238092+00:00
Edson Barboza,Jalin Turner,0,2,10 of 20,39 of 66,50%,59%,10 of 20,43 of 73,0 of 0,0 of 0,---,---,0,0,1,0,0:07,0:38,http://ufcstats.com/fight-details/7af407397532f7cf,http://ufcstats.com/event-details/bd92cf5da5413d2a,http://www.ufcstats.com/fighter-details/64a50dad704d1d49,http://www.ufcstats.com/fighter-details/4d8fa64202cee4c1,Jalin Turner,Lightweight,KO/TKO,1,2:24,http://ufcstats.com/fight-details/7af407397532f7cf,c51ba89947344bee9661ccd1c7c96d7a,2026-09-08 18:49:43.210826+00:00
Angela Hill,Fatima Kline,0,0,56 of 120,115 of 223,46%,51%,65 of 137,152 of 268,0 of 0,4 of 7,---,57%,0,0,0,0,0:29,5:16,http://ufcstats.com/fight-details/6c2c6a6e3f4d04db,http://ufcstats.com/event-details/8db1b36dde268ef6,http://www.ufcstats.com/fighter-details/f0feeb2192937424,http://www.ufcstats.com/fighter-details/745fa7b605f8e2da,Fatima Kline,Women's Strawweight,Decision - Unanimous,3,5:00,http://ufcstats.com/fight-details/6c2c6a6e3f4d04db,c51ba89947344bee9661ccd1c7c96d7a,2026-09-08 18:50:34.462164+00:00
Kevin Holland,Mike Malott,0,0,52 of 137,49 of 95,37%,51%,76 of 162,50 of 99,1 of 1,1 of 4,100%,25%,0,1,0,1,0:27,2:31,http://ufcstats.com/fight-details/cdd565a16975c711,http://ufcstats.com/event-details/38e5d9dcb0fddc42,http://www.ufcstats.com/fighter-details/3a46b268013afede,http://www.ufcstats.com/fighter-details/dd6103dd7127db1d,Mike Malott,Welterweight,Decision - Unanimous,3,5:00,http://ufcstats.com/fight-details/cdd565a16975c711,c51ba89947344bee9661ccd1c7c96d7a,2026-09-08 18:51:49.078494+00:00
Kyle Prepolec,Drew Dober,0,0,51 of 164,83 of 161,31%,51%,51 of 164,85 of 163,0 of 3,0 of 1,0%,0%,0,0,0,0,0:02,0:04,http://ufcstats.com/fight-details/ecdbb3a5216b815e,http://ufcstats.com/event-details/38e5d9dcb0fddc42,http://www.ufcstats.com/fighter-details/873626e5547b5235,http://www.ufcstats.com/fighter-details/519e4fe37ce9ff75,Drew Dober,Lightweight,KO/TKO,3,1:16,http://ufcstats.com/fight-details/ecdbb3a5216b815e,c51ba89947344bee9661ccd1c7c96d7a,2026-09-08 18:51:57.314572+00:00
Charles Oliveira,Mateusz Gamrot,0,0,11 of 33,18 of 42,33%,42%,18 of 40,18 of 43,1 of 1,1 of 1,100%,100%,1,0,1,0,3:35,1:00,http://ufcstats.com/fight-details/79865287be90e4be,http://ufcstats.com/event-details/9336e86cfd4ceaa1,http://www.ufcstats.com/fighter-details/07225ba28ae309b6,http://www.ufcstats.com/fighter-details/72db2a14ffa73ece,Charles Oliveira,Lightweight,Submission,2,2:48,http://ufcstats.com/fight-details/79865287be90e4be,c51ba89947344bee9661ccd1c7c96d7a,2026-09-08 18:52:11.616856+00:00
Jake Matthews,Neil Magny,0,0,18 of 44,31 of 57,40%,54%,28 of 54,73 of 103,0 of 1,3 of 5,0%,60%,3,1,1,0,4:43,2:46,http://ufcstats.com/fight-details/1ff24d5f760e0491,http://ufcstats.com/event-details/ed220e87bef0cc64,http://www.ufcstats.com/fighter-details/a845f0735bc67405,http://www.ufcstats.com/fighter-details/84b3e7d38f2d2ec5,Neil Magny,Welterweight,Submission,3,3:08,http://ufcstats.com/fight-details/1ff24d5f760e0491,c51ba89947344bee9661ccd1c7c96d7a,2026-09-08 18:53:02.200665+00:00
Brad Tavares,Robert Bryczek,0,1,42 of 102,68 of 138,41%,49%,50 of 111,77 of 149,1 of 3,1 of 1,33%,100%,0,0,0,0,1:22,1:22,http://ufcstats.com/fight-details/b3253e2c2d111030,http://ufcstats.com/event-details/6e380a4d73ab4f0e,http://www.ufcstats.com/fighter-details/0c6d9ea8306c029e,http://www.ufcstats.com/fighter-details/f96856f9d69fd7e4,Robert Bryczek,Middleweight,KO/TKO,3,1:43,http://ufcstats.com/fight-details/b3253e2c2d111030,c51ba89947344bee9661ccd1c7c96d7a,2026-09-08 18:53:59.086484+00:00
Jessica Andrade,Loopy Godinez,0,0,90 of 287,107 of 213,31%,50%,97 of 297,119 of 226,0 of 1,1 of 14,0%,7%,0,0,0,0,0:17,1:33,http://ufcstats.com/fight-details/a2eafd9e1d5031b1,http://ufcstats.com/event-details/421ccfc6ddb17958,http://www.ufcstats.com/fighter-details/6a1901c62ab3870f,http://www.ufcstats.com/fighter-details/8e5d953bdb9ae5e7,Loopy Godinez,Women's Strawweight,Decision - Unanimous,3,5:00,http://ufcstats.com/fight-details/a2eafd9e1d5031b1,c51ba89947344bee9661ccd1c7c96d7a,2026-09-08 18:54:38.844604+00:00
Edson Barboza,Drakkar Klose,0,0,71 of 120,53 of 102,59%,51%,73 of 122,147 of 209,0 of 0,0 of 2,---,0%,0,0,0,0,3:50,2:33,http://ufcstats.com/fight-details/bc63f1b2e52f603e,http://ufcstats.com/event-details/421ccfc6ddb17958,http://www.ufcstats.com/fighter-details/64a50dad704d1d49,http://www.ufcstats.com/fighter-details/7cbf7c78d3b34218,Drakkar Klose,Lightweight,Decision - Unanimous,3,5:00,http://ufcstats.com/fight-details/bc63f1b2e52f603e,c51ba89947344bee9661ccd1c7c96d7a,2026-09-08 18:54:42.150480+00:00
Iasmin Lucindo,Angela Hill,0,0,72 of 151,64 of 110,47%,58%,100 of 187,80 of 129,3 of 7,0 of 5,42%,0%,0,1,0,0,5:37,1:19,http://ufcstats.com/fight-details/646c79a7ecd12e5f,http://ufcstats.com/event-details/6cd3dfc54f01287f,http://www.ufcstats.com/fighter-details/abcf2cc6efc42031,http://www.ufcstats.com/fighter-details/f0feeb2192937424,Iasmin Lucindo,Women's Strawweight,Decision - Unanimous,3,5:00,http://ufcstats.com/fight-details/646c79a7ecd12e5f,c51ba89947344bee9661ccd1c7c96d7a,2026-09-08 18:54:51.614202+00:00
Neil Magny,Elizeu Zaleski dos Santos,0,0,42 of 67,20 of 42,62%,47%,80 of 113,42 of 69,2 of 3,1 of 5,66%,20%,0,0,0,0,1:19,4:40,http://ufcstats.com/fight-details/ac57250e3de89d5d,http://ufcstats.com/event-details/f2c934689243fe4e,http://www.ufcstats.com/fighter-details/84b3e7d38f2d2ec5,http://www.ufcstats.com/fighter-details/8adcbd525fab8d9b,Neil Magny,Welterweight,KO/TKO,2,4:39,http://ufcstats.com/fight-details/ac57250e3de89d5d,c51ba89947344bee9661ccd1c7c96d7a,2026-09-08 18:55:16.554171+00:00
Max Holloway,Dustin Poirier,1,1,198 of 375,109 of 255,52%,42%,201 of 378,109 of 255,0 of 0,0 of 1,---,0%,0,1,0,0,1:32,0:12,http://ufcstats.com/fight-details/d7507e2741fd4d05,http://ufcstats.com/event-details/b8e2f10efb6eca85,http://www.ufcstats.com/fighter-details/150ff4cc642270b9,http://www.ufcstats.com/fighter-details/029eaff01e6bb8f0,Max Holloway,Lightweight,Decision - Unanimous,5,5:00,http://ufcstats.com/fight-details/d7507e2741fd4d05,c51ba89947344bee9661ccd1c7c96d7a,2026-09-08 18:55:51.957536+00:00
Kevin Holland,Daniel Rodriguez,1,2,82 of 173,77 of 149,47%,51%,111 of 207,111 of 189,1 of 4,0 of 1,25%,0%,0,0,0,0,2:07,3:34,http://ufcstats.com/fight-details/5dde61734080ac4a,http://ufcstats.com/event-details/b8e2f10efb6eca85,http://www.ufcstats.com/fighter-details/3a46b268013afede,http://www.ufcstats.com/fighter-details/8a1f3b5c526cd6e6,Daniel Rodriguez,Welterweight,Decision - Unanimous,3,5:00,http://ufcstats.com/fight-details/5dde61734080ac4a,c51ba89947344bee9661ccd1c7c96d7a,2026-09-08 18:55:55.281314+00:00
Michael Johnson,Daniel Zellhuber,1,0,80 of 195,52 of 182,41%,28%,81 of 196,52 of 182,0 of 1,0 of 0,0%,---,0,0,0,0,0:22,0:08,http://ufcstats.com/fight-details/a95b03e9b5a91e47,http://ufcstats.com/event-details/b8e2f10efb6eca85,http://www.ufcstats.com/fighter-details/511e82663651438d,http://www.ufcstats.com/fighter-details/4148802ae4a50768,Michael Johnson,Lightweight,Decision - Unanimous,3,5:00,http://ufcstats.com/fight-details/a95b03e9b5a91e47,c51ba89947344bee9661ccd1c7c96d7a,2026-09-08 18:55:58.608884+00:00
Derrick Lewis,Tallison Teixeira,1,0,9 of 17,3 of 5,52%,60%,10 of 21,3 of 5,0 of 0,0 of 0,---,---,0,0,0,0,0:12,0:00,http://ufcstats.com/fight-details/0adfc21045c02555,http://ufcstats.com/event-details/7b03d9df5910917d,http://www.ufcstats.com/fighter-details/d3df1add9d9a7efb,http://www.ufcstats.com/fighter-details/17923f676f100e16,Derrick Lewis,Heavyweight,KO/TKO,1,0:35,http://ufcstats.com/fight-details/0adfc21045c02555,c51ba89947344bee9661ccd1c7c96d7a,2026-09-08 18:56:16.649532+00:00
Ilia Topuria,Charles Oliveira,1,0,21 of 29,9 of 16,72%,56%,24 of 32,10 of 18,0 of 0,0 of 2,---,0%,0,0,0,0,1:01,0:21,http://ufcstats.com/fight-details/7a64d63e12618ba7,http://ufcstats.com/event-details/66766984842c13dc,http://www.ufcstats.com/fighter-details/54f64b5e283b0ce7,http://www.ufcstats.com/fighter-details/07225ba28ae309b6,Ilia Topuria,Lightweight,KO/TKO,1,2:27,http://ufcstats.com/fight-details/7a64d63e12618ba7,c51ba89947344bee9661ccd1c7c96d7a,2026-09-08 18:56:36.916778+00:00
Vicente Luque,Kevin Holland,0,0,24 of 46,40 of 74,52%,54%,24 of 46,44 of 78,0 of 1,1 of 1,0%,100%,0,1,0,0,0:00,0:13,http://ufcstats.com/fight-details/2129acab2280bd29,http://ufcstats.com/event-details/18c49685296c60e6,http://www.ufcstats.com/fighter-details/6d4b63c767106d3a,http://www.ufcstats.com/fighter-details/3a46b268013afede,Kevin Holland,Welterweight,Submission,2,1:03,http://ufcstats.com/fight-details/2129acab2280bd29,c51ba89947344bee9661ccd1c7c96d7a,2026-09-08 18:57:48.556906+00:00
Jessica Andrade,Jasmine Jasudavicius,0,0,4 of 8,11 of 18,50%,61%,4 of 8,27 of 37,0 of 0,1 of 2,---,50%,0,1,0,0,0:00,1:12,http://ufcstats.com/fight-details/4db2d86ebe8c8abd,http://ufcstats.com/event-details/118463dd8db16e7f,http://www.ufcstats.com/fighter-details/6a1901c62ab3870f,http://www.ufcstats.com/fighter-details/a9e260472d321361,Jasmine Jasudavicius,Women's Flyweight,Submission,1,2:40,http://ufcstats.com/fight-details/4db2d86ebe8c8abd,c51ba89947344bee9661ccd1c7c96d7a,2026-09-08 18:58:49.665585+00:00
Jeremy Stephens,Mason Jones,0,0,42 of 108,81 of 231,38%,35%,54 of 126,104 of 261,0 of 0,8 of 12,---,66%,0,0,0,0,0:11,6:03,http://ufcstats.com/fight-details/9039959b41901412,http://ufcstats.com/event-details/de20ffb3fc2e7629,http://www.ufcstats.com/fighter-details/18968f97ad34f15c,http://www.ufcstats.com/fighter-details/f6ad6a1e4d600e0d,Mason Jones,Lightweight,Decision - Unanimous,3,5:00,http://ufcstats.com/fight-details/9039959b41901412,c51ba89947344bee9661ccd1c7c96d7a,2026-09-08 18:59:10.035906+00:00
Jim Miller,Chase Hooper,0,0,13 of 35,21 of 44,37%,47%,22 of 45,59 of 94,1 of 1,8 of 14,100%,57%,2,1,0,0,1:39,10:08,http://ufcstats.com/fight-details/11eb27a1ac74d225,http://ufcstats.com/event-details/22f4b6cb6b1bd7fd,http://www.ufcstats.com/fighter-details/d1941565abf50b16,http://www.ufcstats.com/fighter-details/971246648e162f0d,Chase Hooper,Lightweight,Decision - Unanimous,3,5:00,http://ufcstats.com/fight-details/11eb27a1ac74d225,c51ba89947344bee9661ccd1c7c96d7a,2026-09-08 18:59:58.871323+00:00
Darren Elkins,Julian Erosa,0,0,13 of 31,54 of 73,41%,73%,18 of 45,69 of 92,1 of 7,0 of 0,14%,---,0,0,0,0,0:48,0:48,http://ufcstats.com/fight-details/08e7a39eb7482ebf,http://ufcstats.com/event-details/22f4b6cb6b1bd7fd,http://www.ufcstats.com/fighter-details/92a9aa9c93192871,http://www.ufcstats.com/fighter-details/902ec2cc48c8ae8a,Julian Erosa,Featherweight,KO/TKO,1,4:15,http://ufcstats.com/fight-details/08e7a39eb7482ebf,c51ba89947344bee9661ccd1c7c96d7a,2026-09-08 19:00:00.481232+00:00
Brad Tavares,Gerald Meerschaert,0,0,47 of 109,38 of 83,43%,45%,56 of 118,51 of 97,0 of 0,0 of 8,---,0%,0,0,0,0,0:01,4:44,http://ufcstats.com/fight-details/0c80eef2f4570543,http://ufcstats.com/event-details/86b30a86664cb6e4,http://www.ufcstats.com/fighter-details/0c6d9ea8306c029e,http://www.ufcstats.com/fighter-details/6ac9bc2953c47345,Brad Tavares,Middleweight,Decision - Unanimous,3,5:00,http://ufcstats.com/fight-details/0c80eef2f4570543,c51ba89947344bee9661ccd1c7c96d7a,2026-09-08 19:00:15.746838+00:00
Manuel Torres,Drew Dober,1,0,23 of 25,3 of 9,92%,33%,23 of 25,3 of 9,0 of 0,0 of 0,---,---,0,0,0,0,0:10,0:00,http://ufcstats.com/fight-details/8fc8d66ad0074ab0,http://ufcstats.com/event-details/0f7210aa8d61af8d,http://www.ufcstats.com/fighter-details/2e7878927067fdca,http://www.ufcstats.com/fighter-details/519e4fe37ce9ff75,Manuel Torres,Lightweight,KO/TKO,1,1:45,http://ufcstats.com/fight-details/8fc8d66ad0074ab0,c51ba89947344bee9661ccd1c7c96d7a,2026-09-08 19:00:34.221892+00:00
Gunnar Nelson,Kevin Holland,0,1,15 of 24,55 of 89,62%,61%,30 of 44,138 of 178,3 of 10,0 of 1,30%,0%,1,0,0,0,9:29,1:04,http://ufcstats.com/fight-details/96c6be6b22385967,http://ufcstats.com/event-details/cc2ad11b1f9d818b,http://www.ufcstats.com/fighter-details/fd55393021a8c255,http://www.ufcstats.com/fighter-details/3a46b268013afede,Kevin Holland,Welterweight,Decision - Unanimous,3,5:00,http://ufcstats.com/fight-details/96c6be6b22385967,c51ba89947344bee9661ccd1c7c96d7a,2026-09-08 19:00:55.874538+00:00
King Green,Mauricio Ruffy,0,1,4 of 15,4 of 9,26%,44%,4 of 15,4 of 9,0 of 0,0 of 0,---,---,0,0,0,0,0:00,0:03,http://ufcstats.com/fight-details/231968c02cdfe65e,http://ufcstats.com/event-details/ca936c67687789e9,http://www.ufcstats.com/fighter-details/887961364be5ceb3,http://www.ufcstats.com/fighter-details/9c393e836a852f30,Mauricio Ruffy,Lightweight,KO/TKO,1,2:07,http://ufcstats.com/fight-details/231968c02cdfe65e,c51ba89947344bee9661ccd1c7c96d7a,2026-09-08 19:01:44.600798+00:00
Angela Hill,Ketlen Souza,0,0,86 of 158,70 of 138,54%,50%,103 of 176,77 of 146,2 of 6,0 of 2,33%,0%,0,0,0,0,4:31,0:03,http://ufcstats.com/fight-details/f4817d5cbe9be532,http://ufcstats.com/event-details/ce7871949b0ed2bf,http://www.ufcstats.com/fighter-details/f0feeb2192937424,http://www.ufcstats.com/fighter-details/8bd4200561c77a62,Angela Hill,Women's Strawweight,Decision - Split,3,5:00,http://ufcstats.com/fight-details/f4817d5cbe9be532,c51ba89947344bee9661ccd1c7c96d7a,2026-09-08 19:02:44.940462+00:00
Kevin Holland,Reinier de Ridder,0,0,11 of 13,12 of 21,84%,57%,27 of 32,26 of 35,0 of 0,2 of 2,---,100%,0,1,0,0,0:00,3:25,http://ufcstats.com/fight-details/69d63c057aebffaf,http://ufcstats.com/event-details/39f68882def7a507,http://www.ufcstats.com/fighter-details/3a46b268013afede,http://www.ufcstats.com/fighter-details/d549cefc7c54ab78,Reinier de Ridder,Middleweight,Submission,1,3:31,http://ufcstats.com/fight-details/69d63c057aebffaf,c51ba89947344bee9661ccd1c7c96d7a,2026-09-08 19:03:45.428803+00:00
Michael Johnson,Ottman Azaitar,1,0,19 of 50,16 of 56,38%,28%,19 of 50,20 of 61,0 of 1,0 of 0,0%,---,0,0,0,0,0:12,0:00,http://ufcstats.com/fight-details/9c24c03131d5b49a,http://ufcstats.com/event-details/72c9c2eadfc3277e,http://www.ufcstats.com/fighter-details/511e82663651438d,http://www.ufcstats.com/fighter-details/ee18ff42063174df,Michael Johnson,Lightweight,KO/TKO,2,2:03,http://ufcstats.com/fight-details/9c24c03131d5b49a,c51ba89947344bee9661ccd1c7c96d7a,2026-09-08 19:04:36.936704+00:00
Clay Guida,Chase Hooper,0,0,5 of 13,7 of 15,38%,46%,6 of 15,14 of 28,0 of 1,3 of 6,0%,50%,0,1,0,0,0:00,2:08,http://ufcstats.com/fight-details/72b12a837290b327,http://ufcstats.com/event-details/ad23903ef3af7406,http://www.ufcstats.com/fighter-details/c47df9303d318c67,http://www.ufcstats.com/fighter-details/971246648e162f0d,Chase Hooper,Lightweight,Submission,1,3:41,http://ufcstats.com/fight-details/72b12a837290b327,c51ba89947344bee9661ccd1c7c96d7a,2026-09-08 19:05:10.805633+00:00
Charles Oliveira,Michael Chandler,0,0,88 of 122,84 of 113,72%,74%,117 of 153,150 of 181,5 of 12,0 of 1,41%,0%,2,0,0,0,14:52,1:59,http://ufcstats.com/fight-details/4f4189009a190e35,http://ufcstats.com/event-details/daff32bc96d1eabf,http://www.ufcstats.com/fighter-details/07225ba28ae309b6,http://www.ufcstats.com/fighter-details/4b93a88f3b1de35b,Charles Oliveira,Lightweight,Decision - Unanimous,5,5:00,http://ufcstats.com/fight-details/4f4189009a190e35,c51ba89947344bee9661ccd1c7c96d7a,2026-09-08 19:05:38.878515+00:00
Jim Miller,Damon Jackson,0,0,10 of 24,16 of 31,41%,51%,11 of 25,16 of 31,0 of 0,0 of 3,---,0%,1,0,0,0,0:00,0:27,http://ufcstats.com/fight-details/35c8223cc967fe0a,http://ufcstats.com/event-details/daff32bc96d1eabf,http://www.ufcstats.com/fighter-details/d1941565abf50b16,http://www.ufcstats.com/fighter-details/29af297d9f1de0f8,Jim Miller,Lightweight,Submission,1,2:44,http://ufcstats.com/fight-details/35c8223cc967fe0a,c51ba89947344bee9661ccd1c7c96d7a,2026-09-08 19:05:47.275506+00:00
Neil Magny,Carlos Prates,0,2,10 of 20,12 of 21,50%,57%,23 of 33,13 of 22,0 of 7,1 of 1,0%,100%,0,0,0,0,1:31,1:09,http://ufcstats.com/fight-details/73f451d894a1d4ca,http://ufcstats.com/event-details/585f9ffdb0cd0466,http://www.ufcstats.com/fighter-details/84b3e7d38f2d2ec5,http://www.ufcstats.com/fighter-details/7ee0fd831c0fe7c3,Carlos Prates,Welterweight,KO/TKO,1,4:50,http://ufcstats.com/fight-details/73f451d894a1d4ca,c51ba89947344bee9661ccd1c7c96d7a,2026-09-08 19:05:58.071435+00:00
Ilia Topuria,Max Holloway,1,0,75 of 144,79 of 204,52%,38%,78 of 147,84 of 209,2 of 2,0 of 0,100%,---,0,0,0,0,0:45,0:00,http://ufcstats.com/fight-details/ebf7cea27b83c432,http://ufcstats.com/event-details/221b2a3070c7ce3e,http://www.ufcstats.com/fighter-details/54f64b5e283b0ce7,http://www.ufcstats.com/fighter-details/150ff4cc642270b9,Ilia Topuria,Featherweight,KO/TKO,3,1:34,http://ufcstats.com/fight-details/ebf7cea27b83c432,c51ba89947344bee9661ccd1c7c96d7a,2026-09-08 19:06:39.266609+00:00
Geoff Neal,Rafael Dos Anjos,1,0,18 of 30,4 of 13,60%,30%,21 of 34,4 of 13,1 of 1,0 of 0,100%,---,0,0,0,0,0:27,0:00,http://ufcstats.com/fight-details/1d65c141776949d6,http://ufcstats.com/event-details/221b2a3070c7ce3e,http://www.ufcstats.com/fighter-details/b997be68943010fc,http://www.ufcstats.com/fighter-details/6a2f7c151031653d,Geoff Neal,Welterweight,KO/TKO,1,1:30,http://ufcstats.com/fight-details/1d65c141776949d6,c51ba89947344bee9661ccd1c7c96d7a,2026-09-08 19:06:48.550222+00:00
Darren Elkins,Daniel Pineda,0,0,39 of 88,31 of 53,44%,58%,102 of 170,61 of 85,3 of 12,0 of 0,25%,---,0,2,1,1,6:33,3:02,http://ufcstats.com/fight-details/0599f35e6679de02,http://ufcstats.com/event-details/6a0047ac8c99fece,http://www.ufcstats.com/fighter-details/92a9aa9c93192871,http://www.ufcstats.com/fighter-details/361d49960a196976,Darren Elkins,Featherweight,Decision - Unanimous,3,5:00,http://ufcstats.com/fight-details/0599f35e6679de02,c51ba89947344bee9661ccd1c7c96d7a,2026-09-08 19:07:09.020223+00:00
Brad Tavares,JunYong Park,0,0,65 of 149,99 of 177,43%,55%,73 of 159,124 of 210,0 of 0,2 of 6,---,33%,0,0,0,0,0:42,6:32,http://ufcstats.com/fight-details/6fa2dae90bda4742,http://ufcstats.com/event-details/5bdcbd8dd681a257,http://www.ufcstats.com/fighter-details/0c6d9ea8306c029e,http://www.ufcstats.com/fighter-details/285ae0b4a68221f4,JunYong Park,Middleweight,Decision - Split,3,5:00,http://ufcstats.com/fight-details/6fa2dae90bda4742,c51ba89947344bee9661ccd1c7c96d7a,2026-09-08 19:07:23.597919+00:00
Roman Dolidze,Kevin Holland,0,0,19 of 33,18 of 28,57%,64%,57 of 101,36 of 46,1 of 1,0 of 0,100%,---,0,0,0,0,2:50,0:00,http://ufcstats.com/fight-details/5931cd9cf5da5f75,http://ufcstats.com/event-details/eee8efec7b951d84,http://www.ufcstats.com/fighter-details/327d5f279895110d,http://www.ufcstats.com/fighter-details/3a46b268013afede,Roman Dolidze,Middleweight,KO/TKO,1,5:00,http://ufcstats.com/fight-details/5931cd9cf5da5f75,c51ba89947344bee9661ccd1c7c96d7a,2026-09-08 19:07:47.432637+00:00
Ryan Spann,Ovince Saint Preux,0,0,9 of 20,7 of 10,45%,70%,9 of 20,7 of 10,0 of 0,0 of 1,---,0%,1,0,0,0,0:03,0:03,http://ufcstats.com/fight-details/58dec0a39cdefa3f,http://ufcstats.com/event-details/eee8efec7b951d84,http://www.ufcstats.com/fighter-details/a67f5afa8d6a1b80,http://www.ufcstats.com/fighter-details/50db8711c70196cd,Ryan Spann,Light Heavyweight,Submission,1,1:35,http://ufcstats.com/fight-details/58dec0a39cdefa3f,c51ba89947344bee9661ccd1c7c96d7a,2026-09-08 19:07:57.293505+00:00
Court McGee,Tim Means,0,0,14 of 24,5 of 13,58%,38%,19 of 35,12 of 20,1 of 1,0 of 0,100%,---,1,0,0,0,1:58,0:00,http://ufcstats.com/fight-details/84b3577229880760,http://ufcstats.com/event-details/eee8efec7b951d84,http://www.ufcstats.com/fighter-details/523fa774700d7d3f,http://www.ufcstats.com/fighter-details/4b47e71384a9522f,Court McGee,Welterweight,Submission,1,3:19,http://ufcstats.com/fight-details/84b3577229880760,c51ba89947344bee9661ccd1c7c96d7a,2026-09-08 19:08:01.838176+00:00
Jessica Andrade,Natalia Silva,0,0,50 of 140,117 of 208,35%,56%,62 of 153,119 of 211,0 of 1,0 of 1,0%,0%,0,0,0,0,2:11,0:49,http://ufcstats.com/fight-details/bcfaf1dd78f12f97,http://ufcstats.com/event-details/ee0b69e307c857e5,http://www.ufcstats.com/fighter-details/6a1901c62ab3870f,http://www.ufcstats.com/fighter-details/262d32ebda89efc4,Natalia Silva,Women's Flyweight,Decision - Unanimous,3,5:00,http://ufcstats.com/fight-details/bcfaf1dd78f12f97,c51ba89947344bee9661ccd1c7c96d7a,2026-09-08 19:08:48.081184+00:00
Angela Hill,Tabatha Ricci,0,0,112 of 216,101 of 239,51%,42%,140 of 245,140 of 280,0 of 2,3 of 4,0%,75%,0,0,0,0,0:10,5:04,http://ufcstats.com/fight-details/70afe9e0d2422252,http://ufcstats.com/event-details/be8ad887e4d674b0,http://www.ufcstats.com/fighter-details/f0feeb2192937424,http://www.ufcstats.com/fighter-details/d25240135aee03e5,Tabatha Ricci,Women's Strawweight,Decision - Unanimous,3,5:00,http://ufcstats.com/fight-details/70afe9e0d2422252,c51ba89947344bee9661ccd1c7c96d7a,2026-09-08 19:09:10.194068+00:00
Neil Magny,Michael Morales,0,1,5 of 11,34 of 40,45%,85%,13 of 19,39 of 45,0 of 2,0 of 0,0%,---,0,0,0,0,2:05,1:16,http://ufcstats.com/fight-details/ae50a1a655b1a8f6,http://ufcstats.com/event-details/be8ad887e4d674b0,http://www.ufcstats.com/fighter-details/84b3e7d38f2d2ec5,http://www.ufcstats.com/fighter-details/c32aeb1a59e6272d,Michael Morales,Welterweight,KO/TKO,1,4:39,http://ufcstats.com/fight-details/ae50a1a655b1a8f6,c51ba89947344bee9661ccd1c7c96d7a,2026-09-08 19:09:14.604870+00:00
King Green,Paddy Pimblett,0,0,15 of 21,8 of 13,71%,61%,15 of 21,10 of 16,1 of 1,0 of 0,100%,---,0,2,0,0,0:34,0:00,http://ufcstats.com/fight-details/3e2bde19e752f64b,http://ufcstats.com/event-details/026b4f7049085842,http://www.ufcstats.com/fighter-details/887961364be5ceb3,http://www.ufcstats.com/fighter-details/7826923b47f8d72a,Paddy Pimblett,Lightweight,Submission,1,3:22,http://ufcstats.com/fight-details/3e2bde19e752f64b,c51ba89947344bee9661ccd1c7c96d7a,2026-09-08 19:10:31.769926+00:00
Drew Dober,Jean Silva,0,0,59 of 147,53 of 109,40%,48%,59 of 148,53 of 109,0 of 4,0 of 0,0%,---,0,0,0,0,0:30,0:00,http://ufcstats.com/fight-details/54de03e04f571735,http://ufcstats.com/event-details/66e0a70352fef46a,http://www.ufcstats.com/fighter-details/519e4fe37ce9ff75,http://www.ufcstats.com/fighter-details/52ef95b5860fb28c,Jean Silva,Lightweight,TKO - Doctor's Stoppage,3,1:28,http://ufcstats.com/fight-details/54de03e04f571735,c51ba89947344bee9661ccd1c7c96d7a,2026-09-08 19:11:16.380866+00:00
Andrei Arlovski,Martin Buday,0,0,74 of 119,54 of 84,62%,64%,98 of 147,165 of 199,0 of 1,0 of 0,0%,---,0,0,0,0,4:58,2:40,http://ufcstats.com/fight-details/3bbc222130d9dac7,http://ufcstats.com/event-details/f3743d8ef5dde970,http://www.ufcstats.com/fighter-details/3738e68d2261e60f,http://www.ufcstats.com/fighter-details/8eb046f83e82bf26,Martin Buday,Heavyweight,Decision - Split,3,5:00,http://ufcstats.com/fight-details/3bbc222130d9dac7,c51ba89947344bee9661ccd1c7c96d7a,2026-09-08 19:11:51.033568+00:00
Islam Makhachev,Dustin Poirier,0,0,88 of 156,74 of 183,56%,40%,147 of 222,104 of 218,5 of 16,0 of 0,31%,---,2,0,0,0,10:23,0:30,http://ufcstats.com/fight-details/1a0031e2072f21b6,http://ufcstats.com/event-details/6e4acc2c115215b5,http://www.ufcstats.com/fighter-details/275aca31f61ba28c,http://www.ufcstats.com/fighter-details/029eaff01e6bb8f0,Islam Makhachev,Lightweight,Submission,5,2:42,http://ufcstats.com/fight-details/1a0031e2072f21b6,c51ba89947344bee9661ccd1c7c96d7a,2026-09-08 19:13:00.016896+00:00
Kevin Holland,Michal Oleksiejczuk,0,0,8 of 17,8 of 18,47%,44%,8 of 17,9 of 19,0 of 0,0 of 0,---,---,1,0,0,0,0:16,0:31,http://ufcstats.com/fight-details/605c16fa5a803b15,http://ufcstats.com/event-details/6e4acc2c115215b5,http://www.ufcstats.com/fighter-details/3a46b268013afede,http://www.ufcstats.com/fighter-details/0d65c432720accb9,Kevin Holland,Middleweight,Submission,1,1:34,http://ufcstats.com/fight-details/605c16fa5a803b15,c51ba89947344bee9661ccd1c7c96d7a,2026-09-08 19:13:04.479700+00:00
Edson Barboza,Lerone Murphy,0,0,79 of 242,220 of 364,32%,60%,79 of 242,259 of 410,0 of 0,4 of 6,---,66%,0,0,0,0,0:17,5:19,http://ufcstats.com/fight-details/17aa636aa98678d3,http://ufcstats.com/event-details/46baf0f57edfa4df,http://www.ufcstats.com/fighter-details/64a50dad704d1d49,http://www.ufcstats.com/fighter-details/396fe87b84ac2e1c,Lerone Murphy,Featherweight,Decision - Unanimous,5,5:00,http://ufcstats.com/fight-details/17aa636aa98678d3,c51ba89947344bee9661ccd1c7c96d7a,2026-09-08 19:13:22.045178+00:00
Luana Pinheiro,Angela Hill,0,0,17 of 60,28 of 79,28%,35%,25 of 77,39 of 91,1 of 7,2 of 6,14%,33%,0,1,0,1,0:04,3:06,http://ufcstats.com/fight-details/2a43df4cc047a28b,http://ufcstats.com/event-details/46baf0f57edfa4df,http://www.ufcstats.com/fighter-details/a3a542074109b347,http://www.ufcstats.com/fighter-details/f0feeb2192937424,Angela Hill,Women's Strawweight,Submission,2,4:12,http://ufcstats.com/fight-details/2a43df4cc047a28b,c51ba89947344bee9661ccd1c7c96d7a,2026-09-08 19:13:28.448428+00:00
Derrick Lewis,Rodrigo Nascimento,1,0,41 of 75,27 of 41,54%,65%,47 of 81,72 of 92,1 of 4,1 of 1,25%,100%,0,0,1,0,3:23,4:46,http://ufcstats.com/fight-details/6f0f84075fa1a4b0,http://ufcstats.com/event-details/5dfe71ade71f3a4b,http://www.ufcstats.com/fighter-details/d3df1add9d9a7efb,http://www.ufcstats.com/fighter-details/d31a5546c0e9b213,Derrick Lewis,Heavyweight,KO/TKO,3,0:49,http://ufcstats.com/fight-details/6f0f84075fa1a4b0,c51ba89947344bee9661ccd1c7c96d7a,2026-09-08 19:13:42.879060+00:00
Alex Caceres,Sean Woodson,0,0,82 of 197,101 of 226,41%,44%,85 of 200,101 of 226,0 of 0,0 of 0,---,---,0,0,0,0,0:12,0:00,http://ufcstats.com/fight-details/8aa07b6cc40f0cb2,http://ufcstats.com/event-details/5dfe71ade71f3a4b,http://www.ufcstats.com/fighter-details/7aa3d6964eff4877,http://www.ufcstats.com/fighter-details/4682bc59d5f55145,Sean Woodson,Featherweight,Decision - Unanimous,3,5:00,http://ufcstats.com/fight-details/8aa07b6cc40f0cb2,c51ba89947344bee9661ccd1c7c96d7a,2026-09-08 19:13:49.284181+00:00
Tim Means,Uros Medic,0,1,7 of 17,7 of 12,41%,58%,10 of 21,11 of 16,0 of 3,0 of 1,0%,0%,0,0,0,0,1:18,0:04,http://ufcstats.com/fight-details/6ea77cb62aa2f276,http://ufcstats.com/event-details/a16ce18149021139,http://www.ufcstats.com/fighter-details/4b47e71384a9522f,http://www.ufcstats.com/fighter-details/681399317dbf4701,Uros Medic,Welterweight,KO/TKO,1,2:09,http://ufcstats.com/fight-details/6ea77cb62aa2f276,c51ba89947344bee9661ccd1c7c96d7a,2026-09-08 19:14:35.554379+00:00
Justin Gaethje,Max Holloway,0,1,103 of 199,181 of 309,51%,58%,103 of 199,181 of 309,0 of 0,0 of 0,---,---,0,0,0,0,0:00,0:00,http://ufcstats.com/fight-details/cf5e8f98159c3971,http://ufcstats.com/event-details/6750e338922a099d,http://www.ufcstats.com/fighter-details/9e8f6c728eb01124,http://www.ufcstats.com/fighter-details/150ff4cc642270b9,Max Holloway,Lightweight,KO/TKO,5,4:59,http://ufcstats.com/fight-details/cf5e8f98159c3971,c51ba89947344bee9661ccd1c7c96d7a,2026-09-08 19:14:52.859088+00:00
Charles Oliveira,Arman Tsarukyan,0,0,19 of 37,49 of 83,51%,59%,33 of 53,75 of 117,0 of 0,2 of 4,---,50%,4,0,1,1,2:32,8:41,http://ufcstats.com/fight-details/01f7c28804746979,http://ufcstats.com/event-details/6750e338922a099d,http://www.ufcstats.com/fighter-details/07225ba28ae309b6,http://www.ufcstats.com/fighter-details/eae48ff31db420c2,Arman Tsarukyan,Lightweight,Decision - Split,3,5:00,http://ufcstats.com/fight-details/01f7c28804746979,c51ba89947344bee9661ccd1c7c96d7a,2026-09-08 19:14:54.558620+00:00
Jessica Andrade,Marina Rodriguez,0,0,89 of 180,82 of 228,49%,35%,124 of 220,94 of 241,1 of 1,0 of 0,100%,---,0,1,0,0,3:53,0:00,http://ufcstats.com/fight-details/603afedc31d95999,http://ufcstats.com/event-details/6750e338922a099d,http://www.ufcstats.com/fighter-details/6a1901c62ab3870f,http://www.ufcstats.com/fighter-details/cd2c4d30c6e13b47,Jessica Andrade,Women's Strawweight,Decision - Split,3,5:00,http://ufcstats.com/fight-details/603afedc31d95999,c51ba89947344bee9661ccd1c7c96d7a,2026-09-08 19:15:07.401677+00:00
King Green,Jim Miller,1,0,186 of 319,57 of 144,58%,39%,187 of 320,58 of 145,1 of 1,0 of 0,100%,---,0,0,0,0,0:54,0:01,http://ufcstats.com/fight-details/efdad54c8550e6e0,http://ufcstats.com/event-details/6750e338922a099d,http://www.ufcstats.com/fighter-details/887961364be5ceb3,http://www.ufcstats.com/fighter-details/d1941565abf50b16,King Green,Lightweight,Decision - Unanimous,3,5:00,http://ufcstats.com/fight-details/efdad54c8550e6e0,c51ba89947344bee9661ccd1c7c96d7a,2026-09-08 19:15:08.968076+00:00
Ovince Saint Preux,Kennedy Nzechukwu,1,0,143 of 276,106 of 250,51%,42%,143 of 276,106 of 250,0 of 2,0 of 1,0%,0%,0,0,0,0,0:06,0:08,http://ufcstats.com/fight-details/35f9beb94b4ef9e2,http://ufcstats.com/event-details/c398235fcaf8d71d,http://www.ufcstats.com/fighter-details/50db8711c70196cd,http://www.ufcstats.com/fighter-details/8667caa0451d245b,Ovince Saint Preux,Light Heavyweight,Decision - Split,3,5:00,http://ufcstats.com/fight-details/35f9beb94b4ef9e2,c51ba89947344bee9661ccd1c7c96d7a,2026-09-08 19:16:24.113739+00:00
Dustin Poirier,Benoit Saint Denis,1,0,28 of 34,50 of 74,82%,67%,30 of 37,69 of 97,0 of 1,3 of 7,0%,42%,4,1,0,0,0:31,4:53,http://ufcstats.com/fight-details/6e73ebbd089aff5e,http://ufcstats.com/event-details/a9df5ae20a97b090,http://www.ufcstats.com/fighter-details/029eaff01e6bb8f0,http://www.ufcstats.com/fighter-details/c2299ec916bc7c56,Dustin Poirier,Lightweight,KO/TKO,2,2:32,http://ufcstats.com/fight-details/6e73ebbd089aff5e,c51ba89947344bee9661ccd1c7c96d7a,2026-09-08 19:16:45.450473+00:00
Kevin Holland,Michael Page,0,0,29 of 61,41 of 62,47%,66%,64 of 99,59 of 81,2 of 5,0 of 3,40%,0%,1,0,0,0,4:22,1:26,http://ufcstats.com/fight-details/270edfb687c0d20c,http://ufcstats.com/event-details/a9df5ae20a97b090,http://www.ufcstats.com/fighter-details/3a46b268013afede,http://www.ufcstats.com/fighter-details/a67d071163962af8,Michael Page,Welterweight,Decision - Unanimous,3,5:00,http://ufcstats.com/fight-details/270edfb687c0d20c,c51ba89947344bee9661ccd1c7c96d7a,2026-09-08 19:16:47.128305+00:00
Mateusz Gamrot,Rafael Dos Anjos,0,1,57 of 102,36 of 78,55%,46%,111 of 163,39 of 82,11 of 19,0 of 0,57%,---,0,0,0,0,7:01,0:11,http://ufcstats.com/fight-details/8baff440b82afd2b,http://ufcstats.com/event-details/a9df5ae20a97b090,http://www.ufcstats.com/fighter-details/72db2a14ffa73ece,http://www.ufcstats.com/fighter-details/6a2f7c151031653d,Mateusz Gamrot,Lightweight,Decision - Unanimous,3,5:00,http://ufcstats.com/fight-details/8baff440b82afd2b,c51ba89947344bee9661ccd1c7c96d7a,2026-09-08 19:16:55.538351+00:00
Brad Tavares,Gregory Rodrigues,0,0,37 of 84,71 of 123,44%,57%,42 of 90,79 of 135,0 of 0,2 of 6,---,33%,0,0,0,0,0:00,3:18,http://ufcstats.com/fight-details/e7938bac3ec8b442,http://ufcstats.com/event-details/eaea0fc7b76525a8,http://www.ufcstats.com/fighter-details/0c6d9ea8306c029e,http://www.ufcstats.com/fighter-details/d1c65d2cf2925ddd,Gregory Rodrigues,Middleweight,KO/TKO,3,0:55,http://ufcstats.com/fight-details/e7938bac3ec8b442,c51ba89947344bee9661ccd1c7c96d7a,2026-09-08 19:18:16.762247+00:00
Michael Johnson,Darrius Flowers,0,0,61 of 112,33 of 64,54%,51%,80 of 138,52 of 86,4 of 8,0 of 2,50%,0%,0,0,0,0,6:02,0:43,http://ufcstats.com/fight-details/5304956aada097e8,http://ufcstats.com/event-details/eaea0fc7b76525a8,http://www.ufcstats.com/fighter-details/511e82663651438d,http://www.ufcstats.com/fighter-details/65db4065e2bc107d,Michael Johnson,Lightweight,Decision - Unanimous,3,5:00,http://ufcstats.com/fight-details/5304956aada097e8,c51ba89947344bee9661ccd1c7c96d7a,2026-09-08 19:18:18.433714+00:00
Renato Moicano,Drew Dober,0,0,23 of 42,23 of 59,54%,38%,142 of 177,36 of 73,3 of 6,1 of 2,50%,50%,0,0,0,0,10:33,1:02,http://ufcstats.com/fight-details/733e675fd7c0052a,http://ufcstats.com/event-details/cce79e827569f26e,http://www.ufcstats.com/fighter-details/b6452706b373eea1,http://www.ufcstats.com/fighter-details/519e4fe37ce9ff75,Renato Moicano,Lightweight,Decision - Unanimous,3,5:00,http://ufcstats.com/fight-details/733e675fd7c0052a,c51ba89947344bee9661ccd1c7c96d7a,2026-09-08 19:18:38.346361+00:00
Neil Magny,Mike Malott,0,0,57 of 102,45 of 67,55%,67%,110 of 159,100 of 128,1 of 2,4 of 6,50%,66%,0,0,0,0,1:47,6:02,http://ufcstats.com/fight-details/97817609ed46baa0,http://ufcstats.com/event-details/bd85ca0bb4f26cfc,http://www.ufcstats.com/fighter-details/84b3e7d38f2d2ec5,http://www.ufcstats.com/fighter-details/dd6103dd7127db1d,Neil Magny,Welterweight,KO/TKO,3,4:45,http://ufcstats.com/fight-details/97817609ed46baa0,c51ba89947344bee9661ccd1c7c96d7a,2026-09-08 19:19:04.253987+00:00
Jim Miller,Gabriel Benitez,0,0,80 of 140,80 of 182,57%,43%,96 of 157,84 of 188,2 of 2,0 of 0,100%,---,1,0,0,0,3:55,0:01,http://ufcstats.com/fight-details/640f2ae3995b3b4f,http://ufcstats.com/event-details/010986ee359fb863,http://www.ufcstats.com/fighter-details/d1941565abf50b16,http://www.ufcstats.com/fighter-details/436f970c9ea9169c,Jim Miller,Lightweight,Submission,3,3:25,http://ufcstats.com/fight-details/640f2ae3995b3b4f,c51ba89947344bee9661ccd1c7c96d7a,2026-09-08 19:19:23.290377+00:00
Andrei Arlovski,Waldo Cortes Acosta,0,0,58 of 127,49 of 136,45%,36%,58 of 127,50 of 137,0 of 0,0 of 0,---,---,0,0,0,0,0:00,0:00,http://ufcstats.com/fight-details/6f13fe34cb3ca906,http://ufcstats.com/event-details/010986ee359fb863,http://www.ufcstats.com/fighter-details/3738e68d2261e60f,http://www.ufcstats.com/fighter-details/fc08099550072fe4,Waldo Cortes Acosta,Heavyweight,Decision - Unanimous,3,5:00,http://ufcstats.com/fight-details/6f13fe34cb3ca906,c51ba89947344bee9661ccd1c7c96d7a,2026-09-08 19:19:28.361604+00:00
Jalin Turner,King Green,1,0,33 of 60,15 of 26,55%,57%,33 of 60,15 of 26,0 of 0,0 of 0,---,---,0,0,0,0,0:12,0:02,http://ufcstats.com/fight-details/03eecf1926d9c77c,http://ufcstats.com/event-details/53e4e21f4c688801,http://www.ufcstats.com/fighter-details/4d8fa64202cee4c1,http://www.ufcstats.com/fighter-details/887961364be5ceb3,Jalin Turner,Lightweight,KO/TKO,1,2:49,http://ufcstats.com/fight-details/03eecf1926d9c77c,c51ba89947344bee9661ccd1c7c96d7a,2026-09-08 19:20:23.558391+00:00
Clay Guida,Joaquim Silva,0,0,43 of 134,46 of 91,32%,50%,63 of 155,85 of 141,2 of 11,2 of 3,18%,66%,0,2,0,0,4:23,2:35,http://ufcstats.com/fight-details/20bfa549cb2cabe7,http://ufcstats.com/event-details/53e4e21f4c688801,http://www.ufcstats.com/fighter-details/c47df9303d318c67,http://www.ufcstats.com/fighter-details/ae7fe94f117f98cf,Joaquim Silva,Lightweight,Decision - Unanimous,3,5:00,http://ufcstats.com/fight-details/20bfa549cb2cabe7,c51ba89947344bee9661ccd1c7c96d7a,2026-09-08 19:20:28.463193+00:00
Jessica Andrade,Mackenzie Dern,4,0,53 of 107,49 of 114,49%,42%,53 of 107,50 of 115,0 of 0,0 of 4,---,0%,0,0,0,0,0:13,0:00,http://ufcstats.com/fight-details/6fd67582d8adb1c7,http://ufcstats.com/event-details/5a558ba1ff5e9121,http://www.ufcstats.com/fighter-details/6a1901c62ab3870f,http://www.ufcstats.com/fighter-details/7447e9f28508106a,Jessica Andrade,Women's Strawweight,KO/TKO,2,3:15,http://ufcstats.com/fight-details/6fd67582d8adb1c7,c51ba89947344bee9661ccd1c7c96d7a,2026-09-08 19:21:12.315952+00:00
Jailton Almeida,Derrick Lewis,0,0,38 of 56,20 of 39,67%,51%,120 of 153,28 of 54,6 of 15,0 of 2,40%,0%,4,0,1,0,21:10,0:57,http://ufcstats.com/fight-details/ac37849f627a79c4,http://ufcstats.com/event-details/7c4ec656d8fcb867,http://www.ufcstats.com/fighter-details/41e83a89929d1327,http://www.ufcstats.com/fighter-details/d3df1add9d9a7efb,Jailton Almeida,Heavyweight,Decision - Unanimous,5,5:00,http://ufcstats.com/fight-details/ac37849f627a79c4,c51ba89947344bee9661ccd1c7c96d7a,2026-09-08 19:21:31.213599+00:00
Angela Hill,Denise Gomes,0,0,76 of 120,62 of 133,63%,46%,96 of 153,111 of 203,5 of 9,1 of 3,55%,33%,0,0,1,1,8:03,1:03,http://ufcstats.com/fight-details/7df5998eca143c04,http://ufcstats.com/event-details/7c4ec656d8fcb867,http://www.ufcstats.com/fighter-details/f0feeb2192937424,http://www.ufcstats.com/fighter-details/cffb87059e645bd1,Angela Hill,Women's Strawweight,Decision - Unanimous,3,5:00,http://ufcstats.com/fight-details/7df5998eca143c04,c51ba89947344bee9661ccd1c7c96d7a,2026-09-08 19:21:42.773417+00:00
Sodiq Yusuff,Edson Barboza,1,1,178 of 351,164 of 324,50%,50%,206 of 397,178 of 347,1 of 2,3 of 4,50%,75%,0,0,0,0,3:56,3:04,http://ufcstats.com/fight-details/824859c7580eb35b,http://ufcstats.com/event-details/f3a078277b3b8ff4,http://www.ufcstats.com/fighter-details/94426bb170c88115,http://www.ufcstats.com/fighter-details/64a50dad704d1d49,Edson Barboza,Featherweight,Decision - Unanimous,5,5:00,http://ufcstats.com/fight-details/824859c7580eb35b,c51ba89947344bee9661ccd1c7c96d7a,2026-09-08 19:22:12.705266+00:00
Darren Elkins,TJ Brown,0,0,11 of 33,15 of 50,33%,30%,95 of 146,45 of 86,5 of 8,2 of 2,62%,100%,2,0,1,1,8:09,1:29,http://ufcstats.com/fight-details/3a8af8ee23444b72,http://ufcstats.com/event-details/f3a078277b3b8ff4,http://www.ufcstats.com/fighter-details/92a9aa9c93192871,http://www.ufcstats.com/fighter-details/d31cbcdd7d69536d,Darren Elkins,Featherweight,Submission,3,2:23,http://ufcstats.com/fight-details/3a8af8ee23444b72,c51ba89947344bee9661ccd1c7c96d7a,2026-09-08 19:22:20.894608+00:00
Grant Dawson,King Green,0,1,0 of 6,7 of 11,0%,63%,0 of 6,7 of 11,0 of 0,0 of 0,---,---,0,0,0,0,0:00,0:05,http://ufcstats.com/fight-details/1aa4c2fa5ffaff00,http://ufcstats.com/event-details/c8a49ff2acb6f3c5,http://www.ufcstats.com/fighter-details/99bd51917728c25d,http://www.ufcstats.com/fighter-details/887961364be5ceb3,King Green,Lightweight,KO/TKO,1,0:33,http://ufcstats.com/fight-details/1aa4c2fa5ffaff00,c51ba89947344bee9661ccd1c7c96d7a,2026-09-08 19:22:31.994601+00:00
Drew Dober,Ricky Glenn,1,0,30 of 53,5 of 22,56%,22%,30 of 53,5 of 22,0 of 0,0 of 1,---,0%,0,0,0,0,0:31,0:00,http://ufcstats.com/fight-details/68095e551ff6bbfd,http://ufcstats.com/event-details/c8a49ff2acb6f3c5,http://www.ufcstats.com/fighter-details/519e4fe37ce9ff75,http://www.ufcstats.com/fighter-details/814ff3018127e8fc,Drew Dober,Lightweight,KO/TKO,1,2:36,http://ufcstats.com/fight-details/68095e551ff6bbfd,c51ba89947344bee9661ccd1c7c96d7a,2026-09-08 19:22:37.106103+00:00
Tim Means,Andre Fialho,2,0,104 of 143,51 of 103,72%,49%,134 of 178,56 of 110,0 of 2,1 of 1,0%,100%,0,0,1,0,2:51,0:48,http://ufcstats.com/fight-details/b3c7a5a97978d156,http://ufcstats.com/event-details/c945adc22c2bfe8f,http://www.ufcstats.com/fighter-details/4b47e71384a9522f,http://www.ufcstats.com/fighter-details/33efaf2d0941cfcf,Tim Means,Welterweight,KO/TKO,3,1:15,http://ufcstats.com/fight-details/b3c7a5a97978d156,c51ba89947344bee9661ccd1c7c96d7a,2026-09-08 19:23:00.985896+00:00
Kevin Holland,Jack Della Maddalena,0,0,127 of 356,105 of 190,35%,55%,127 of 356,105 of 190,0 of 2,0 of 0,0%,---,0,0,0,0,0:00,0:00,http://ufcstats.com/fight-details/697efaf0d162e877,http://ufcstats.com/event-details/8fa2b06572365321,http://www.ufcstats.com/fighter-details/3a46b268013afede,http://www.ufcstats.com/fighter-details/6b453bc35a823c3f,Jack Della Maddalena,Welterweight,Decision - Split,3,5:00,http://ufcstats.com/fight-details/697efaf0d162e877,c51ba89947344bee9661ccd1c7c96d7a,2026-09-08 19:23:12.448353+00:00
Max Holloway,Chan Sung Jung,2,0,75 of 128,34 of 124,58%,27%,75 of 128,35 of 126,0 of 0,0 of 1,---,0%,1,0,0,0,0:57,0:15,http://ufcstats.com/fight-details/96704d7ba3a452d9,http://ufcstats.com/event-details/89a407032911e27e,http://www.ufcstats.com/fighter-details/150ff4cc642270b9,http://www.ufcstats.com/fighter-details/c451d67c09c55418,Max Holloway,Featherweight,KO/TKO,3,0:23,http://ufcstats.com/fight-details/96704d7ba3a452d9,c51ba89947344bee9661ccd1c7c96d7a,2026-09-08 19:24:11.117573+00:00
Giga Chikadze,Alex Caceres,0,0,65 of 141,62 of 168,46%,36%,65 of 141,62 of 168,0 of 0,0 of 0,---,---,0,0,0,0,0:00,0:00,http://ufcstats.com/fight-details/dd617f6ab4916ec4,http://ufcstats.com/event-details/89a407032911e27e,http://www.ufcstats.com/fighter-details/9560ff14eb3129f7,http://www.ufcstats.com/fighter-details/7aa3d6964eff4877,Giga Chikadze,Featherweight,Decision - Unanimous,3,5:00,http://ufcstats.com/fight-details/dd617f6ab4916ec4,c51ba89947344bee9661ccd1c7c96d7a,2026-09-08 19:24:14.665533+00:00
Neil Magny,Ian Machado Garry,0,0,27 of 66,91 of 150,40%,60%,51 of 93,111 of 171,0 of 2,2 of 2,0%,100%,0,0,0,0,1:10,2:32,http://ufcstats.com/fight-details/78d2c01dc963f204,http://ufcstats.com/event-details/2719f300b0439039,http://www.ufcstats.com/fighter-details/84b3e7d38f2d2ec5,http://www.ufcstats.com/fighter-details/442c9011034ae1fd,Ian Machado Garry,Welterweight,Decision - Unanimous,3,5:00,http://ufcstats.com/fight-details/78d2c01dc963f204,c51ba89947344bee9661ccd1c7c96d7a,2026-09-08 19:24:36.557639+00:00
Chris Weidman,Brad Tavares,0,0,37 of 92,70 of 115,40%,60%,39 of 94,71 of 116,0 of 8,0 of 0,0%,---,0,0,0,0,1:21,0:00,http://ufcstats.com/fight-details/1a95cc401f68f4c8,http://ufcstats.com/event-details/2719f300b0439039,http://www.ufcstats.com/fighter-details/3a8176e15b9887c1,http://www.ufcstats.com/fighter-details/0c6d9ea8306c029e,Brad Tavares,Middleweight,Decision - Unanimous,3,5:00,http://ufcstats.com/fight-details/1a95cc401f68f4c8,c51ba89947344bee9661ccd1c7c96d7a,2026-09-08 19:24:41.741348+00:00
Vicente Luque,Rafael Dos Anjos,0,0,72 of 141,66 of 136,51%,48%,138 of 221,94 of 170,8 of 11,2 of 7,72%,28%,0,1,0,0,12:01,3:54,http://ufcstats.com/fight-details/e346f2b7af63e804,http://ufcstats.com/event-details/d2fa318f34d0aadc,http://www.ufcstats.com/fighter-details/6d4b63c767106d3a,http://www.ufcstats.com/fighter-details/6a2f7c151031653d,Vicente Luque,Welterweight,Decision - Unanimous,5,5:00,http://ufcstats.com/fight-details/e346f2b7af63e804,c51ba89947344bee9661ccd1c7c96d7a,2026-09-08 19:24:54.426588+00:00
Jessica Andrade,Tatiana Suarez,0,0,11 of 29,23 of 49,37%,46%,13 of 31,25 of 51,0 of 0,3 of 3,---,100%,0,1,0,0,0:17,2:22,http://ufcstats.com/fight-details/ec2358459ffbe7de,http://ufcstats.com/event-details/6f81b6de2557739a,http://www.ufcstats.com/fighter-details/6a1901c62ab3870f,http://www.ufcstats.com/fighter-details/b08012bbe542592a,Tatiana Suarez,Women's Strawweight,Submission,2,1:31,http://ufcstats.com/fight-details/ec2358459ffbe7de,c51ba89947344bee9661ccd1c7c96d7a,2026-09-08 19:25:20.161467+00:00
Dustin Poirier,Justin Gaethje,0,1,27 of 52,41 of 66,51%,62%,27 of 52,41 of 66,0 of 0,0 of 0,---,---,0,0,0,0,0:00,0:01,http://ufcstats.com/fight-details/c27e33ee8ef53866,http://ufcstats.com/event-details/ccd58ff71e260ed5,http://www.ufcstats.com/fighter-details/029eaff01e6bb8f0,http://www.ufcstats.com/fighter-details/9e8f6c728eb01124,Justin Gaethje,Lightweight,KO/TKO,2,1:00,http://ufcstats.com/fight-details/c27e33ee8ef53866,c51ba89947344bee9661ccd1c7c96d7a,2026-09-08 19:25:38.992747+00:00
Derrick Lewis,Marcos Rogerio de Lima,1,0,17 of 33,1 of 1,51%,100%,20 of 36,2 of 2,0 of 0,0 of 0,---,---,0,0,0,0,0:29,0:00,http://ufcstats.com/fight-details/eff6ec2b2f1fb27b,http://ufcstats.com/event-details/ccd58ff71e260ed5,http://www.ufcstats.com/fighter-details/d3df1add9d9a7efb,http://www.ufcstats.com/fighter-details/ab943cd2c3c17825,Derrick Lewis,Heavyweight,KO/TKO,1,0:33,http://ufcstats.com/fight-details/eff6ec2b2f1fb27b,c51ba89947344bee9661ccd1c7c96d7a,2026-09-08 19:25:42.289344+00:00
Tony Ferguson,King Green,0,0,54 of 123,137 of 217,43%,63%,62 of 138,145 of 227,0 of 3,0 of 0,0%,---,0,1,0,0,0:13,3:25,http://ufcstats.com/fight-details/f1eca70738ca073e,http://ufcstats.com/event-details/ccd58ff71e260ed5,http://www.ufcstats.com/fighter-details/22a92d7f62195791,http://www.ufcstats.com/fighter-details/887961364be5ceb3,King Green,Lightweight,Submission,3,4:54,http://ufcstats.com/fight-details/f1eca70738ca073e,c51ba89947344bee9661ccd1c7c96d7a,2026-09-08 19:25:43.931575+00:00
Michael Chiesa,Kevin Holland,0,0,4 of 11,9 of 16,36%,56%,6 of 13,12 of 19,0 of 5,0 of 0,0%,---,0,1,0,0,0:15,0:40,http://ufcstats.com/fight-details/cbf1e76186a0c8b3,http://ufcstats.com/event-details/ccd58ff71e260ed5,http://www.ufcstats.com/fighter-details/c58f51dedb310998,http://www.ufcstats.com/fighter-details/3a46b268013afede,Kevin Holland,Welterweight,Submission,1,2:39,http://ufcstats.com/fight-details/cbf1e76186a0c8b3,c51ba89947344bee9661ccd1c7c96d7a,2026-09-08 19:25:45.591735+00:00
Neil Magny,Phil Rowe,0,0,29 of 65,34 of 64,44%,53%,109 of 159,51 of 86,0 of 3,1 of 2,0%,50%,0,0,0,0,4:31,4:38,http://ufcstats.com/fight-details/ced01368259428f5,http://ufcstats.com/event-details/a780d16cf7eed44d,http://www.ufcstats.com/fighter-details/84b3e7d38f2d2ec5,http://www.ufcstats.com/fighter-details/8e382b585a92affe,Neil Magny,Welterweight,Decision - Split,3,5:00,http://ufcstats.com/fight-details/ced01368259428f5,c51ba89947344bee9661ccd1c7c96d7a,2026-09-08 19:27:38.930170+00:00
Charles Oliveira,Beneil Dariush,1,0,26 of 36,12 of 28,72%,42%,37 of 47,32 of 59,0 of 1,0 of 0,0%,---,0,0,0,0,0:31,2:44,http://ufcstats.com/fight-details/40e8bf8ce508c436,http://ufcstats.com/event-details/b6c6d1731ff00eeb,http://www.ufcstats.com/fighter-details/07225ba28ae309b6,http://www.ufcstats.com/fighter-details/08af939f41b5a57b,Charles Oliveira,Lightweight,KO/TKO,1,4:10,http://ufcstats.com/fight-details/40e8bf8ce508c436,c51ba89947344bee9661ccd1c7c96d7a,2026-09-08 19:28:16.551710+00:00
Alex Caceres,Daniel Pineda,0,0,60 of 99,27 of 56,60%,48%,86 of 128,43 of 74,1 of 2,3 of 11,50%,27%,0,1,1,1,4:26,3:57,http://ufcstats.com/fight-details/7be3e513a31f6570,http://ufcstats.com/event-details/7abe471b61725980,http://www.ufcstats.com/fighter-details/7aa3d6964eff4877,http://www.ufcstats.com/fighter-details/361d49960a196976,Alex Caceres,Featherweight,Decision - Unanimous,3,5:00,http://ufcstats.com/fight-details/7be3e513a31f6570,c51ba89947344bee9661ccd1c7c96d7a,2026-09-08 19:28:34.880043+00:00
Jim Miller,Jesse Butler,1,0,3 of 5,1 of 7,60%,14%,3 of 5,1 of 7,0 of 0,0 of 0,---,---,0,0,0,0,0:01,0:00,http://ufcstats.com/fight-details/e2f4cd4a9a579488,http://ufcstats.com/event-details/7abe471b61725980,http://www.ufcstats.com/fighter-details/d1941565abf50b16,http://www.ufcstats.com/fighter-details/a75a48bfe776b2c2,Jim Miller,Lightweight,KO/TKO,1,0:23,http://ufcstats.com/fight-details/e2f4cd4a9a579488,c51ba89947344bee9661ccd1c7c96d7a,2026-09-08 19:28:36.571109+00:00
Andrei Arlovski,Don'Tale Mayes,0,1,24 of 56,25 of 87,42%,28%,26 of 58,28 of 91,0 of 0,0 of 1,---,0%,0,0,0,0,0:00,0:02,http://ufcstats.com/fight-details/5459c3bb88d031f9,http://ufcstats.com/event-details/7abe471b61725980,http://www.ufcstats.com/fighter-details/3738e68d2261e60f,http://www.ufcstats.com/fighter-details/1a9480fc288e55d7,Don'Tale Mayes,Heavyweight,KO/TKO,2,3:17,http://ufcstats.com/fight-details/5459c3bb88d031f9,c51ba89947344bee9661ccd1c7c96d7a,2026-09-08 19:28:45.185411+00:00
Mackenzie Dern,Angela Hill,1,0,126 of 210,66 of 108,60%,61%,247 of 340,94 of 142,3 of 9,0 of 0,33%,---,0,0,0,0,13:12,7:11,http://ufcstats.com/fight-details/cb9654746447b934,http://ufcstats.com/event-details/6f812143641ceff8,http://www.ufcstats.com/fighter-details/7447e9f28508106a,http://www.ufcstats.com/fighter-details/f0feeb2192937424,Mackenzie Dern,Women's Strawweight,Decision - Unanimous,5,5:00,http://ufcstats.com/fight-details/cb9654746447b934,c51ba89947344bee9661ccd1c7c96d7a,2026-09-08 19:28:56.054287+00:00
Diego Ferreira,Michael Johnson,1,0,30 of 71,32 of 58,42%,55%,30 of 71,32 of 58,0 of 2,0 of 0,0%,---,0,0,0,0,0:01,0:00,http://ufcstats.com/fight-details/12683e06369d1a83,http://ufcstats.com/event-details/6f812143641ceff8,http://www.ufcstats.com/fighter-details/f53d4f21d1b5f2dc,http://www.ufcstats.com/fighter-details/511e82663651438d,Diego Ferreira,Lightweight,KO/TKO,2,1:50,http://ufcstats.com/fight-details/12683e06369d1a83,c51ba89947344bee9661ccd1c7c96d7a,2026-09-08 19:29:03.353100+00:00
Tim Means,Alex Morono,0,0,40 of 87,33 of 92,45%,35%,45 of 92,42 of 102,2 of 2,0 of 0,100%,---,0,1,0,0,0:46,0:00,http://ufcstats.com/fight-details/838a022ca5d99cc1,http://ufcstats.com/event-details/901cddcbfa079097,http://www.ufcstats.com/fighter-details/4b47e71384a9522f,http://www.ufcstats.com/fighter-details/cdb96af67d096b1e,Alex Morono,Welterweight,Submission,2,2:09,http://ufcstats.com/fight-details/838a022ca5d99cc1,c51ba89947344bee9661ccd1c7c96d7a,2026-09-08 19:29:23.903719+00:00
Matt Brown,Court McGee,1,0,11 of 15,8 of 31,73%,25%,22 of 26,17 of 48,0 of 0,1 of 1,---,100%,0,0,0,0,0:02,1:57,http://ufcstats.com/fight-details/f2ced83baf0457fc,http://ufcstats.com/event-details/901cddcbfa079097,http://www.ufcstats.com/fighter-details/31123249b0bbf52e,http://www.ufcstats.com/fighter-details/523fa774700d7d3f,Matt Brown,Welterweight,KO/TKO,1,4:09,http://ufcstats.com/fight-details/f2ced83baf0457fc,c51ba89947344bee9661ccd1c7c96d7a,2026-09-08 19:29:25.542460+00:00
Jessica Andrade,Yan Xiaonan,0,1,12 of 32,26 of 36,37%,72%,12 of 32,26 of 36,0 of 0,0 of 0,---,---,0,0,0,0,0:00,0:02,http://ufcstats.com/fight-details/11a5a852313d1f5b,http://ufcstats.com/event-details/3c6976f8182d9527,http://www.ufcstats.com/fighter-details/6a1901c62ab3870f,http://www.ufcstats.com/fighter-details/c41d426cc7326d1b,Yan Xiaonan,Women's Strawweight,KO/TKO,1,2:20,http://ufcstats.com/fight-details/11a5a852313d1f5b,c51ba89947344bee9661ccd1c7c96d7a,2026-09-08 19:29:40.081842+00:00
Drew Dober,Matt Frevola,0,1,20 of 59,35 of 75,33%,46%,20 of 59,39 of 79,0 of 0,0 of 1,---,0%,0,0,0,0,0:00,0:08,http://ufcstats.com/fight-details/3f8b4aeb3baf4724,http://ufcstats.com/event-details/3c6976f8182d9527,http://www.ufcstats.com/fighter-details/519e4fe37ce9ff75,http://www.ufcstats.com/fighter-details/dccb63727f2f5f74,Matt Frevola,Lightweight,KO/TKO,1,4:08,http://ufcstats.com/fight-details/3f8b4aeb3baf4724,c51ba89947344bee9661ccd1c7c96d7a,2026-09-08 19:29:45.074124+00:00
Brad Tavares,Bruno Silva,0,1,15 of 64,23 of 51,23%,45%,15 of 65,24 of 52,0 of 0,0 of 0,---,---,0,0,0,0,0:00,0:02,http://ufcstats.com/fight-details/d00d5ef4ae0ac01b,http://ufcstats.com/event-details/6fb1ba67bef41b37,http://www.ufcstats.com/fighter-details/0c6d9ea8306c029e,http://www.ufcstats.com/fighter-details/12ebd7d157e91701,Bruno Silva,Middleweight,KO/TKO,1,3:35,http://ufcstats.com/fight-details/d00d5ef4ae0ac01b,c51ba89947344bee9661ccd1c7c96d7a,2026-09-08 19:30:20.135531+00:00
King Green,Jared Gordon,0,0,23 of 69,17 of 53,33%,32%,23 of 69,17 of 53,0 of 1,0 of 1,0%,0%,0,0,0,0,0:01,0:00,http://ufcstats.com/fight-details/640d52630f4f8a61,http://ufcstats.com/event-details/6fb1ba67bef41b37,http://www.ufcstats.com/fighter-details/887961364be5ceb3,http://www.ufcstats.com/fighter-details/7026eca45f65377b,nc,Lightweight,Could Not Continue,1,4:35,http://ufcstats.com/fight-details/640d52630f4f8a61,c51ba89947344bee9661ccd1c7c96d7a,2026-09-08 19:30:21.795693+00:00
Max Holloway,Arnold Allen,0,0,147 of 262,76 of 225,56%,33%,149 of 264,80 of 229,0 of 0,0 of 0,---,---,0,0,0,0,0:03,0:42,http://ufcstats.com/fight-details/6049301b4deea035,http://ufcstats.com/event-details/15b1b21cd743d652,http://www.ufcstats.com/fighter-details/150ff4cc642270b9,http://www.ufcstats.com/fighter-details/040a74bb0a465c54,Max Holloway,Featherweight,Decision - Unanimous,5,5:00,http://ufcstats.com/fight-details/6049301b4deea035,c51ba89947344bee9661ccd1c7c96d7a,2026-09-08 19:30:38.083212+00:00
Edson Barboza,Billy Quarantillo,1,0,21 of 33,19 of 42,63%,45%,21 of 33,20 of 43,0 of 0,0 of 2,---,0%,0,0,0,0,0:02,0:39,http://ufcstats.com/fight-details/83c81018bb3aeebf,http://ufcstats.com/event-details/15b1b21cd743d652,http://www.ufcstats.com/fighter-details/64a50dad704d1d49,http://www.ufcstats.com/fighter-details/aa171d55d4b5208f,Edson Barboza,Featherweight,KO/TKO,1,2:37,http://ufcstats.com/fight-details/83c81018bb3aeebf,c51ba89947344bee9661ccd1c7c96d7a,2026-09-08 19:30:39.542983+00:00
Clay Guida,Rafa Garcia,0,0,63 of 252,141 of 287,25%,49%,63 of 252,143 of 289,0 of 3,0 of 1,0%,0%,0,0,0,0,0:00,0:20,http://ufcstats.com/fight-details/bdbddbc00d07dc4b,http://ufcstats.com/event-details/15b1b21cd743d652,http://www.ufcstats.com/fighter-details/c47df9303d318c67,http://www.ufcstats.com/fighter-details/e132d47bd9efbbe0,Rafa Garcia,Lightweight,Decision - Unanimous,3,5:00,http://ufcstats.com/fight-details/bdbddbc00d07dc4b,c51ba89947344bee9661ccd1c7c96d7a,2026-09-08 19:30:46.700985+00:00
Kevin Holland,Santiago Ponzinibbio,1,0,66 of 197,44 of 104,33%,42%,67 of 198,44 of 104,0 of 0,0 of 0,---,---,0,0,0,0,0:03,0:07,http://ufcstats.com/fight-details/3165b03ddc6d3b6e,http://ufcstats.com/event-details/3dc3022232b79c7a,http://www.ufcstats.com/fighter-details/3a46b268013afede,http://www.ufcstats.com/fighter-details/6d1bffff14897645,Kevin Holland,Welterweight,KO/TKO,3,3:16,http://ufcstats.com/fight-details/3165b03ddc6d3b6e,c51ba89947344bee9661ccd1c7c96d7a,2026-09-08 19:31:08.357928+00:00
Jessica Andrade,Erin Blanchfield,0,0,53 of 143,51 of 120,37%,42%,56 of 147,53 of 124,0 of 1,1 of 3,0%,33%,0,1,0,0,0:00,1:03,http://ufcstats.com/fight-details/dcc3da324eb5f26c,http://ufcstats.com/event-details/f21a3d68fb9df387,http://www.ufcstats.com/fighter-details/6a1901c62ab3870f,http://www.ufcstats.com/fighter-details/669970f7feba8ecd,Erin Blanchfield,Women's Flyweight,Submission,2,1:37,http://ufcstats.com/fight-details/dcc3da324eb5f26c,c51ba89947344bee9661ccd1c7c96d7a,2026-09-08 19:33:13.817813+00:00
Jim Miller,Alexander Hernandez,0,0,67 of 185,108 of 234,36%,46%,68 of 186,111 of 238,0 of 1,0 of 1,0%,0%,1,0,0,1,0:40,0:23,http://ufcstats.com/fight-details/682ff095649c9a5c,http://ufcstats.com/event-details/f21a3d68fb9df387,http://www.ufcstats.com/fighter-details/d1941565abf50b16,http://www.ufcstats.com/fighter-details/262a7d06203657e6,Alexander Hernandez,Lightweight,Decision - Unanimous,3,5:00,http://ufcstats.com/fight-details/682ff095649c9a5c,c51ba89947344bee9661ccd1c7c96d7a,2026-09-08 19:33:20.561413+00:00
Ovince Saint Preux,Philipe Lins,0,1,1 of 3,18 of 44,33%,40%,1 of 3,18 of 44,0 of 0,0 of 0,---,---,0,0,0,0,0:00,0:02,http://ufcstats.com/fight-details/3d46d635f9ae5e68,http://ufcstats.com/event-details/f21a3d68fb9df387,http://www.ufcstats.com/fighter-details/50db8711c70196cd,http://www.ufcstats.com/fighter-details/53c943c873cffe90,Philipe Lins,Light Heavyweight,KO/TKO,1,0:49,http://ufcstats.com/fight-details/3d46d635f9ae5e68,c51ba89947344bee9661ccd1c7c96d7a,2026-09-08 19:33:26.755805+00:00
Derrick Lewis,Serghei Spivac,0,0,0 of 3,12 of 21,0%,57%,0 of 3,36 of 54,0 of 0,6 of 8,---,75%,0,1,0,0,0:00,2:32,http://ufcstats.com/fight-details/caeeb398f73d213a,http://ufcstats.com/event-details/d26394fc0e8e880a,http://www.ufcstats.com/fighter-details/d3df1add9d9a7efb,http://www.ufcstats.com/fighter-details/e2f6b2769aaedd6c,Serghei Spivac,Heavyweight,Submission,1,3:05,http://ufcstats.com/fight-details/caeeb398f73d213a,c51ba89947344bee9661ccd1c7c96d7a,2026-09-08 19:33:54.924420+00:00
Gilbert Burns,Neil Magny,0,0,5 of 6,4 of 11,83%,36%,10 of 12,4 of 11,1 of 1,0 of 0,100%,---,1,0,0,0,2:35,0:00,http://ufcstats.com/fight-details/1c51f405e5c46572,http://ufcstats.com/event-details/5717efc6f271cd52,http://www.ufcstats.com/fighter-details/23024fdfc966410a,http://www.ufcstats.com/fighter-details/84b3e7d38f2d2ec5,Gilbert Burns,Welterweight,Submission,1,4:15,http://ufcstats.com/fight-details/1c51f405e5c46572,c51ba89947344bee9661ccd1c7c96d7a,2026-09-08 19:34:18.294928+00:00
Lauren Murphy,Jessica Andrade,0,0,100 of 293,231 of 369,34%,62%,103 of 296,237 of 375,0 of 15,1 of 1,0%,100%,0,0,0,0,0:09,1:11,http://ufcstats.com/fight-details/0221982930283140,http://ufcstats.com/event-details/5717efc6f271cd52,http://www.ufcstats.com/fighter-details/729d4bd5a6cd0a97,http://www.ufcstats.com/fighter-details/6a1901c62ab3870f,Jessica Andrade,Women's Flyweight,Decision - Unanimous,3,5:00,http://ufcstats.com/fight-details/0221982930283140,c51ba89947344bee9661ccd1c7c96d7a,2026-09-08 19:34:20.060887+00:00
Alex Caceres,Julian Erosa,1,0,16 of 30,10 of 22,53%,45%,16 of 30,10 of 22,0 of 0,0 of 0,---,---,0,0,0,0,0:05,0:00,http://ufcstats.com/fight-details/9c1a2ac64c98d2f6,http://ufcstats.com/event-details/56ec58954158966a,http://www.ufcstats.com/fighter-details/7aa3d6964eff4877,http://www.ufcstats.com/fighter-details/902ec2cc48c8ae8a,Alex Caceres,Featherweight,KO/TKO,1,3:04,http://ufcstats.com/fight-details/9c1a2ac64c98d2f6,c51ba89947344bee9661ccd1c7c96d7a,2026-09-08 19:35:07.225168+00:00
Drew Dober,King Green,1,0,34 of 121,73 of 142,28%,51%,34 of 121,75 of 145,0 of 1,0 of 1,0%,0%,0,0,0,0,0:09,0:11,http://ufcstats.com/fight-details/c335f44e4f3515ea,http://ufcstats.com/event-details/56ec58954158966a,http://www.ufcstats.com/fighter-details/519e4fe37ce9ff75,http://www.ufcstats.com/fighter-details/887961364be5ceb3,Drew Dober,Lightweight,KO/TKO,2,2:45,http://ufcstats.com/fight-details/c335f44e4f3515ea,c51ba89947344bee9661ccd1c7c96d7a,2026-09-08 19:35:08.773231+00:00
Stephen Thompson,Kevin Holland,0,0,163 of 260,119 of 210,62%,56%,178 of 278,123 of 214,0 of 0,2 of 6,---,33%,0,0,0,0,0:47,1:21,http://ufcstats.com/fight-details/a419e6df765aa755,http://ufcstats.com/event-details/b23388ff8ac6637b,http://www.ufcstats.com/fighter-details/4a28cb716c19157a,http://www.ufcstats.com/fighter-details/3a46b268013afede,Stephen Thompson,Welterweight,KO/TKO,4,5:00,http://ufcstats.com/fight-details/a419e6df765aa755,c51ba89947344bee9661ccd1c7c96d7a,2026-09-08 19:35:46.994141+00:00
Bryan Barberena,Rafael Dos Anjos,0,0,14 of 29,20 of 25,48%,80%,61 of 79,36 of 41,0 of 0,4 of 6,---,66%,0,2,0,0,0:35,6:36,http://ufcstats.com/fight-details/f17813d03fcd8e7a,http://ufcstats.com/event-details/b23388ff8ac6637b,http://www.ufcstats.com/fighter-details/a331233f597090a5,http://www.ufcstats.com/fighter-details/6a2f7c151031653d,Rafael Dos Anjos,Welterweight,Submission,2,3:20,http://ufcstats.com/fight-details/f17813d03fcd8e7a,c51ba89947344bee9661ccd1c7c96d7a,2026-09-08 19:35:48.866087+00:00
Angela Hill,Emily Ducote,0,0,182 of 345,71 of 173,52%,41%,190 of 353,76 of 178,0 of 0,0 of 2,---,0%,0,0,0,0,0:00,0:00,http://ufcstats.com/fight-details/0c9faf26efe2cdcc,http://ufcstats.com/event-details/b23388ff8ac6637b,http://www.ufcstats.com/fighter-details/f0feeb2192937424,http://www.ufcstats.com/fighter-details/02f8fedc18cbd26c,Angela Hill,Women's Strawweight,Decision - Unanimous,3,5:00,http://ufcstats.com/fight-details/0c9faf26efe2cdcc,c51ba89947344bee9661ccd1c7c96d7a,2026-09-08 19:35:59.183017+00:00
Clay Guida,Scott Holtzman,0,0,66 of 183,65 of 166,36%,39%,95 of 215,77 of 178,4 of 15,0 of 0,26%,---,0,0,0,0,5:35,0:18,http://ufcstats.com/fight-details/7bd6969c4ed979f9,http://ufcstats.com/event-details/b23388ff8ac6637b,http://www.ufcstats.com/fighter-details/c47df9303d318c67,http://www.ufcstats.com/fighter-details/df1eb4354d18a906,Clay Guida,Lightweight,Decision - Split,3,5:00,http://ufcstats.com/fight-details/7bd6969c4ed979f9,c51ba89947344bee9661ccd1c7c96d7a,2026-09-08 19:36:02.128286+00:00
Michael Johnson,Marc Diakiese,0,0,83 of 181,55 of 127,45%,43%,83 of 181,55 of 127,0 of 3,0 of 6,0%,0%,0,0,0,0,0:30,0:00,http://ufcstats.com/fight-details/92c1d9a6d313cb0c,http://ufcstats.com/event-details/b23388ff8ac6637b,http://www.ufcstats.com/fighter-details/511e82663651438d,http://www.ufcstats.com/fighter-details/32c355b04fc57f3a,Michael Johnson,Lightweight,Decision - Unanimous,3,5:00,http://ufcstats.com/fight-details/92c1d9a6d313cb0c,c51ba89947344bee9661ccd1c7c96d7a,2026-09-08 19:36:03.972360+00:00
Darren Elkins,Jonathan Pearce,0,0,57 of 193,110 of 222,29%,49%,67 of 203,154 of 276,2 of 5,2 of 7,40%,28%,0,0,0,1,0:48,3:33,http://ufcstats.com/fight-details/be977e524ef56aa4,http://ufcstats.com/event-details/b23388ff8ac6637b,http://www.ufcstats.com/fighter-details/92a9aa9c93192871,http://www.ufcstats.com/fighter-details/87c0b1c696ddfb43,Jonathan Pearce,Featherweight,Decision - Unanimous,3,5:00,http://ufcstats.com/fight-details/be977e524ef56aa4,c51ba89947344bee9661ccd1c7c96d7a,2026-09-08 19:36:05.923080+00:00
Dustin Poirier,Michael Chandler,0,0,38 of 76,43 of 100,50%,43%,63 of 105,65 of 135,0 of 0,3 of 7,---,42%,2,0,0,0,0:47,5:39,http://ufcstats.com/fight-details/4bf3010fdeea9d93,http://ufcstats.com/event-details/b3b6e80b7d5f8f0d,http://www.ufcstats.com/fighter-details/029eaff01e6bb8f0,http://www.ufcstats.com/fighter-details/4b93a88f3b1de35b,Dustin Poirier,Lightweight,Submission,3,2:00,http://ufcstats.com/fight-details/4bf3010fdeea9d93,c51ba89947344bee9661ccd1c7c96d7a,2026-09-08 19:36:36.948311+00:00
Frankie Edgar,Chris Gutierrez,0,1,2 of 12,10 of 20,16%,50%,2 of 12,10 of 20,0 of 0,0 of 0,---,---,0,0,0,0,0:00,0:01,http://ufcstats.com/fight-details/09afa6ce4747a1a2,http://ufcstats.com/event-details/b3b6e80b7d5f8f0d,http://www.ufcstats.com/fighter-details/f2688492b9a525a3,http://www.ufcstats.com/fighter-details/45f0cc9d18f35137,Chris Gutierrez,Bantamweight,KO/TKO,1,2:01,http://ufcstats.com/fight-details/09afa6ce4747a1a2,c51ba89947344bee9661ccd1c7c96d7a,2026-09-08 19:36:38.608726+00:00
Neil Magny,Daniel Rodriguez,0,0,57 of 109,66 of 108,52%,61%,106 of 169,71 of 113,5 of 7,0 of 1,71%,0%,1,0,0,0,4:08,1:16,http://ufcstats.com/fight-details/b279559f15ecf29b,http://ufcstats.com/event-details/756f45905fb20cb5,http://www.ufcstats.com/fighter-details/84b3e7d38f2d2ec5,http://www.ufcstats.com/fighter-details/8a1f3b5c526cd6e6,Neil Magny,Welterweight,Submission,3,3:33,http://ufcstats.com/fight-details/b279559f15ecf29b,c51ba89947344bee9661ccd1c7c96d7a,2026-09-08 19:37:00.199868+00:00
Tim Means,Max Griffin,0,1,47 of 115,42 of 78,40%,53%,143 of 215,56 of 96,3 of 5,3 of 6,60%,50%,0,0,0,0,1:27,5:13,http://ufcstats.com/fight-details/bf59d9f8bd9536f3,http://ufcstats.com/event-details/be5aab761c40ef35,http://www.ufcstats.com/fighter-details/4b47e71384a9522f,http://www.ufcstats.com/fighter-details/b0d6a1d8ac3d563d,Max Griffin,Welterweight,Decision - Split,3,5:00,http://ufcstats.com/fight-details/bf59d9f8bd9536f3,c51ba89947344bee9661ccd1c7c96d7a,2026-09-08 19:37:19.765006+00:00
Andrei Arlovski,Marcos Rogerio de Lima,0,1,2 of 5,6 of 11,40%,54%,3 of 6,25 of 33,0 of 0,0 of 0,---,---,0,1,0,0,0:00,1:30,http://ufcstats.com/fight-details/5dcba156bd13e0c3,http://ufcstats.com/event-details/be5aab761c40ef35,http://www.ufcstats.com/fighter-details/3738e68d2261e60f,http://www.ufcstats.com/fighter-details/ab943cd2c3c17825,Marcos Rogerio de Lima,Heavyweight,Submission,1,1:50,http://ufcstats.com/fight-details/5dcba156bd13e0c3,c51ba89947344bee9661ccd1c7c96d7a,2026-09-08 19:37:28.361421+00:00
Charles Oliveira,Islam Makhachev,0,1,19 of 39,30 of 41,48%,73%,25 of 46,72 of 86,0 of 1,2 of 3,0%,66%,0,1,0,0,0:42,5:05,http://ufcstats.com/fight-details/523815acf1bb2420,http://ufcstats.com/event-details/885e7f70dcac0007,http://www.ufcstats.com/fighter-details/07225ba28ae309b6,http://www.ufcstats.com/fighter-details/275aca31f61ba28c,Islam Makhachev,Lightweight,Submission,2,3:16,http://ufcstats.com/fight-details/523815acf1bb2420,c51ba89947344bee9661ccd1c7c96d7a,2026-09-08 19:37:37.878963+00:00
Khamzat Chimaev,Kevin Holland,0,0,0 of 1,0 of 0,0%,---,1 of 2,0 of 0,2 of 5,0 of 0,40%,---,2,0,0,0,1:56,0:00,http://ufcstats.com/fight-details/0111e6a64b5184c6,http://ufcstats.com/event-details/93bf96be327fcd98,http://www.ufcstats.com/fighter-details/767755fd74662dbf,http://www.ufcstats.com/fighter-details/3a46b268013afede,Khamzat Chimaev,Catch Weight,Submission,1,2:13,http://ufcstats.com/fight-details/0111e6a64b5184c6,c51ba89947344bee9661ccd1c7c96d7a,2026-09-08 19:39:06.811161+00:00
Angela Hill,Loopy Godinez,0,0,85 of 218,92 of 241,38%,38%,88 of 225,98 of 250,1 of 6,1 of 3,16%,33%,0,0,0,0,0:36,0:17,http://ufcstats.com/fight-details/5f31f3e32669f5b9,http://ufcstats.com/event-details/a23e63184c65f5b8,http://www.ufcstats.com/fighter-details/f0feeb2192937424,http://www.ufcstats.com/fighter-details/8e5d953bdb9ae5e7,Angela Hill,Catch Weight,Decision - Unanimous,3,5:00,http://ufcstats.com/fight-details/5f31f3e32669f5b9,c51ba89947344bee9661ccd1c7c96d7a,2026-09-08 19:40:20.482824+00:00
Derrick Lewis,Sergei Pavlovich,0,1,4 of 6,15 of 24,66%,62%,4 of 6,15 of 24,0 of 0,0 of 0,---,---,0,0,0,0,0:00,0:02,http://ufcstats.com/fight-details/52f87252af59e23b,http://ufcstats.com/event-details/b0a6124751a56bc4,http://www.ufcstats.com/fighter-details/d3df1add9d9a7efb,http://www.ufcstats.com/fighter-details/f14cf73e51b29254,Sergei Pavlovich,Heavyweight,KO/TKO,1,0:55,http://ufcstats.com/fight-details/52f87252af59e23b,c51ba89947344bee9661ccd1c7c96d7a,2026-09-08 19:40:55.684610+00:00
Drew Dober,Rafael Alves,1,0,62 of 151,37 of 68,41%,54%,62 of 151,46 of 80,0 of 0,1 of 3,---,33%,0,0,0,0,0:07,2:21,http://ufcstats.com/fight-details/81a18de517a3336a,http://ufcstats.com/event-details/b0a6124751a56bc4,http://www.ufcstats.com/fighter-details/519e4fe37ce9ff75,http://www.ufcstats.com/fighter-details/029afd138865d20a,Drew Dober,Lightweight,KO/TKO,3,1:30,http://ufcstats.com/fight-details/81a18de517a3336a,c51ba89947344bee9661ccd1c7c96d7a,2026-09-08 19:41:04.102956+00:00
Rafael Dos Anjos,Rafael Fiziev,0,1,54 of 110,64 of 159,49%,40%,90 of 162,92 of 192,2 of 16,0 of 1,12%,0%,0,0,0,0,6:13,2:59,http://ufcstats.com/fight-details/be69cbf1f1671c8e,http://ufcstats.com/event-details/31da66df48c0c1a0,http://www.ufcstats.com/fighter-details/6a2f7c151031653d,http://www.ufcstats.com/fighter-details/c814b4c899793af6,Rafael Fiziev,Lightweight,KO/TKO,5,0:18,http://ufcstats.com/fight-details/be69cbf1f1671c8e,c51ba89947344bee9661ccd1c7c96d7a,2026-09-08 19:42:05.499681+00:00
Michael Johnson,Jamie Mullarkey,1,0,66 of 190,96 of 217,34%,44%,68 of 194,96 of 218,0 of 2,0 of 2,0%,0%,0,0,0,0,0:37,0:17,http://ufcstats.com/fight-details/a103b30f6898de7e,http://ufcstats.com/event-details/31da66df48c0c1a0,http://www.ufcstats.com/fighter-details/511e82663651438d,http://www.ufcstats.com/fighter-details/af9f42e6894047fc,Jamie Mullarkey,Lightweight,Decision - Split,3,5:00,http://ufcstats.com/fight-details/a103b30f6898de7e,c51ba89947344bee9661ccd1c7c96d7a,2026-09-08 19:42:14.022955+00:00
Alexander Volkanovski,Max Holloway,0,0,199 of 372,127 of 301,53%,42%,204 of 377,161 of 335,0 of 0,0 of 3,---,0%,0,0,0,0,1:57,0:16,http://ufcstats.com/fight-details/4047e98132306cd5,http://ufcstats.com/event-details/4a9e305633f3ef47,http://www.ufcstats.com/fighter-details/e1248941344b3288,http://www.ufcstats.com/fighter-details/150ff4cc642270b9,Alexander Volkanovski,Featherweight,Decision - Unanimous,5,5:00,http://ufcstats.com/fight-details/4047e98132306cd5,c51ba89947344bee9661ccd1c7c96d7a,2026-09-08 19:42:27.354983+00:00
Jim Miller,Donald Cerrone,0,0,24 of 36,21 of 33,66%,63%,35 of 48,24 of 36,1 of 1,0 of 0,100%,---,1,0,0,1,1:03,1:24,http://ufcstats.com/fight-details/459bc7c0b47719c3,http://ufcstats.com/event-details/4a9e305633f3ef47,http://www.ufcstats.com/fighter-details/d1941565abf50b16,http://www.ufcstats.com/fighter-details/1d00756835ca67c9,Jim Miller,Welterweight,Submission,2,1:32,http://ufcstats.com/fight-details/459bc7c0b47719c3,c51ba89947344bee9661ccd1c7c96d7a,2026-09-08 19:42:35.944571+00:00
Brad Tavares,Dricus Du Plessis,0,0,82 of 150,113 of 212,54%,53%,98 of 167,123 of 222,0 of 1,0 of 7,0%,0%,0,0,0,0,2:01,1:18,http://ufcstats.com/fight-details/57775c8af89007c7,http://ufcstats.com/event-details/4a9e305633f3ef47,http://www.ufcstats.com/fighter-details/0c6d9ea8306c029e,http://www.ufcstats.com/fighter-details/0d7b51c9d2649a6e,Dricus Du Plessis,Middleweight,Decision - Unanimous,3,5:00,http://ufcstats.com/fight-details/57775c8af89007c7,c51ba89947344bee9661ccd1c7c96d7a,2026-09-08 19:42:39.215087+00:00
Neil Magny,Shavkat Rakhmonov,0,0,11 of 22,19 of 36,50%,52%,21 of 35,56 of 79,0 of 0,2 of 2,---,100%,0,1,0,0,0:07,9:06,http://ufcstats.com/fight-details/3c98739eb42f96bf,http://ufcstats.com/event-details/eb42d4febfafefd1,http://www.ufcstats.com/fighter-details/84b3e7d38f2d2ec5,http://www.ufcstats.com/fighter-details/01afe0916a40c7c5,Shavkat Rakhmonov,Welterweight,Submission,2,4:58,http://ufcstats.com/fight-details/3c98739eb42f96bf,c51ba89947344bee9661ccd1c7c96d7a,2026-09-08 19:42:49.416514+00:00
Tim Means,Kevin Holland,0,0,21 of 46,36 of 90,45%,40%,25 of 52,53 of 109,2 of 5,0 of 1,40%,0%,0,1,0,0,1:30,0:09,http://ufcstats.com/fight-details/1bc662949337a8c4,http://ufcstats.com/event-details/a0a680fe2f6cc8e6,http://www.ufcstats.com/fighter-details/4b47e71384a9522f,http://www.ufcstats.com/fighter-details/3a46b268013afede,Kevin Holland,Welterweight,Submission,2,1:28,http://ufcstats.com/fight-details/1bc662949337a8c4,c51ba89947344bee9661ccd1c7c96d7a,2026-09-08 19:43:12.701166+00:00
Michael Johnson,Alan Patrick,1,0,30 of 48,22 of 47,62%,46%,40 of 61,30 of 56,1 of 1,0 of 5,100%,0%,0,0,0,0,2:01,0:12,http://ufcstats.com/fight-details/8a1aa64eb1f17913,http://ufcstats.com/event-details/60ba33c3f555a7a3,http://www.ufcstats.com/fighter-details/511e82663651438d,http://www.ufcstats.com/fighter-details/cd7763bcadb5d4c8,Michael Johnson,Lightweight,KO/TKO,2,3:22,http://ufcstats.com/fight-details/8a1aa64eb1f17913,c51ba89947344bee9661ccd1c7c96d7a,2026-09-08 19:44:51.341130+00:00
Virna Jandiroba,Angela Hill,0,0,14 of 60,21 of 55,23%,38%,92 of 151,44 of 86,3 of 8,1 of 2,37%,50%,0,0,0,1,7:04,2:08,http://ufcstats.com/fight-details/f549164690d723bb,http://ufcstats.com/event-details/60ba33c3f555a7a3,http://www.ufcstats.com/fighter-details/7dda2cf308f24a02,http://www.ufcstats.com/fighter-details/f0feeb2192937424,Virna Jandiroba,Women's Strawweight,Decision - Unanimous,3,5:00,http://ufcstats.com/fight-details/f549164690d723bb,c51ba89947344bee9661ccd1c7c96d7a,2026-09-08 19:44:53.075884+00:00
Charles Oliveira,Justin Gaethje,1,1,30 of 47,21 of 33,63%,63%,33 of 52,21 of 33,0 of 1,0 of 0,0%,---,2,0,0,0,0:39,0:13,http://ufcstats.com/fight-details/7d4e49d8a6678157,http://ufcstats.com/event-details/253d3f9e97ca149a,http://www.ufcstats.com/fighter-details/07225ba28ae309b6,http://www.ufcstats.com/fighter-details/9e8f6c728eb01124,Charles Oliveira,Lightweight,Submission,1,3:22,http://ufcstats.com/fight-details/7d4e49d8a6678157,c51ba89947344bee9661ccd1c7c96d7a,2026-09-08 19:44:59.599253+00:00
Mauricio Rua,Ovince Saint Preux,0,0,54 of 99,62 of 112,54%,55%,54 of 99,62 of 112,0 of 0,0 of 1,---,0%,0,0,0,0,0:00,0:15,http://ufcstats.com/fight-details/c020ccbd7cdefb6e,http://ufcstats.com/event-details/253d3f9e97ca149a,http://www.ufcstats.com/fighter-details/140745cbbcb023ac,http://www.ufcstats.com/fighter-details/50db8711c70196cd,Ovince Saint Preux,Light Heavyweight,Decision - Split,3,5:00,http://ufcstats.com/fight-details/c020ccbd7cdefb6e,c51ba89947344bee9661ccd1c7c96d7a,2026-09-08 19:45:06.692207+00:00
Andrei Arlovski,Jake Collier,0,0,91 of 164,93 of 188,55%,49%,105 of 178,132 of 231,0 of 0,2 of 3,---,66%,0,0,0,0,0:01,3:38,http://ufcstats.com/fight-details/eb277b5ea2a19124,http://ufcstats.com/event-details/6bf5a7d3e081ade2,http://www.ufcstats.com/fighter-details/3738e68d2261e60f,http://www.ufcstats.com/fighter-details/92fa1401b7927da3,Andrei Arlovski,Heavyweight,Decision - Split,3,5:00,http://ufcstats.com/fight-details/eb277b5ea2a19124,c51ba89947344bee9661ccd1c7c96d7a,2026-09-08 19:45:28.577540+00:00
Darren Elkins,Tristan Connelly,0,0,75 of 151,66 of 117,49%,56%,165 of 259,106 of 158,5 of 10,0 of 0,50%,---,1,0,0,0,7:52,0:58,http://ufcstats.com/fight-details/760e3f292b834637,http://ufcstats.com/event-details/6bf5a7d3e081ade2,http://www.ufcstats.com/fighter-details/92a9aa9c93192871,http://www.ufcstats.com/fighter-details/2ebfbe72ed703925,Darren Elkins,Featherweight,Decision - Unanimous,3,5:00,http://ufcstats.com/fight-details/760e3f292b834637,c51ba89947344bee9661ccd1c7c96d7a,2026-09-08 19:45:33.711063+00:00
Amanda Lemos,Jessica Andrade,0,0,7 of 17,3 of 9,41%,33%,7 of 17,3 of 9,0 of 0,0 of 1,---,0%,0,1,0,0,0:00,0:38,http://ufcstats.com/fight-details/3a3ac7b3987f6799,http://ufcstats.com/event-details/236a37d96d476164,http://www.ufcstats.com/fighter-details/3df5493bb279226f,http://www.ufcstats.com/fighter-details/6a1901c62ab3870f,Jessica Andrade,Women's Strawweight,Submission,1,3:13,http://ufcstats.com/fight-details/3a3ac7b3987f6799,c51ba89947344bee9661ccd1c7c96d7a,2026-09-08 19:45:46.941884+00:00
Clay Guida,Claudio Puelles,0,0,3 of 4,1 of 3,75%,33%,4 of 6,11 of 13,0 of 1,0 of 0,0%,---,0,2,1,0,1:10,0:14,http://ufcstats.com/fight-details/6017351e164dbca3,http://ufcstats.com/event-details/236a37d96d476164,http://www.ufcstats.com/fighter-details/c47df9303d318c67,http://www.ufcstats.com/fighter-details/d747eb273a40a920,Claudio Puelles,Lightweight,Submission,1,3:01,http://ufcstats.com/fight-details/6017351e164dbca3,c51ba89947344bee9661ccd1c7c96d7a,2026-09-08 19:45:48.554870+00:00
Matt Brown,Bryan Barberena,0,0,81 of 129,111 of 211,62%,52%,95 of 145,186 of 289,5 of 7,0 of 0,71%,---,0,0,0,1,5:01,0:57,http://ufcstats.com/fight-details/f3c37e23ca30c87d,http://ufcstats.com/event-details/1fac46d466abd5b8,http://www.ufcstats.com/fighter-details/31123249b0bbf52e,http://www.ufcstats.com/fighter-details/a331233f597090a5,Bryan Barberena,Welterweight,Decision - Split,3,5:00,http://ufcstats.com/fight-details/f3c37e23ca30c87d,c51ba89947344bee9661ccd1c7c96d7a,2026-09-08 19:46:57.188347+00:00
Neil Magny,Max Griffin,0,1,54 of 144,67 of 123,37%,54%,104 of 204,75 of 132,1 of 9,0 of 2,11%,0%,0,0,0,0,4:33,0:39,http://ufcstats.com/fight-details/3f92025b29e06bfd,http://ufcstats.com/event-details/1fac46d466abd5b8,http://www.ufcstats.com/fighter-details/84b3e7d38f2d2ec5,http://www.ufcstats.com/fighter-details/b0d6a1d8ac3d563d,Neil Magny,Welterweight,Decision - Split,3,5:00,http://ufcstats.com/fight-details/3f92025b29e06bfd,c51ba89947344bee9661ccd1c7c96d7a,2026-09-08 19:47:01.935831+00:00
Sodiq Yusuff,Alex Caceres,0,0,64 of 123,66 of 138,52%,47%,74 of 133,71 of 143,1 of 3,1 of 3,33%,33%,0,0,0,0,2:42,0:21,http://ufcstats.com/fight-details/70b8d357e89383bd,http://ufcstats.com/event-details/1f9344211ca7fd60,http://www.ufcstats.com/fighter-details/94426bb170c88115,http://www.ufcstats.com/fighter-details/7aa3d6964eff4877,Sodiq Yusuff,Featherweight,Decision - Unanimous,3,5:00,http://ufcstats.com/fight-details/70b8d357e89383bd,c51ba89947344bee9661ccd1c7c96d7a,2026-09-08 19:47:41.533724+00:00
Drew Dober,Terrance McKinney,1,1,17 of 37,36 of 61,45%,59%,31 of 52,43 of 74,0 of 1,2 of 3,0%,66%,0,0,0,0,0:24,1:33,http://ufcstats.com/fight-details/463fac0e48505b62,http://ufcstats.com/event-details/1f9344211ca7fd60,http://www.ufcstats.com/fighter-details/519e4fe37ce9ff75,http://www.ufcstats.com/fighter-details/809bd1a871491508,Drew Dober,Lightweight,KO/TKO,1,3:17,http://ufcstats.com/fight-details/463fac0e48505b62,c51ba89947344bee9661ccd1c7c96d7a,2026-09-08 19:47:44.897231+00:00
Rafael Dos Anjos,Renato Moicano,1,0,149 of 286,88 of 172,52%,51%,179 of 318,99 of 185,5 of 15,0 of 3,33%,0%,0,0,0,0,13:22,0:30,http://ufcstats.com/fight-details/838bb84a5a976a9c,http://ufcstats.com/event-details/75e0d3cc2262b732,http://www.ufcstats.com/fighter-details/6a2f7c151031653d,http://www.ufcstats.com/fighter-details/b6452706b373eea1,Rafael Dos Anjos,Catch Weight,Decision - Unanimous,5,5:00,http://ufcstats.com/fight-details/838bb84a5a976a9c,c51ba89947344bee9661ccd1c7c96d7a,2026-09-08 19:48:07.381955+00:00
Edson Barboza,Bryce Mitchell,0,1,16 of 37,34 of 47,43%,72%,23 of 46,182 of 209,0 of 0,4 of 4,---,100%,0,0,0,0,0:02,11:28,http://ufcstats.com/fight-details/abd45edc07a8d9e3,http://ufcstats.com/event-details/75e0d3cc2262b732,http://www.ufcstats.com/fighter-details/64a50dad704d1d49,http://www.ufcstats.com/fighter-details/d9c6f19f958643e9,Bryce Mitchell,Featherweight,Decision - Unanimous,3,5:00,http://ufcstats.com/fight-details/abd45edc07a8d9e3,c51ba89947344bee9661ccd1c7c96d7a,2026-09-08 19:48:09.086571+00:00
Kevin Holland,Alex Oliveira,1,0,50 of 76,21 of 44,65%,47%,51 of 77,21 of 44,0 of 0,2 of 3,---,66%,0,1,0,0,0:15,0:22,http://ufcstats.com/fight-details/43b43c5d439b2f98,http://ufcstats.com/event-details/75e0d3cc2262b732,http://www.ufcstats.com/fighter-details/3a46b268013afede,http://www.ufcstats.com/fighter-details/57b10fca4f9c9a7a,Kevin Holland,Welterweight,KO/TKO,2,0:38,http://ufcstats.com/fight-details/43b43c5d439b2f98,c51ba89947344bee9661ccd1c7c96d7a,2026-09-08 19:48:10.595363+00:00
Islam Makhachev,King Green,0,0,14 of 32,9 of 13,43%,69%,30 of 51,11 of 15,1 of 2,0 of 0,50%,---,0,0,0,0,1:57,0:00,http://ufcstats.com/fight-details/2f4d42e0b9696f71,http://ufcstats.com/event-details/f6a7b02c42e9fc5b,http://www.ufcstats.com/fighter-details/275aca31f61ba28c,http://www.ufcstats.com/fighter-details/887961364be5ceb3,Islam Makhachev,Catch Weight,KO/TKO,1,3:23,http://ufcstats.com/fight-details/2f4d42e0b9696f71,c51ba89947344bee9661ccd1c7c96d7a,2026-09-08 19:48:28.821521+00:00
Jim Miller,Nikolas Motta,1,0,48 of 92,21 of 57,52%,36%,49 of 93,21 of 57,0 of 0,0 of 0,---,---,0,0,0,0,0:34,0:00,http://ufcstats.com/fight-details/958799d957945a3a,http://ufcstats.com/event-details/77940e45bc86208e,http://www.ufcstats.com/fighter-details/d1941565abf50b16,http://www.ufcstats.com/fighter-details/37f560436d745c18,Jim Miller,Lightweight,KO/TKO,2,1:58,http://ufcstats.com/fight-details/958799d957945a3a,c51ba89947344bee9661ccd1c7c96d7a,2026-09-08 19:48:54.162094+00:00
Derrick Lewis,Tai Tuivasa,0,1,27 of 43,24 of 36,62%,66%,31 of 47,35 of 47,2 of 4,0 of 0,50%,---,0,0,0,0,1:48,2:06,http://ufcstats.com/fight-details/bb42336d6417914c,http://ufcstats.com/event-details/cbb682f5fcc44bfc,http://www.ufcstats.com/fighter-details/d3df1add9d9a7efb,http://www.ufcstats.com/fighter-details/c62fbc117d57b943,Tai Tuivasa,Heavyweight,KO/TKO,2,1:40,http://ufcstats.com/fight-details/bb42336d6417914c,c51ba89947344bee9661ccd1c7c96d7a,2026-09-08 19:49:13.495957+00:00
King Green,Nasrat Haqparast,0,0,188 of 355,76 of 193,52%,39%,188 of 355,76 of 193,0 of 1,0 of 0,0%,---,0,0,0,0,0:00,0:00,http://ufcstats.com/fight-details/388adad23aaa9d39,http://ufcstats.com/event-details/cbb682f5fcc44bfc,http://www.ufcstats.com/fighter-details/887961364be5ceb3,http://www.ufcstats.com/fighter-details/b7b84ccd221be298,King Green,Lightweight,Decision - Unanimous,3,5:00,http://ufcstats.com/fight-details/388adad23aaa9d39,c51ba89947344bee9661ccd1c7c96d7a,2026-09-08 19:49:18.515673+00:00
Andrei Arlovski,Jared Vanderaa,0,0,64 of 133,70 of 156,48%,44%,71 of 140,102 of 190,0 of 0,0 of 0,---,---,0,0,0,0,0:00,2:44,http://ufcstats.com/fight-details/81c22cfa22002ea4,http://ufcstats.com/event-details/cbb682f5fcc44bfc,http://www.ufcstats.com/fighter-details/3738e68d2261e60f,http://www.ufcstats.com/fighter-details/2b68d9f125d07b42,Andrei Arlovski,Heavyweight,Decision - Split,3,5:00,http://ufcstats.com/fight-details/81c22cfa22002ea4,c51ba89947344bee9661ccd1c7c96d7a,2026-09-08 19:49:20.444075+00:00
Derrick Lewis,Chris Daukaus,1,0,14 of 28,10 of 19,50%,52%,14 of 28,10 of 19,0 of 1,0 of 0,0%,---,0,0,0,0,0:00,0:00,http://ufcstats.com/fight-details/4b7ec02b39fc6f70,http://ufcstats.com/event-details/2a470ad41c22c25a,http://www.ufcstats.com/fighter-details/d3df1add9d9a7efb,http://www.ufcstats.com/fighter-details/d0aaedcf7ccd0b45,Derrick Lewis,Heavyweight,KO/TKO,1,3:36,http://ufcstats.com/fight-details/4b7ec02b39fc6f70,c51ba89947344bee9661ccd1c7c96d7a,2026-09-08 19:50:40.618663+00:00
Amanda Lemos,Angela Hill,1,0,50 of 114,48 of 106,43%,45%,68 of 135,74 of 138,0 of 3,1 of 7,0%,14%,0,0,0,1,2:11,4:24,http://ufcstats.com/fight-details/2e200563dd7c4922,http://ufcstats.com/event-details/2a470ad41c22c25a,http://www.ufcstats.com/fighter-details/3df5493bb279226f,http://www.ufcstats.com/fighter-details/f0feeb2192937424,Amanda Lemos,Women's Strawweight,Decision - Split,3,5:00,http://ufcstats.com/fight-details/2e200563dd7c4922,c51ba89947344bee9661ccd1c7c96d7a,2026-09-08 19:50:43.988461+00:00
Cub Swanson,Darren Elkins,1,0,18 of 30,2 of 19,60%,10%,18 of 30,5 of 22,0 of 0,0 of 2,---,0%,0,0,0,0,0:09,0:00,http://ufcstats.com/fight-details/2a5484a6d5e7a2da,http://ufcstats.com/event-details/2a470ad41c22c25a,http://www.ufcstats.com/fighter-details/d247691a6c0e9034,http://www.ufcstats.com/fighter-details/92a9aa9c93192871,Cub Swanson,Featherweight,KO/TKO,1,2:12,http://ufcstats.com/fight-details/2a5484a6d5e7a2da,c51ba89947344bee9661ccd1c7c96d7a,2026-09-08 19:50:49.106569+00:00
Charles Oliveira,Dustin Poirier,0,1,73 of 131,58 of 94,55%,61%,98 of 157,69 of 105,0 of 6,0 of 0,0%,---,3,0,1,0,5:41,0:35,http://ufcstats.com/fight-details/b22eab3aa1522f40,http://ufcstats.com/event-details/ef927e4fe2117ab8,http://www.ufcstats.com/fighter-details/07225ba28ae309b6,http://www.ufcstats.com/fighter-details/029eaff01e6bb8f0,Charles Oliveira,Lightweight,Submission,3,1:02,http://ufcstats.com/fight-details/b22eab3aa1522f40,c51ba89947344bee9661ccd1c7c96d7a,2026-09-08 19:51:05.377938+00:00
Clay Guida,Leonardo Santos,0,1,18 of 50,41 of 60,36%,68%,50 of 87,65 of 92,2 of 7,0 of 0,28%,---,1,0,0,0,2:09,1:01,http://ufcstats.com/fight-details/5d64044b985004e7,http://ufcstats.com/event-details/509697e08673d2e5,http://www.ufcstats.com/fighter-details/c47df9303d318c67,http://www.ufcstats.com/fighter-details/9c65736747ca92ec,Clay Guida,Lightweight,Submission,2,1:21,http://ufcstats.com/fight-details/5d64044b985004e7,c51ba89947344bee9661ccd1c7c96d7a,2026-09-08 19:51:35.502728+00:00
Max Holloway,Yair Rodriguez,0,0,230 of 404,159 of 352,56%,45%,251 of 434,186 of 383,3 of 5,1 of 5,60%,20%,1,0,0,1,6:49,1:20,http://ufcstats.com/fight-details/147e984aa34e3028,http://ufcstats.com/event-details/b5abaa65f87938eb,http://www.ufcstats.com/fighter-details/150ff4cc642270b9,http://www.ufcstats.com/fighter-details/cbf5e6f231b55443,Max Holloway,Featherweight,Decision - Unanimous,5,5:00,http://ufcstats.com/fight-details/147e984aa34e3028,c51ba89947344bee9661ccd1c7c96d7a,2026-09-08 19:52:15.958435+00:00
Frankie Edgar,Marlon Vera,0,1,94 of 155,88 of 164,60%,53%,138 of 202,110 of 187,3 of 9,0 of 0,33%,---,0,1,0,0,4:25,0:01,http://ufcstats.com/fight-details/c634ed84212723ca,http://ufcstats.com/event-details/48e093ea1f43a053,http://www.ufcstats.com/fighter-details/f2688492b9a525a3,http://www.ufcstats.com/fighter-details/7c7332319c14094c,Marlon Vera,Bantamweight,KO/TKO,3,3:50,http://ufcstats.com/fight-details/c634ed84212723ca,c51ba89947344bee9661ccd1c7c96d7a,2026-09-08 19:52:39.474126+00:00
Al Iaquinta,King Green,0,1,10 of 30,28 of 40,33%,70%,10 of 30,29 of 41,0 of 0,0 of 0,---,---,0,0,0,0,0:00,0:15,http://ufcstats.com/fight-details/d69e3677060af4c7,http://ufcstats.com/event-details/48e093ea1f43a053,http://www.ufcstats.com/fighter-details/59279a7c978f7da0,http://www.ufcstats.com/fighter-details/887961364be5ceb3,King Green,Lightweight,KO/TKO,1,2:25,http://ufcstats.com/fight-details/d69e3677060af4c7,c51ba89947344bee9661ccd1c7c96d7a,2026-09-08 19:52:46.330206+00:00
Alex Caceres,SeungWoo Choi,0,1,46 of 64,33 of 98,71%,33%,54 of 72,38 of 104,0 of 0,0 of 0,---,---,1,0,0,0,0:49,0:15,http://ufcstats.com/fight-details/98842f17dfe4b4ef,http://ufcstats.com/event-details/8a9c6c4301f6d088,http://www.ufcstats.com/fighter-details/7aa3d6964eff4877,http://www.ufcstats.com/fighter-details/a68575214ecad140,Alex Caceres,Featherweight,Submission,2,3:31,http://ufcstats.com/fight-details/98842f17dfe4b4ef,c51ba89947344bee9661ccd1c7c96d7a,2026-09-08 19:53:32.552775+00:00
Andrei Arlovski,Carlos Felipe,0,0,83 of 172,73 of 172,48%,42%,84 of 173,73 of 172,0 of 0,0 of 0,---,---,0,0,0,0,0:00,1:22,http://ufcstats.com/fight-details/188b63ec6ee1c1c9,http://ufcstats.com/event-details/8f4616698508f24d,http://www.ufcstats.com/fighter-details/3738e68d2261e60f,http://www.ufcstats.com/fighter-details/a2ea77e974c5889f,Andrei Arlovski,Heavyweight,Decision - Unanimous,3,5:00,http://ufcstats.com/fight-details/188b63ec6ee1c1c9,c51ba89947344bee9661ccd1c7c96d7a,2026-09-08 19:53:57.119847+00:00
Jim Miller,Erick Gonzalez,1,0,32 of 48,14 of 37,66%,37%,43 of 60,22 of 45,1 of 2,1 of 2,50%,50%,0,0,0,0,1:55,1:02,http://ufcstats.com/fight-details/d9ca00b3c62a874d,http://ufcstats.com/event-details/8f4616698508f24d,http://www.ufcstats.com/fighter-details/d1941565abf50b16,http://www.ufcstats.com/fighter-details/a2ccf35a88346a91,Jim Miller,Lightweight,KO/TKO,2,0:14,http://ufcstats.com/fight-details/d9ca00b3c62a874d,c51ba89947344bee9661ccd1c7c96d7a,2026-09-08 19:53:58.858470+00:00
Kevin Holland,Kyle Daukaus,0,0,3 of 7,9 of 13,42%,69%,24 of 28,19 of 25,0 of 0,1 of 5,---,20%,0,3,0,0,1:04,2:10,http://ufcstats.com/fight-details/ce151e053721fe69,http://ufcstats.com/event-details/e15d0a2519d6a0b5,http://www.ufcstats.com/fighter-details/3a46b268013afede,http://www.ufcstats.com/fighter-details/d6c0cdd7e467c440,nc,Middleweight,Overturned,1,3:43,http://ufcstats.com/fight-details/ce151e053721fe69,c51ba89947344bee9661ccd1c7c96d7a,2026-09-08 19:54:32.945608+00:00
Jessica Andrade,Cynthia Calvillo,0,0,48 of 86,27 of 75,55%,36%,48 of 86,27 of 75,0 of 0,0 of 0,---,---,0,0,0,0,0:00,0:00,http://ufcstats.com/fight-details/f4a2806f77ac1cdc,http://ufcstats.com/event-details/0eec866a077889f0,http://www.ufcstats.com/fighter-details/6a1901c62ab3870f,http://www.ufcstats.com/fighter-details/98215d037be5bcb7,Jessica Andrade,Women's Flyweight,KO/TKO,1,4:54,http://ufcstats.com/fight-details/f4a2806f77ac1cdc,c51ba89947344bee9661ccd1c7c96d7a,2026-09-08 19:54:59.778653+00:00
Edson Barboza,Giga Chikadze,0,2,33 of 95,60 of 117,34%,51%,33 of 95,70 of 128,0 of 0,0 of 0,---,---,0,2,0,0,0:00,0:41,http://ufcstats.com/fight-details/5cd1869013741767,http://ufcstats.com/event-details/0db9d2486d564a3c,http://www.ufcstats.com/fighter-details/64a50dad704d1d49,http://www.ufcstats.com/fighter-details/9560ff14eb3129f7,Giga Chikadze,Featherweight,KO/TKO,3,1:44,http://ufcstats.com/fight-details/5cd1869013741767,c51ba89947344bee9661ccd1c7c96d7a,2026-09-08 19:55:58.145958+00:00
Clay Guida,Mark Madsen,0,0,72 of 212,98 of 192,33%,51%,72 of 212,101 of 198,0 of 0,0 of 1,---,0%,0,0,0,0,0:00,0:54,http://ufcstats.com/fight-details/3a9e0fed344fd07d,http://ufcstats.com/event-details/2f13e4020cea5b38,http://www.ufcstats.com/fighter-details/c47df9303d318c67,http://www.ufcstats.com/fighter-details/da0995f19b749cfa,Mark Madsen,Lightweight,Decision - Split,3,5:00,http://ufcstats.com/fight-details/3a9e0fed344fd07d,c51ba89947344bee9661ccd1c7c96d7a,2026-09-08 19:56:22.677153+00:00
Derrick Lewis,Ciryl Gane,0,0,16 of 37,98 of 122,43%,80%,16 of 37,112 of 136,0 of 1,0 of 1,0%,0%,0,0,0,0,0:08,1:21,http://ufcstats.com/fight-details/bf732e22055e8634,http://ufcstats.com/event-details/972197a8c61ac413,http://www.ufcstats.com/fighter-details/d3df1add9d9a7efb,http://www.ufcstats.com/fighter-details/787bb1f087ccff8a,Ciryl Gane,Heavyweight,KO/TKO,3,4:11,http://ufcstats.com/fight-details/bf732e22055e8634,c51ba89947344bee9661ccd1c7c96d7a,2026-09-08 19:56:42.789669+00:00
Tecia Pennington,Angela Hill,0,0,144 of 298,96 of 188,48%,51%,166 of 322,99 of 191,1 of 6,2 of 7,16%,28%,0,0,0,0,0:16,1:56,http://ufcstats.com/fight-details/903d2c361d005b70,http://ufcstats.com/event-details/972197a8c61ac413,http://www.ufcstats.com/fighter-details/31ef8b67e13495b3,http://www.ufcstats.com/fighter-details/f0feeb2192937424,Tecia Pennington,Women's Strawweight,Decision - Unanimous,3,5:00,http://ufcstats.com/fight-details/903d2c361d005b70,c51ba89947344bee9661ccd1c7c96d7a,2026-09-08 19:56:48.041635+00:00
King Green,Rafael Fiziev,0,0,143 of 263,104 of 223,54%,46%,143 of 263,104 of 223,0 of 2,0 of 0,0%,---,0,0,0,0,0:00,0:08,http://ufcstats.com/fight-details/76ece0ee2ef5d240,http://ufcstats.com/event-details/972197a8c61ac413,http://www.ufcstats.com/fighter-details/887961364be5ceb3,http://www.ufcstats.com/fighter-details/c814b4c899793af6,Rafael Fiziev,Lightweight,Decision - Unanimous,3,5:00,http://ufcstats.com/fight-details/76ece0ee2ef5d240,c51ba89947344bee9661ccd1c7c96d7a,2026-09-08 19:56:51.298081+00:00
Darren Elkins,Darrick Minner,0,0,20 of 30,19 of 35,66%,54%,137 of 154,36 of 55,1 of 2,2 of 2,50%,100%,0,3,2,2,3:01,4:41,http://ufcstats.com/fight-details/1bde9cb65d31cc76,http://ufcstats.com/event-details/e57f0b06ea39e360,http://www.ufcstats.com/fighter-details/92a9aa9c93192871,http://www.ufcstats.com/fighter-details/34e516ab361afb1c,Darren Elkins,Featherweight,KO/TKO,2,3:48,http://ufcstats.com/fight-details/1bde9cb65d31cc76,c51ba89947344bee9661ccd1c7c96d7a,2026-09-08 19:57:29.148815+00:00
Jeremy Stephens,Mateusz Gamrot,0,0,0 of 0,1 of 1,---,100%,2 of 2,1 of 1,0 of 0,1 of 2,---,50%,0,1,0,0,0:03,0:46,http://ufcstats.com/fight-details/72105dd82d964e7a,http://ufcstats.com/event-details/40389d39a92f5bfa,http://www.ufcstats.com/fighter-details/18968f97ad34f15c,http://www.ufcstats.com/fighter-details/72db2a14ffa73ece,Mateusz Gamrot,Lightweight,Submission,1,1:05,http://ufcstats.com/fight-details/72105dd82d964e7a,c51ba89947344bee9661ccd1c7c96d7a,2026-09-08 19:57:49.471735+00:00
Dustin Poirier,Conor McGregor,0,0,36 of 66,27 of 38,54%,71%,36 of 66,43 of 54,1 of 2,0 of 0,50%,---,0,1,0,0,3:18,0:00,http://ufcstats.com/fight-details/7d0ce28ce8a77eb1,http://ufcstats.com/event-details/8a0be41c0380188d,http://www.ufcstats.com/fighter-details/029eaff01e6bb8f0,http://www.ufcstats.com/fighter-details/f4c49976c75c5ab2,Dustin Poirier,Lightweight,TKO - Doctor's Stoppage,1,5:00,http://ufcstats.com/fight-details/7d0ce28ce8a77eb1,c51ba89947344bee9661ccd1c7c96d7a,2026-09-08 19:58:05.242177+00:00
Omari Akhmedov,Brad Tavares,0,1,48 of 166,84 of 150,28%,56%,50 of 168,88 of 155,2 of 9,0 of 0,22%,---,0,0,0,0,1:42,0:09,http://ufcstats.com/fight-details/1aba46988c9b58f9,http://ufcstats.com/event-details/8a0be41c0380188d,http://www.ufcstats.com/fighter-details/16690d100f995f8f,http://www.ufcstats.com/fighter-details/0c6d9ea8306c029e,Brad Tavares,Middleweight,Decision - Split,3,5:00,http://ufcstats.com/fight-details/1aba46988c9b58f9,c51ba89947344bee9661ccd1c7c96d7a,2026-09-08 19:58:22.209267+00:00
Tanner Boser,Ovince Saint Preux,1,0,33 of 72,9 of 21,45%,42%,33 of 72,12 of 26,0 of 0,1 of 5,---,20%,0,0,0,0,0:16,1:12,http://ufcstats.com/fight-details/d40eae4425092219,http://ufcstats.com/event-details/a1d6b308781aa2f5,http://www.ufcstats.com/fighter-details/04c8b08b16a5b99e,http://www.ufcstats.com/fighter-details/50db8711c70196cd,Tanner Boser,Heavyweight,KO/TKO,2,2:31,http://ufcstats.com/fight-details/d40eae4425092219,c51ba89947344bee9661ccd1c7c96d7a,2026-09-08 19:58:28.865041+00:00
Tim Means,Nicolas Dalby,0,0,53 of 93,54 of 116,56%,46%,94 of 134,84 of 146,1 of 4,0 of 4,25%,0%,0,0,0,0,8:03,1:31,http://ufcstats.com/fight-details/c9283da5f4d7aaf4,http://ufcstats.com/event-details/a1d6b308781aa2f5,http://www.ufcstats.com/fighter-details/4b47e71384a9522f,http://www.ufcstats.com/fighter-details/9d19d9e4aa2662e8,Tim Means,Welterweight,Decision - Unanimous,3,5:00,http://ufcstats.com/fight-details/c9283da5f4d7aaf4,c51ba89947344bee9661ccd1c7c96d7a,2026-09-08 19:58:33.912047+00:00
Matt Brown,Dhiego Lima,1,0,27 of 49,23 of 54,55%,42%,30 of 52,23 of 54,0 of 0,0 of 4,---,0%,0,0,0,0,0:03,0:52,http://ufcstats.com/fight-details/2bdf774dc8b17504,http://ufcstats.com/event-details/9ddfb3369a3b0394,http://www.ufcstats.com/fighter-details/31123249b0bbf52e,http://www.ufcstats.com/fighter-details/e9213f53ddeca978,Matt Brown,Welterweight,KO/TKO,2,3:02,http://ufcstats.com/fight-details/2bdf774dc8b17504,c51ba89947344bee9661ccd1c7c96d7a,2026-09-08 19:58:58.584281+00:00
Demian Maia,Belal Muhammad,0,0,21 of 53,45 of 127,39%,35%,23 of 55,92 of 177,1 of 21,0 of 0,4%,---,0,0,0,0,4:14,0:00,http://ufcstats.com/fight-details/43dfb2c1e5fecac9,http://ufcstats.com/event-details/0b64d0fed453ef7f,http://www.ufcstats.com/fighter-details/427b5953ac8e3a27,http://www.ufcstats.com/fighter-details/b1b0729d27936f2f,Belal Muhammad,Welterweight,Decision - Unanimous,3,5:00,http://ufcstats.com/fight-details/43dfb2c1e5fecac9,c51ba89947344bee9661ccd1c7c96d7a,2026-09-08 19:59:18.061216+00:00
Drew Dober,Brad Riddell,0,0,73 of 168,89 of 137,43%,64%,78 of 173,113 of 161,1 of 5,5 of 11,20%,45%,0,0,1,0,1:05,2:30,http://ufcstats.com/fight-details/7d2051c6bae907cb,http://ufcstats.com/event-details/0b64d0fed453ef7f,http://www.ufcstats.com/fighter-details/519e4fe37ce9ff75,http://www.ufcstats.com/fighter-details/37ed1ab2f8b819f4,Brad Riddell,Lightweight,Decision - Unanimous,3,5:00,http://ufcstats.com/fight-details/7d2051c6bae907cb,c51ba89947344bee9661ccd1c7c96d7a,2026-09-08 19:59:21.543659+00:00
Charles Oliveira,Michael Chandler,2,0,24 of 32,30 of 55,75%,54%,32 of 41,36 of 61,1 of 2,0 of 0,50%,---,0,1,0,1,1:42,2:27,http://ufcstats.com/fight-details/fef29aa73bd5b907,http://ufcstats.com/event-details/744f50016c39c26c,http://www.ufcstats.com/fighter-details/07225ba28ae309b6,http://www.ufcstats.com/fighter-details/4b93a88f3b1de35b,Charles Oliveira,Lightweight,KO/TKO,2,0:19,http://ufcstats.com/fight-details/fef29aa73bd5b907,c51ba89947344bee9661ccd1c7c96d7a,2026-09-08 20:00:25.296924+00:00
Shane Burgos,Edson Barboza,0,1,80 of 180,98 of 191,44%,51%,80 of 180,98 of 191,0 of 0,0 of 0,---,---,0,0,0,0,0:03,0:03,http://ufcstats.com/fight-details/6655a8da2655f2d0,http://ufcstats.com/event-details/744f50016c39c26c,http://www.ufcstats.com/fighter-details/98d961097baaf308,http://www.ufcstats.com/fighter-details/64a50dad704d1d49,Edson Barboza,Featherweight,KO/TKO,3,1:16,http://ufcstats.com/fight-details/6655a8da2655f2d0,c51ba89947344bee9661ccd1c7c96d7a,2026-09-08 20:00:32.244107+00:00
Donald Cerrone,Alex Morono,0,0,17 of 35,35 of 84,48%,41%,18 of 36,41 of 90,0 of 2,0 of 2,0%,0%,0,0,0,0,0:02,0:47,http://ufcstats.com/fight-details/db2c805201a3116e,http://ufcstats.com/event-details/58a36b4ccf5dc30e,http://www.ufcstats.com/fighter-details/1d00756835ca67c9,http://www.ufcstats.com/fighter-details/cdb96af67d096b1e,Alex Morono,Welterweight,KO/TKO,1,4:40,http://ufcstats.com/fight-details/db2c805201a3116e,c51ba89947344bee9661ccd1c7c96d7a,2026-09-08 20:00:48.549839+00:00
Neil Magny,Geoff Neal,0,0,55 of 174,35 of 73,31%,47%,89 of 214,37 of 76,2 of 10,1 of 2,20%,50%,0,0,0,0,1:43,3:50,http://ufcstats.com/fight-details/178c4926223dca0c,http://ufcstats.com/event-details/58a36b4ccf5dc30e,http://www.ufcstats.com/fighter-details/84b3e7d38f2d2ec5,http://www.ufcstats.com/fighter-details/b997be68943010fc,Neil Magny,Welterweight,Decision - Unanimous,3,5:00,http://ufcstats.com/fight-details/178c4926223dca0c,c51ba89947344bee9661ccd1c7c96d7a,2026-09-08 20:00:50.420829+00:00
Valentina Shevchenko,Jessica Andrade,0,0,32 of 39,10 of 15,82%,66%,90 of 97,47 of 55,7 of 7,0 of 2,100%,0%,1,0,0,0,5:11,0:57,http://ufcstats.com/fight-details/34d2632fd26e7078,http://ufcstats.com/event-details/27541033b97c076d,http://www.ufcstats.com/fighter-details/132deb59abae64b1,http://www.ufcstats.com/fighter-details/6a1901c62ab3870f,Valentina Shevchenko,Women's Flyweight,KO/TKO,2,3:19,http://ufcstats.com/fight-details/34d2632fd26e7078,c51ba89947344bee9661ccd1c7c96d7a,2026-09-08 20:01:26.848037+00:00
Andrei Arlovski,Chase Sherman,0,0,105 of 222,88 of 192,47%,45%,109 of 226,99 of 203,0 of 0,0 of 0,---,---,0,0,0,0,0:39,0:00,http://ufcstats.com/fight-details/f2c82f027201ba21,http://ufcstats.com/event-details/4a35913bd9aa4161,http://www.ufcstats.com/fighter-details/3738e68d2261e60f,http://www.ufcstats.com/fighter-details/01b352b6a9074d5c,Andrei Arlovski,Heavyweight,Decision - Unanimous,3,5:00,http://ufcstats.com/fight-details/f2c82f027201ba21,c51ba89947344bee9661ccd1c7c96d7a,2026-09-08 20:01:48.060017+00:00
Marvin Vettori,Kevin Holland,0,0,24 of 64,37 of 103,37%,35%,152 of 250,138 of 214,11 of 17,0 of 0,64%,---,1,0,0,0,20:01,0:03,http://ufcstats.com/fight-details/ddd63237f1b857a6,http://ufcstats.com/event-details/9114c8ded5ccd71d,http://www.ufcstats.com/fighter-details/7acbb0972e75281a,http://www.ufcstats.com/fighter-details/3a46b268013afede,Marvin Vettori,Middleweight,Decision - Unanimous,5,5:00,http://ufcstats.com/fight-details/ddd63237f1b857a6,c51ba89947344bee9661ccd1c7c96d7a,2026-09-08 20:02:04.709424+00:00
Jim Miller,Joe Solecki,0,0,11 of 34,19 of 42,32%,45%,45 of 76,93 of 146,0 of 0,1 of 4,---,25%,0,0,0,0,2:03,9:23,http://ufcstats.com/fight-details/e27c28928ed4390f,http://ufcstats.com/event-details/9114c8ded5ccd71d,http://www.ufcstats.com/fighter-details/d1941565abf50b16,http://www.ufcstats.com/fighter-details/af65aa688d13eedf,Joe Solecki,Lightweight,Decision - Unanimous,3,5:00,http://ufcstats.com/fight-details/e27c28928ed4390f,c51ba89947344bee9661ccd1c7c96d7a,2026-09-08 20:02:13.144963+00:00
Derek Brunson,Kevin Holland,0,0,43 of 93,36 of 74,46%,48%,226 of 323,190 of 236,6 of 12,1 of 1,50%,100%,1,0,0,0,16:55,1:47,http://ufcstats.com/fight-details/2efbcd870f1f7bc7,http://ufcstats.com/event-details/c36e1f4fa755ffb4,http://www.ufcstats.com/fighter-details/b1a3e0aca758b322,http://www.ufcstats.com/fighter-details/3a46b268013afede,Derek Brunson,Middleweight,Decision - Unanimous,5,5:00,http://ufcstats.com/fight-details/2efbcd870f1f7bc7,c51ba89947344bee9661ccd1c7c96d7a,2026-09-08 20:02:46.024943+00:00
Angela Hill,Ashley Yoder,0,0,77 of 135,34 of 116,57%,29%,97 of 165,53 of 143,1 of 3,2 of 6,33%,33%,0,0,0,0,3:52,2:39,http://ufcstats.com/fight-details/18c67631b76c18e5,http://ufcstats.com/event-details/8c90c1563972e44d,http://www.ufcstats.com/fighter-details/f0feeb2192937424,http://www.ufcstats.com/fighter-details/b4c6c904a9ffc5e8,Angela Hill,Women's Strawweight,Decision - Unanimous,3,5:00,http://ufcstats.com/fight-details/18c67631b76c18e5,c51ba89947344bee9661ccd1c7c96d7a,2026-09-08 20:03:14.878622+00:00
Islam Makhachev,Drew Dober,0,0,15 of 25,10 of 20,60%,50%,102 of 119,14 of 24,3 of 4,0 of 0,75%,---,2,0,0,0,9:26,0:12,http://ufcstats.com/fight-details/c06d7bb29bc24d00,http://ufcstats.com/event-details/6e2b1d631832921d,http://www.ufcstats.com/fighter-details/275aca31f61ba28c,http://www.ufcstats.com/fighter-details/519e4fe37ce9ff75,Islam Makhachev,Lightweight,Submission,3,1:37,http://ufcstats.com/fight-details/c06d7bb29bc24d00,c51ba89947344bee9661ccd1c7c96d7a,2026-09-08 20:03:33.165473+00:00
Alex Caceres,Kevin Croom,0,0,48 of 68,16 of 51,70%,31%,97 of 121,26 of 67,1 of 1,1 of 16,100%,6%,1,0,1,1,3:44,7:32,http://ufcstats.com/fight-details/6a0341234ecc4e87,http://ufcstats.com/event-details/81b57acd6975ac06,http://www.ufcstats.com/fighter-details/7aa3d6964eff4877,http://www.ufcstats.com/fighter-details/35b3772629e27a49,Alex Caceres,Featherweight,Decision - Unanimous,3,5:00,http://ufcstats.com/fight-details/6a0341234ecc4e87,c51ba89947344bee9661ccd1c7c96d7a,2026-09-08 20:04:02.765519+00:00
Curtis Blaydes,Derrick Lewis,0,1,28 of 52,7 of 23,53%,30%,28 of 52,7 of 23,0 of 3,0 of 0,0%,---,0,0,0,0,0:15,0:02,http://ufcstats.com/fight-details/b12bc15f384ecc42,http://ufcstats.com/event-details/bfe95ec546692b13,http://www.ufcstats.com/fighter-details/fa6796c55d6c5440,http://www.ufcstats.com/fighter-details/d3df1add9d9a7efb,Derrick Lewis,Heavyweight,KO/TKO,2,1:26,http://ufcstats.com/fight-details/b12bc15f384ecc42,c51ba89947344bee9661ccd1c7c96d7a,2026-09-08 20:04:12.656864+00:00
Andrei Arlovski,Tom Aspinall,0,0,20 of 55,37 of 60,36%,61%,22 of 57,41 of 64,0 of 0,1 of 1,---,100%,0,1,0,0,0:00,2:17,http://ufcstats.com/fight-details/15b1c7ddc4415fdd,http://ufcstats.com/event-details/bfe95ec546692b13,http://www.ufcstats.com/fighter-details/3738e68d2261e60f,http://www.ufcstats.com/fighter-details/399afbabc02376b5,Tom Aspinall,Heavyweight,Submission,2,1:09,http://ufcstats.com/fight-details/15b1c7ddc4415fdd,c51ba89947344bee9661ccd1c7c96d7a,2026-09-08 20:04:20.884896+00:00
Cory Sandhagen,Frankie Edgar,1,0,2 of 5,2 of 3,40%,66%,2 of 5,2 of 3,0 of 0,0 of 0,---,---,0,0,0,0,0:02,0:00,http://ufcstats.com/fight-details/9ef858837dfc65eb,http://ufcstats.com/event-details/a1153013cb5f628f,http://www.ufcstats.com/fighter-details/65f09bacd3957381,http://www.ufcstats.com/fighter-details/f2688492b9a525a3,Cory Sandhagen,Bantamweight,KO/TKO,1,0:28,http://ufcstats.com/fight-details/9ef858837dfc65eb,c51ba89947344bee9661ccd1c7c96d7a,2026-09-08 20:04:53.595419+00:00
Michael Johnson,Clay Guida,0,0,58 of 126,49 of 89,46%,55%,70 of 138,65 of 107,0 of 0,3 of 7,---,42%,0,1,0,0,3:03,6:53,http://ufcstats.com/fight-details/f4fbb11055301e75,http://ufcstats.com/event-details/a1153013cb5f628f,http://www.ufcstats.com/fighter-details/511e82663651438d,http://www.ufcstats.com/fighter-details/c47df9303d318c67,Clay Guida,Lightweight,Decision - Unanimous,3,5:00,http://ufcstats.com/fight-details/f4fbb11055301e75,c51ba89947344bee9661ccd1c7c96d7a,2026-09-08 20:04:55.338123+00:00
Dustin Poirier,Conor McGregor,1,0,48 of 91,29 of 66,52%,43%,53 of 98,52 of 92,1 of 1,0 of 1,100%,0%,0,0,0,0,1:42,1:07,http://ufcstats.com/fight-details/3d3e7dc7b4bf2bc4,http://ufcstats.com/event-details/4304992c2acc187b,http://www.ufcstats.com/fighter-details/029eaff01e6bb8f0,http://www.ufcstats.com/fighter-details/f4c49976c75c5ab2,Dustin Poirier,Lightweight,KO/TKO,2,2:32,http://ufcstats.com/fight-details/3d3e7dc7b4bf2bc4,c51ba89947344bee9661ccd1c7c96d7a,2026-09-08 20:05:16.020056+00:00
Brad Tavares,Antonio Carlos Junior,0,0,54 of 108,34 of 103,50%,33%,73 of 135,57 of 135,0 of 0,1 of 12,---,8%,0,0,0,0,0:05,6:28,http://ufcstats.com/fight-details/92f569a6d9374b86,http://ufcstats.com/event-details/4304992c2acc187b,http://www.ufcstats.com/fighter-details/0c6d9ea8306c029e,http://www.ufcstats.com/fighter-details/52e76bb4b3e852f3,Brad Tavares,Middleweight,Decision - Unanimous,3,5:00,http://ufcstats.com/fight-details/92f569a6d9374b86,c51ba89947344bee9661ccd1c7c96d7a,2026-09-08 20:05:25.535665+00:00
Michael Chiesa,Neil Magny,0,0,24 of 52,12 of 50,46%,24%,93 of 125,52 of 96,4 of 6,1 of 3,66%,33%,0,1,0,0,15:21,2:15,http://ufcstats.com/fight-details/61bedad39b15db7a,http://ufcstats.com/event-details/56116537d71a578c,http://www.ufcstats.com/fighter-details/c58f51dedb310998,http://www.ufcstats.com/fighter-details/84b3e7d38f2d2ec5,Michael Chiesa,Welterweight,Decision - Unanimous,5,5:00,http://ufcstats.com/fight-details/61bedad39b15db7a,c51ba89947344bee9661ccd1c7c96d7a,2026-09-08 20:05:35.086344+00:00
Max Holloway,Calvin Kattar,0,0,445 of 744,133 of 283,59%,47%,447 of 746,134 of 284,0 of 1,0 of 2,0%,0%,0,0,0,0,0:27,0:05,http://ufcstats.com/fight-details/a4817b7e46028b4a,http://ufcstats.com/event-details/307064d3e0f036c2,http://www.ufcstats.com/fighter-details/150ff4cc642270b9,http://www.ufcstats.com/fighter-details/751de04455cfaac0,Max Holloway,Featherweight,Decision - Unanimous,5,5:00,http://ufcstats.com/fight-details/a4817b7e46028b4a,c51ba89947344bee9661ccd1c7c96d7a,2026-09-08 20:05:57.937401+00:00
Carlos Condit,Matt Brown,0,0,39 of 88,28 of 37,44%,75%,157 of 209,37 of 52,2 of 4,1 of 6,50%,16%,0,0,1,0,4:52,6:06,http://ufcstats.com/fight-details/6b0da0b1cda7799f,http://ufcstats.com/event-details/307064d3e0f036c2,http://www.ufcstats.com/fighter-details/f9f07bb5a43535ed,http://www.ufcstats.com/fighter-details/31123249b0bbf52e,Carlos Condit,Welterweight,Decision - Unanimous,3,5:00,http://ufcstats.com/fight-details/6b0da0b1cda7799f,c51ba89947344bee9661ccd1c7c96d7a,2026-09-08 20:05:59.645138+00:00
Tony Ferguson,Charles Oliveira,0,0,19 of 42,41 of 63,45%,65%,26 of 49,86 of 112,0 of 0,3 of 3,---,100%,0,3,0,0,0:05,11:39,http://ufcstats.com/fight-details/b7b867eb3c3cf163,http://ufcstats.com/event-details/d0d43cb9b14f231c,http://www.ufcstats.com/fighter-details/22a92d7f62195791,http://www.ufcstats.com/fighter-details/07225ba28ae309b6,Charles Oliveira,Lightweight,Decision - Unanimous,3,5:00,http://ufcstats.com/fight-details/b7b867eb3c3cf163,c51ba89947344bee9661ccd1c7c96d7a,2026-09-08 20:06:40.337490+00:00
Kevin Holland,Jacare Souza,0,0,15 of 18,2 of 2,83%,100%,21 of 24,2 of 2,0 of 0,2 of 3,---,66%,0,0,0,0,0:02,1:27,http://ufcstats.com/fight-details/4a172a5191cb8e60,http://ufcstats.com/event-details/d0d43cb9b14f231c,http://www.ufcstats.com/fighter-details/3a46b268013afede,http://www.ufcstats.com/fighter-details/7a703c565ccaa18f,Kevin Holland,Middleweight,KO/TKO,1,1:45,http://ufcstats.com/fight-details/4a172a5191cb8e60,c51ba89947344bee9661ccd1c7c96d7a,2026-09-08 20:06:43.686708+00:00
Ovince Saint Preux,Jamahal Hill,0,0,36 of 72,68 of 128,50%,53%,37 of 73,68 of 128,0 of 0,0 of 0,---,---,0,0,0,0,0:00,0:15,http://ufcstats.com/fight-details/8d4a475e48722fea,http://ufcstats.com/event-details/398b440e73d55b8b,http://www.ufcstats.com/fighter-details/50db8711c70196cd,http://www.ufcstats.com/fighter-details/5444c5a201d3ee5a,Jamahal Hill,Light Heavyweight,KO/TKO,2,3:37,http://ufcstats.com/fight-details/8d4a475e48722fea,c51ba89947344bee9661ccd1c7c96d7a,2026-09-08 20:06:57.907983+00:00
Mike Perry,Tim Means,0,0,64 of 161,128 of 192,39%,66%,69 of 166,143 of 207,1 of 5,0 of 1,20%,0%,2,0,0,1,3:08,0:39,http://ufcstats.com/fight-details/2b13651b97f57b6c,http://ufcstats.com/event-details/bbb15f301e4a490a,http://www.ufcstats.com/fighter-details/f2b6fdb20675b11c,http://www.ufcstats.com/fighter-details/4b47e71384a9522f,Tim Means,Welterweight,Decision - Unanimous,3,5:00,http://ufcstats.com/fight-details/2b13651b97f57b6c,c51ba89947344bee9661ccd1c7c96d7a,2026-09-08 20:07:31.689325+00:00
Paul Felder,Rafael Dos Anjos,0,0,98 of 190,92 of 162,51%,56%,134 of 226,155 of 231,1 of 2,6 of 22,50%,27%,0,0,0,0,1:40,14:15,http://ufcstats.com/fight-details/80cb3cf9134b677c,http://ufcstats.com/event-details/3bc27ec15facbcf3,http://www.ufcstats.com/fighter-details/e5010b1b94ca5755,http://www.ufcstats.com/fighter-details/6a2f7c151031653d,Rafael Dos Anjos,Lightweight,Decision - Split,5,5:00,http://ufcstats.com/fight-details/80cb3cf9134b677c,c51ba89947344bee9661ccd1c7c96d7a,2026-09-08 20:07:48.893681+00:00
Andrei Arlovski,Tanner Boser,0,0,34 of 82,68 of 119,41%,57%,34 of 82,68 of 119,0 of 0,0 of 0,---,---,0,0,0,0,0:00,0:00,http://ufcstats.com/fight-details/f0cf92b063735164,http://ufcstats.com/event-details/41dca66f9dadfc86,http://www.ufcstats.com/fighter-details/3738e68d2261e60f,http://www.ufcstats.com/fighter-details/04c8b08b16a5b99e,Andrei Arlovski,Heavyweight,Decision - Unanimous,3,5:00,http://ufcstats.com/fight-details/f0cf92b063735164,c51ba89947344bee9661ccd1c7c96d7a,2026-09-08 20:08:07.535966+00:00
Darren Elkins,Eduardo Garagorri,0,0,32 of 72,36 of 78,44%,46%,120 of 168,48 of 90,7 of 21,0 of 0,33%,---,1,0,0,0,7:34,0:10,http://ufcstats.com/fight-details/69fa167ba5d0fd82,http://ufcstats.com/event-details/41dca66f9dadfc86,http://www.ufcstats.com/fighter-details/92a9aa9c93192871,http://www.ufcstats.com/fighter-details/7bde387d50829adf,Darren Elkins,Featherweight,Submission,3,2:22,http://ufcstats.com/fight-details/69fa167ba5d0fd82,c51ba89947344bee9661ccd1c7c96d7a,2026-09-08 20:08:17.265756+00:00
Kevin Holland,Charlie Ontiveros,0,0,11 of 12,2 of 2,91%,100%,33 of 34,2 of 2,2 of 2,0 of 0,100%,---,0,0,0,0,2:13,0:00,http://ufcstats.com/fight-details/997dcf5fd2eb0f2f,http://ufcstats.com/event-details/ad044be25c94dcfd,http://www.ufcstats.com/fighter-details/3a46b268013afede,http://www.ufcstats.com/fighter-details/318572f6f74b760d,Kevin Holland,Middleweight,Submission,1,2:39,http://ufcstats.com/fight-details/997dcf5fd2eb0f2f,c51ba89947344bee9661ccd1c7c96d7a,2026-09-08 20:08:28.214498+00:00
King Green,Thiago Moises,0,0,85 of 177,42 of 119,48%,35%,94 of 187,43 of 120,2 of 3,2 of 3,66%,66%,0,1,1,0,1:11,1:51,http://ufcstats.com/fight-details/6915d46b49999f60,http://ufcstats.com/event-details/ad044be25c94dcfd,http://www.ufcstats.com/fighter-details/887961364be5ceb3,http://www.ufcstats.com/fighter-details/d945aae53e3e54e6,Thiago Moises,Lightweight,Decision - Unanimous,3,5:00,http://ufcstats.com/fight-details/6915d46b49999f60,c51ba89947344bee9661ccd1c7c96d7a,2026-09-08 20:08:29.671793+00:00
Katlyn Cerminara,Jessica Andrade,0,1,19 of 53,28 of 43,35%,65%,27 of 61,62 of 79,0 of 0,2 of 3,---,66%,0,0,0,0,0:25,2:26,http://ufcstats.com/fight-details/e7a915f39ecf6db0,http://ufcstats.com/event-details/d4f364dd076bb0e2,http://www.ufcstats.com/fighter-details/e872e9a9a902c045,http://www.ufcstats.com/fighter-details/6a1901c62ab3870f,Jessica Andrade,Women's Flyweight,KO/TKO,1,4:55,http://ufcstats.com/fight-details/e7a915f39ecf6db0,c51ba89947344bee9661ccd1c7c96d7a,2026-09-08 20:09:05.311575+00:00
Edson Barboza,Makwan Amirkhani,2,0,32 of 74,11 of 39,43%,28%,34 of 77,25 of 59,0 of 0,3 of 6,---,50%,1,0,0,0,1:38,3:13,http://ufcstats.com/fight-details/db5802643b9fd7d4,http://ufcstats.com/event-details/fd4578cac86d75ca,http://www.ufcstats.com/fighter-details/64a50dad704d1d49,http://www.ufcstats.com/fighter-details/87a1dc546b1c5caf,Edson Barboza,Featherweight,Decision - Unanimous,3,5:00,http://ufcstats.com/fight-details/db5802643b9fd7d4,c51ba89947344bee9661ccd1c7c96d7a,2026-09-08 20:09:24.348164+00:00
Diego Sanchez,Jake Matthews,0,1,25 of 81,72 of 148,30%,48%,38 of 95,93 of 174,0 of 1,1 of 2,0%,50%,0,0,0,0,0:00,4:52,http://ufcstats.com/fight-details/73dbbdfcf7f989c0,http://ufcstats.com/event-details/e69c5ce12f4e762b,http://www.ufcstats.com/fighter-details/82e7929bf6c2b689,http://www.ufcstats.com/fighter-details/a845f0735bc67405,Jake Matthews,Welterweight,Decision - Unanimous,3,5:00,http://ufcstats.com/fight-details/73dbbdfcf7f989c0,c51ba89947344bee9661ccd1c7c96d7a,2026-09-08 20:10:14.822246+00:00
Donald Cerrone,Niko Price,0,0,113 of 230,150 of 312,49%,48%,113 of 230,167 of 330,0 of 5,0 of 1,0%,0%,0,0,0,0,0:50,0:47,http://ufcstats.com/fight-details/c0568b225d5f0fe6,http://ufcstats.com/event-details/831b937811804dad,http://www.ufcstats.com/fighter-details/1d00756835ca67c9,http://www.ufcstats.com/fighter-details/d8da10db80131bec,nc,Welterweight,Overturned,3,5:00,http://ufcstats.com/fight-details/c0568b225d5f0fe6,c51ba89947344bee9661ccd1c7c96d7a,2026-09-08 20:10:26.105396+00:00
Kevin Holland,Darren Stewart,0,0,74 of 129,57 of 110,57%,51%,163 of 223,97 of 159,0 of 3,3 of 8,0%,37%,0,0,0,0,3:35,4:09,http://ufcstats.com/fight-details/78c3ca588e55bf31,http://ufcstats.com/event-details/831b937811804dad,http://www.ufcstats.com/fighter-details/3a46b268013afede,http://www.ufcstats.com/fighter-details/a17ad5a5048e8c3f,Kevin Holland,Middleweight,Decision - Split,3,5:00,http://ufcstats.com/fight-details/78c3ca588e55bf31,c51ba89947344bee9661ccd1c7c96d7a,2026-09-08 20:10:32.415951+00:00
Michelle Waterson-Gomez,Angela Hill,0,0,128 of 324,131 of 261,39%,50%,162 of 361,146 of 278,1 of 18,0 of 0,5%,---,0,0,0,0,4:03,2:10,http://ufcstats.com/fight-details/0ffbf3096a13b47e,http://ufcstats.com/event-details/9c37681096c6f3a9,http://www.ufcstats.com/fighter-details/eb04b9d31e938edb,http://www.ufcstats.com/fighter-details/f0feeb2192937424,Michelle Waterson-Gomez,Women's Strawweight,Decision - Split,5,5:00,http://ufcstats.com/fight-details/0ffbf3096a13b47e,c51ba89947344bee9661ccd1c7c96d7a,2026-09-08 20:10:48.283190+00:00
King Green,Alan Patrick,0,0,61 of 95,19 of 69,64%,27%,109 of 149,38 of 89,4 of 6,1 of 6,66%,16%,0,0,0,0,7:31,1:43,http://ufcstats.com/fight-details/06910bddb0745856,http://ufcstats.com/event-details/9c37681096c6f3a9,http://www.ufcstats.com/fighter-details/887961364be5ceb3,http://www.ufcstats.com/fighter-details/cd7763bcadb5d4c8,King Green,Lightweight,Decision - Unanimous,3,5:00,http://ufcstats.com/fight-details/06910bddb0745856,c51ba89947344bee9661ccd1c7c96d7a,2026-09-08 20:10:55.085676+00:00
Ovince Saint Preux,Alonzo Menifield,1,0,33 of 80,19 of 40,41%,47%,33 of 80,21 of 43,0 of 0,0 of 2,---,0%,0,0,0,0,0:03,0:36,http://ufcstats.com/fight-details/0e809b7e37681783,http://ufcstats.com/event-details/542db012217ecb83,http://www.ufcstats.com/fighter-details/50db8711c70196cd,http://www.ufcstats.com/fighter-details/a495f599e787614f,Ovince Saint Preux,Light Heavyweight,KO/TKO,2,4:07,http://ufcstats.com/fight-details/0e809b7e37681783,c51ba89947344bee9661ccd1c7c96d7a,2026-09-08 20:11:12.320523+00:00
Robbie Lawler,Neil Magny,0,0,26 of 45,62 of 88,57%,70%,41 of 62,116 of 144,0 of 1,4 of 7,0%,57%,0,0,1,0,1:33,8:14,http://ufcstats.com/fight-details/864cddd6e165ea2d,http://ufcstats.com/event-details/e29cf523ebd155c5,http://www.ufcstats.com/fighter-details/f2925e6db404bf1d,http://www.ufcstats.com/fighter-details/84b3e7d38f2d2ec5,Neil Magny,Welterweight,Decision - Unanimous,3,5:00,http://ufcstats.com/fight-details/864cddd6e165ea2d,c51ba89947344bee9661ccd1c7c96d7a,2026-09-08 20:11:25.254928+00:00
Alex Caceres,Austin Springer,0,0,18 of 31,14 of 32,58%,43%,18 of 31,14 of 32,0 of 0,0 of 1,---,0%,1,0,0,0,0:10,0:03,http://ufcstats.com/fight-details/d43c007dab9c51b0,http://ufcstats.com/event-details/e29cf523ebd155c5,http://www.ufcstats.com/fighter-details/7aa3d6964eff4877,http://www.ufcstats.com/fighter-details/37cc294027f55e4d,Alex Caceres,Featherweight,Submission,1,3:38,http://ufcstats.com/fight-details/d43c007dab9c51b0,c51ba89947344bee9661ccd1c7c96d7a,2026-09-08 20:11:33.950761+00:00
Pedro Munhoz,Frankie Edgar,0,0,166 of 350,135 of 363,47%,37%,166 of 350,135 of 363,0 of 0,2 of 8,---,25%,0,0,0,0,0:00,0:18,http://ufcstats.com/fight-details/dfe14e13aa727a0c,http://ufcstats.com/event-details/af1e5c64b8663aa0,http://www.ufcstats.com/fighter-details/6bd02119599741a4,http://www.ufcstats.com/fighter-details/f2688492b9a525a3,Frankie Edgar,Bantamweight,Decision - Split,5,5:00,http://ufcstats.com/fight-details/dfe14e13aa727a0c,c51ba89947344bee9661ccd1c7c96d7a,2026-09-08 20:11:41.906222+00:00
Jim Miller,Vinc Pichel,0,0,14 of 39,41 of 78,35%,52%,26 of 57,84 of 124,2 of 2,3 of 5,100%,60%,2,0,1,0,5:10,6:34,http://ufcstats.com/fight-details/054794810817c1cc,http://ufcstats.com/event-details/bda04c573563cc2e,http://www.ufcstats.com/fighter-details/d1941565abf50b16,http://www.ufcstats.com/fighter-details/c77a953488e5607d,Vinc Pichel,Lightweight,Decision - Unanimous,3,5:00,http://ufcstats.com/fight-details/054794810817c1cc,c51ba89947344bee9661ccd1c7c96d7a,2026-09-08 20:12:07.254261+00:00
Derrick Lewis,Aleksei Oleinik,1,0,35 of 42,2 of 6,83%,33%,35 of 42,3 of 7,1 of 1,1 of 1,100%,100%,0,2,1,1,2:39,2:21,http://ufcstats.com/fight-details/a2e34655a41ba45c,http://ufcstats.com/event-details/7a82635ffa9b59fe,http://www.ufcstats.com/fighter-details/d3df1add9d9a7efb,http://www.ufcstats.com/fighter-details/98c23cb6da5b3352,Derrick Lewis,Heavyweight,KO/TKO,2,0:21,http://ufcstats.com/fight-details/a2e34655a41ba45c,c51ba89947344bee9661ccd1c7c96d7a,2026-09-08 20:12:18.496393+00:00
Tim Means,Laureano Staropoli,1,0,85 of 147,71 of 161,57%,44%,126 of 189,81 of 172,2 of 6,0 of 1,33%,0%,0,0,0,0,6:07,0:04,http://ufcstats.com/fight-details/6f1892ed71d943d7,http://ufcstats.com/event-details/7a82635ffa9b59fe,http://www.ufcstats.com/fighter-details/4b47e71384a9522f,http://www.ufcstats.com/fighter-details/a12a8314adc1c1c9,Tim Means,Welterweight,Decision - Unanimous,3,5:00,http://ufcstats.com/fight-details/6f1892ed71d943d7,c51ba89947344bee9661ccd1c7c96d7a,2026-09-08 20:12:26.616813+00:00
Kevin Holland,Joaquin Buckley,2,0,79 of 134,40 of 120,58%,33%,86 of 141,41 of 121,0 of 0,0 of 2,---,0%,0,0,0,0,0:12,0:13,http://ufcstats.com/fight-details/05f6459d1f3ed13f,http://ufcstats.com/event-details/7a82635ffa9b59fe,http://www.ufcstats.com/fighter-details/3a46b268013afede,http://www.ufcstats.com/fighter-details/b9437600497350f3,Kevin Holland,Middleweight,KO/TKO,3,0:32,http://ufcstats.com/fight-details/05f6459d1f3ed13f,c51ba89947344bee9661ccd1c7c96d7a,2026-09-08 20:12:28.253011+00:00
Lando Vannata,King Green,0,1,54 of 127,115 of 195,42%,58%,64 of 139,136 of 219,1 of 2,3 of 3,50%,100%,0,0,0,0,0:27,3:05,http://ufcstats.com/fight-details/0b21755eb0897396,http://ufcstats.com/event-details/3746e21bb508391a,http://www.ufcstats.com/fighter-details/f9b200db02b488d9,http://www.ufcstats.com/fighter-details/887961364be5ceb3,King Green,Lightweight,Decision - Unanimous,3,5:00,http://ufcstats.com/fight-details/0b21755eb0897396,c51ba89947344bee9661ccd1c7c96d7a,2026-09-08 20:12:48.668684+00:00
Alexander Volkanovski,Max Holloway,0,0,137 of 272,102 of 268,50%,38%,139 of 275,111 of 277,3 of 9,0 of 0,33%,---,0,0,0,0,1:26,0:00,http://ufcstats.com/fight-details/94b1596c6ff9a25d,http://ufcstats.com/event-details/dbd198f780286aca,http://www.ufcstats.com/fighter-details/e1248941344b3288,http://www.ufcstats.com/fighter-details/150ff4cc642270b9,Alexander Volkanovski,Featherweight,Decision - Split,5,5:00,http://ufcstats.com/fight-details/94b1596c6ff9a25d,c51ba89947344bee9661ccd1c7c96d7a,2026-09-08 20:14:09.582934+00:00
Jessica Andrade,Rose Namajunas,0,0,71 of 205,82 of 235,34%,34%,79 of 213,82 of 235,1 of 3,0 of 1,33%,0%,0,0,0,0,0:29,0:00,http://ufcstats.com/fight-details/e16f42a666e163d8,http://ufcstats.com/event-details/dbd198f780286aca,http://www.ufcstats.com/fighter-details/6a1901c62ab3870f,http://www.ufcstats.com/fighter-details/47b63240018d5d86,Rose Namajunas,Women's Strawweight,Decision - Split,3,5:00,http://ufcstats.com/fight-details/e16f42a666e163d8,c51ba89947344bee9661ccd1c7c96d7a,2026-09-08 20:14:12.920523+00:00
Dustin Poirier,Dan Hooker,0,0,153 of 231,155 of 253,66%,61%,208 of 289,182 of 283,1 of 7,4 of 9,14%,44%,4,0,0,0,2:49,6:02,http://ufcstats.com/fight-details/f8dd1e75978a3957,http://ufcstats.com/event-details/c32eab6c2119e989,http://www.ufcstats.com/fighter-details/029eaff01e6bb8f0,http://www.ufcstats.com/fighter-details/193b9d1858bc4df3,Dustin Poirier,Lightweight,Decision - Unanimous,5,5:00,http://ufcstats.com/fight-details/f8dd1e75978a3957,c51ba89947344bee9661ccd1c7c96d7a,2026-09-08 20:14:32.506445+00:00
Jim Miller,Roosevelt Roberts,0,0,2 of 3,1 of 2,66%,50%,9 of 10,7 of 8,0 of 0,0 of 0,---,---,1,0,0,0,1:48,0:26,http://ufcstats.com/fight-details/9b39e15b42422a08,http://ufcstats.com/event-details/2eab7a6c8b0ed8cc,http://www.ufcstats.com/fighter-details/d1941565abf50b16,http://www.ufcstats.com/fighter-details/37c5366d18ed6c05,Jim Miller,Catch Weight,Submission,1,2:25,http://ufcstats.com/fight-details/9b39e15b42422a08,c51ba89947344bee9661ccd1c7c96d7a,2026-09-08 20:14:58.030460+00:00
Clay Guida,King Green,0,0,23 of 65,85 of 150,35%,56%,27 of 69,90 of 158,3 of 12,2 of 3,25%,66%,0,2,0,0,4:32,1:11,http://ufcstats.com/fight-details/d851cbbbdfd05a49,http://ufcstats.com/event-details/2eab7a6c8b0ed8cc,http://www.ufcstats.com/fighter-details/c47df9303d318c67,http://www.ufcstats.com/fighter-details/887961364be5ceb3,King Green,Lightweight,Decision - Unanimous,3,5:00,http://ufcstats.com/fight-details/d851cbbbdfd05a49,c51ba89947344bee9661ccd1c7c96d7a,2026-09-08 20:14:59.754433+00:00
Neil Magny,Anthony Rocco Martin,0,0,64 of 110,37 of 82,58%,45%,82 of 130,46 of 91,0 of 6,1 of 2,0%,50%,0,0,0,0,2:19,4:57,http://ufcstats.com/fight-details/8bede5047e97d602,http://ufcstats.com/event-details/4c12aa7ca246e7a4,http://www.ufcstats.com/fighter-details/84b3e7d38f2d2ec5,http://www.ufcstats.com/fighter-details/5331b25a60417ffb,Neil Magny,Welterweight,Decision - Unanimous,3,5:00,http://ufcstats.com/fight-details/8bede5047e97d602,c51ba89947344bee9661ccd1c7c96d7a,2026-09-08 20:15:37.673126+00:00
Alex Caceres,Chase Hooper,1,0,103 of 164,53 of 187,62%,28%,109 of 170,60 of 197,1 of 1,0 of 2,100%,0%,0,0,0,1,2:31,2:56,http://ufcstats.com/fight-details/f2cd665eab69876a,http://ufcstats.com/event-details/4c12aa7ca246e7a4,http://www.ufcstats.com/fighter-details/7aa3d6964eff4877,http://www.ufcstats.com/fighter-details/971246648e162f0d,Alex Caceres,Featherweight,Decision - Unanimous,3,5:00,http://ufcstats.com/fight-details/f2cd665eab69876a,c51ba89947344bee9661ccd1c7c96d7a,2026-09-08 20:15:40.870156+00:00
Claudia Gadelha,Angela Hill,0,1,84 of 210,90 of 176,40%,51%,92 of 218,93 of 179,1 of 4,0 of 0,25%,---,0,0,0,0,2:47,0:37,http://ufcstats.com/fight-details/27bfb9205119f23b,http://ufcstats.com/event-details/dfb965c9824425db,http://www.ufcstats.com/fighter-details/ec34349e7dffcde7,http://www.ufcstats.com/fighter-details/f0feeb2192937424,Claudia Gadelha,Women's Strawweight,Decision - Split,3,5:00,http://ufcstats.com/fight-details/27bfb9205119f23b,c51ba89947344bee9661ccd1c7c96d7a,2026-09-08 20:16:17.527589+00:00
Dan Ige,Edson Barboza,0,1,79 of 164,80 of 144,48%,55%,100 of 189,87 of 152,1 of 4,0 of 0,25%,---,0,0,0,0,2:06,1:55,http://ufcstats.com/fight-details/58540b24ed77d31b,http://ufcstats.com/event-details/dfb965c9824425db,http://www.ufcstats.com/fighter-details/82a5152216251682,http://www.ufcstats.com/fighter-details/64a50dad704d1d49,Dan Ige,Featherweight,Decision - Split,3,5:00,http://ufcstats.com/fight-details/58540b24ed77d31b,c51ba89947344bee9661ccd1c7c96d7a,2026-09-08 20:16:19.150359+00:00
Matt Brown,Miguel Baeza,0,2,33 of 61,37 of 73,54%,50%,33 of 61,42 of 79,0 of 0,0 of 0,---,---,0,0,0,0,0:10,0:57,http://ufcstats.com/fight-details/adac148ee6fa3bf7,http://ufcstats.com/event-details/dfb965c9824425db,http://www.ufcstats.com/fighter-details/31123249b0bbf52e,http://www.ufcstats.com/fighter-details/82d4c957649faf9b,Miguel Baeza,Welterweight,KO/TKO,2,0:18,http://ufcstats.com/fight-details/adac148ee6fa3bf7,c51ba89947344bee9661ccd1c7c96d7a,2026-09-08 20:16:24.278027+00:00
Anthony Hernandez,Kevin Holland,0,1,0 of 3,14 of 18,0%,77%,0 of 3,14 of 18,0 of 0,0 of 0,---,---,0,0,0,0,0:00,0:04,http://ufcstats.com/fight-details/51461da4ba467901,http://ufcstats.com/event-details/dfb965c9824425db,http://www.ufcstats.com/fighter-details/093e1f5bb73850be,http://www.ufcstats.com/fighter-details/3a46b268013afede,Kevin Holland,Middleweight,KO/TKO,1,0:39,http://ufcstats.com/fight-details/51461da4ba467901,c51ba89947344bee9661ccd1c7c96d7a,2026-09-08 20:16:25.923614+00:00
Darren Elkins,Nate Landwehr,0,0,121 of 253,118 of 234,47%,50%,142 of 276,121 of 237,1 of 13,0 of 0,7%,---,0,0,0,1,1:24,0:29,http://ufcstats.com/fight-details/f039c93516e48253,http://ufcstats.com/event-details/dfb965c9824425db,http://www.ufcstats.com/fighter-details/92a9aa9c93192871,http://www.ufcstats.com/fighter-details/583ee11abddfc581,Nate Landwehr,Featherweight,Decision - Unanimous,3,5:00,http://ufcstats.com/fight-details/f039c93516e48253,c51ba89947344bee9661ccd1c7c96d7a,2026-09-08 20:16:29.306920+00:00
Ben Rothwell,Ovince Saint Preux,0,1,56 of 110,42 of 82,50%,51%,86 of 142,46 of 87,1 of 3,0 of 0,33%,---,0,0,0,0,5:49,0:22,http://ufcstats.com/fight-details/394ae51820bedd4c,http://ufcstats.com/event-details/5f8e00c27b7e7410,http://www.ufcstats.com/fighter-details/bd58d34e39b7b12a,http://www.ufcstats.com/fighter-details/50db8711c70196cd,Ben Rothwell,Heavyweight,Decision - Split,3,5:00,http://ufcstats.com/fight-details/394ae51820bedd4c,c51ba89947344bee9661ccd1c7c96d7a,2026-09-08 20:16:37.447486+00:00
Alexander Hernandez,Drew Dober,0,0,34 of 108,61 of 145,31%,42%,41 of 115,65 of 149,3 of 5,0 of 0,60%,---,0,0,0,0,1:07,0:11,http://ufcstats.com/fight-details/46c050a827ee83d6,http://ufcstats.com/event-details/5f8e00c27b7e7410,http://www.ufcstats.com/fighter-details/262a7d06203657e6,http://www.ufcstats.com/fighter-details/519e4fe37ce9ff75,Drew Dober,Lightweight,KO/TKO,2,4:25,http://ufcstats.com/fight-details/46c050a827ee83d6,c51ba89947344bee9661ccd1c7c96d7a,2026-09-08 20:16:39.146644+00:00
Andrei Arlovski,Philipe Lins,0,0,50 of 107,41 of 99,46%,41%,50 of 107,41 of 99,0 of 0,0 of 0,---,---,0,0,0,0,0:00,0:07,http://ufcstats.com/fight-details/312946f6b72ebd51,http://ufcstats.com/event-details/5f8e00c27b7e7410,http://www.ufcstats.com/fighter-details/3738e68d2261e60f,http://www.ufcstats.com/fighter-details/53c943c873cffe90,Andrei Arlovski,Heavyweight,Decision - Unanimous,3,5:00,http://ufcstats.com/fight-details/312946f6b72ebd51,c51ba89947344bee9661ccd1c7c96d7a,2026-09-08 20:16:42.421859+00:00
Michael Johnson,Thiago Moises,0,0,27 of 60,1 of 16,45%,6%,28 of 61,1 of 16,0 of 0,0 of 3,---,0%,0,1,0,0,0:21,0:00,http://ufcstats.com/fight-details/87f58feac6b50367,http://ufcstats.com/event-details/5f8e00c27b7e7410,http://www.ufcstats.com/fighter-details/511e82663651438d,http://www.ufcstats.com/fighter-details/d945aae53e3e54e6,Thiago Moises,Lightweight,Submission,2,0:25,http://ufcstats.com/fight-details/87f58feac6b50367,c51ba89947344bee9661ccd1c7c96d7a,2026-09-08 20:16:44.166672+00:00
Jeremy Stephens,Calvin Kattar,0,1,57 of 104,52 of 113,54%,46%,57 of 104,52 of 113,0 of 0,0 of 1,---,0%,0,0,0,0,0:06,0:06,http://ufcstats.com/fight-details/02f5621f480ad1d4,http://ufcstats.com/event-details/898337ef520fe4d3,http://www.ufcstats.com/fighter-details/18968f97ad34f15c,http://www.ufcstats.com/fighter-details/751de04455cfaac0,Calvin Kattar,Featherweight,KO/TKO,2,2:49,http://ufcstats.com/fight-details/02f5621f480ad1d4,c51ba89947344bee9661ccd1c7c96d7a,2026-09-08 20:16:58.746950+00:00
Anthony Pettis,Donald Cerrone,0,0,63 of 113,62 of 148,55%,41%,81 of 133,62 of 148,0 of 1,2 of 8,0%,25%,0,0,0,0,0:00,1:46,http://ufcstats.com/fight-details/b9abcce29378e5cc,http://ufcstats.com/event-details/898337ef520fe4d3,http://www.ufcstats.com/fighter-details/cbb682f5fcc44bfc,http://www.ufcstats.com/fighter-details/1d00756835ca67c9,Anthony Pettis,Welterweight,Decision - Unanimous,3,5:00,http://ufcstats.com/fight-details/b9abcce29378e5cc,c51ba89947344bee9661ccd1c7c96d7a,2026-09-08 20:17:03.022190+00:00
Kevin Lee,Charles Oliveira,0,0,41 of 80,43 of 65,51%,66%,61 of 100,51 of 73,2 of 3,0 of 1,66%,0%,0,2,1,1,6:30,0:11,http://ufcstats.com/fight-details/e0b323dae5bf4c90,http://ufcstats.com/event-details/53278852bcd91e11,http://www.ufcstats.com/fighter-details/ee9ebceabfd16fa7,http://www.ufcstats.com/fighter-details/07225ba28ae309b6,Charles Oliveira,Lightweight,Submission,3,0:28,http://ufcstats.com/fight-details/e0b323dae5bf4c90,c51ba89947344bee9661ccd1c7c96d7a,2026-09-08 20:17:14.277502+00:00
Demian Maia,Gilbert Burns,0,1,4 of 7,13 of 16,57%,81%,4 of 7,14 of 17,2 of 2,0 of 0,100%,---,0,0,0,0,1:24,0:04,http://ufcstats.com/fight-details/5cee1d8f1e43d6f5,http://ufcstats.com/event-details/53278852bcd91e11,http://www.ufcstats.com/fighter-details/427b5953ac8e3a27,http://www.ufcstats.com/fighter-details/23024fdfc966410a,Gilbert Burns,Welterweight,KO/TKO,1,2:34,http://ufcstats.com/fight-details/5cee1d8f1e43d6f5,c51ba89947344bee9661ccd1c7c96d7a,2026-09-08 20:17:16.246910+00:00
Neil Magny,Li Jingliang,0,0,74 of 139,16 of 62,53%,25%,123 of 188,16 of 65,4 of 7,2 of 3,57%,66%,0,0,0,0,5:04,3:38,http://ufcstats.com/fight-details/d66a8591af39ca7b,http://ufcstats.com/event-details/0b5b6876c2a4723f,http://www.ufcstats.com/fighter-details/84b3e7d38f2d2ec5,http://www.ufcstats.com/fighter-details/e64b96c07d7ce999,Neil Magny,Welterweight,Decision - Unanimous,3,5:00,http://ufcstats.com/fight-details/d66a8591af39ca7b,c51ba89947344bee9661ccd1c7c96d7a,2026-09-08 20:17:41.695078+00:00
Loma Lookboonmee,Angela Hill,0,0,53 of 130,48 of 126,40%,38%,68 of 156,70 of 163,1 of 1,1 of 4,100%,25%,0,1,0,0,1:36,3:12,http://ufcstats.com/fight-details/af5b940f2c686524,http://ufcstats.com/event-details/33b2f68ef95252e0,http://www.ufcstats.com/fighter-details/4e30e4250cb08b61,http://www.ufcstats.com/fighter-details/f0feeb2192937424,Angela Hill,Women's Strawweight,Decision - Unanimous,3,5:00,http://ufcstats.com/fight-details/af5b940f2c686524,c51ba89947344bee9661ccd1c7c96d7a,2026-09-08 20:18:36.558815+00:00
Diego Sanchez,Michel Pereira,0,1,25 of 64,53 of 91,39%,58%,29 of 68,56 of 94,0 of 6,2 of 2,0%,100%,0,0,0,0,0:10,0:50,http://ufcstats.com/fight-details/a02ffaf1fe462d28,http://ufcstats.com/event-details/5df17b3620145578,http://www.ufcstats.com/fighter-details/82e7929bf6c2b689,http://www.ufcstats.com/fighter-details/595db60957de51d3,Diego Sanchez,Welterweight,DQ,3,3:09,http://ufcstats.com/fight-details/a02ffaf1fe462d28,c51ba89947344bee9661ccd1c7c96d7a,2026-09-08 20:18:42.776313+00:00
Tim Means,Daniel Rodriguez,0,1,41 of 95,49 of 121,43%,40%,41 of 95,49 of 121,1 of 3,0 of 0,33%,---,0,1,0,0,0:11,0:05,http://ufcstats.com/fight-details/2dc48a745d6c662b,http://ufcstats.com/event-details/5df17b3620145578,http://www.ufcstats.com/fighter-details/4b47e71384a9522f,http://www.ufcstats.com/fighter-details/8a1f3b5c526cd6e6,Daniel Rodriguez,Welterweight,Submission,2,3:37,http://ufcstats.com/fight-details/2dc48a745d6c662b,c51ba89947344bee9661ccd1c7c96d7a,2026-09-08 20:18:50.874589+00:00
Jim Miller,Scott Holtzman,0,0,58 of 121,88 of 197,47%,44%,66 of 131,120 of 231,0 of 2,1 of 1,0%,100%,0,0,0,0,0:27,4:57,http://ufcstats.com/fight-details/f3e2038bfb9b5d9d,http://ufcstats.com/event-details/5df17b3620145578,http://www.ufcstats.com/fighter-details/d1941565abf50b16,http://www.ufcstats.com/fighter-details/df1eb4354d18a906,Scott Holtzman,Lightweight,Decision - Unanimous,3,5:00,http://ufcstats.com/fight-details/f3e2038bfb9b5d9d,c51ba89947344bee9661ccd1c7c96d7a,2026-09-08 20:18:53.795399+00:00
Derrick Lewis,Ilir Latifi,0,0,20 of 50,5 of 12,40%,41%,27 of 58,62 of 77,0 of 1,3 of 7,0%,42%,0,0,0,0,0:41,8:49,http://ufcstats.com/fight-details/cefb47bcc04f540e,http://ufcstats.com/event-details/b26d3e3746fb4024,http://www.ufcstats.com/fighter-details/d3df1add9d9a7efb,http://www.ufcstats.com/fighter-details/e9a3aeb207578eea,Derrick Lewis,Heavyweight,Decision - Unanimous,3,5:00,http://ufcstats.com/fight-details/cefb47bcc04f540e,c51ba89947344bee9661ccd1c7c96d7a,2026-09-08 20:19:10.706918+00:00
Rafael Dos Anjos,Michael Chiesa,0,0,14 of 36,9 of 51,38%,17%,23 of 52,54 of 107,0 of 1,6 of 8,0%,75%,0,0,0,0,0:42,10:13,http://ufcstats.com/fight-details/2ef54419defb2364,http://ufcstats.com/event-details/44aa652b181bcf68,http://www.ufcstats.com/fighter-details/6a2f7c151031653d,http://www.ufcstats.com/fighter-details/c58f51dedb310998,Michael Chiesa,Welterweight,Decision - Unanimous,3,5:00,http://ufcstats.com/fight-details/2ef54419defb2364,c51ba89947344bee9661ccd1c7c96d7a,2026-09-08 20:19:26.430070+00:00
Hannah Cifers,Angela Hill,0,0,46 of 108,70 of 155,42%,45%,50 of 114,80 of 170,0 of 0,1 of 1,---,100%,0,0,0,0,0:00,3:07,http://ufcstats.com/fight-details/b88b170a7fe40544,http://ufcstats.com/event-details/44aa652b181bcf68,http://www.ufcstats.com/fighter-details/2244d9a2b64b8c3b,http://www.ufcstats.com/fighter-details/f0feeb2192937424,Angela Hill,Women's Strawweight,KO/TKO,2,4:26,http://ufcstats.com/fight-details/b88b170a7fe40544,c51ba89947344bee9661ccd1c7c96d7a,2026-09-08 20:19:29.581784+00:00
Conor McGregor,Donald Cerrone,1,0,19 of 26,0 of 1,73%,0%,20 of 27,0 of 1,0 of 0,0 of 0,---,---,0,0,0,0,0:13,0:00,http://ufcstats.com/fight-details/eed6c9aff2234b7a,http://ufcstats.com/event-details/0c1773639c795466,http://www.ufcstats.com/fighter-details/f4c49976c75c5ab2,http://www.ufcstats.com/fighter-details/1d00756835ca67c9,Conor McGregor,Welterweight,KO/TKO,1,0:40,http://ufcstats.com/fight-details/eed6c9aff2234b7a,c51ba89947344bee9661ccd1c7c96d7a,2026-09-08 20:19:45.753957+00:00
Drew Dober,Nasrat Haqparast,1,0,13 of 26,7 of 11,50%,63%,13 of 26,7 of 11,0 of 0,0 of 0,---,---,0,0,0,0,0:06,0:00,http://ufcstats.com/fight-details/63dd38f0dcc2ee88,http://ufcstats.com/event-details/0c1773639c795466,http://www.ufcstats.com/fighter-details/519e4fe37ce9ff75,http://www.ufcstats.com/fighter-details/b7b84ccd221be298,Drew Dober,Lightweight,KO/TKO,1,1:10,http://ufcstats.com/fight-details/63dd38f0dcc2ee88,c51ba89947344bee9661ccd1c7c96d7a,2026-09-08 20:19:59.033633+00:00
Frankie Edgar,Chan Sung Jung,0,1,9 of 14,46 of 60,64%,76%,9 of 14,79 of 97,0 of 2,0 of 0,0%,---,0,0,0,0,2:12,0:00,http://ufcstats.com/fight-details/06f37329b223b451,http://ufcstats.com/event-details/74fefd43f073cd2f,http://www.ufcstats.com/fighter-details/f2688492b9a525a3,http://www.ufcstats.com/fighter-details/c451d67c09c55418,Chan Sung Jung,Featherweight,KO/TKO,1,3:18,http://ufcstats.com/fight-details/06f37329b223b451,c51ba89947344bee9661ccd1c7c96d7a,2026-09-08 20:20:07.333164+00:00
Max Holloway,Alexander Volkanovski,0,0,134 of 303,157 of 303,44%,51%,135 of 304,157 of 303,0 of 0,0 of 4,---,0%,0,0,0,0,0:02,0:44,http://ufcstats.com/fight-details/efc40ec41114d8fa,http://ufcstats.com/event-details/4565d435005319c0,http://www.ufcstats.com/fighter-details/150ff4cc642270b9,http://www.ufcstats.com/fighter-details/e1248941344b3288,Alexander Volkanovski,Featherweight,Decision - Unanimous,5,5:00,http://ufcstats.com/fight-details/efc40ec41114d8fa,c51ba89947344bee9661ccd1c7c96d7a,2026-09-08 20:20:33.050835+00:00
Matt Brown,Ben Saunders,0,0,30 of 47,12 of 23,63%,52%,40 of 59,38 of 49,2 of 3,0 of 0,66%,---,0,4,0,0,7:34,0:10,http://ufcstats.com/fight-details/98dd88d83f57c17a,http://ufcstats.com/event-details/4565d435005319c0,http://www.ufcstats.com/fighter-details/31123249b0bbf52e,http://www.ufcstats.com/fighter-details/484acc7b0f856ce9,Matt Brown,Welterweight,KO/TKO,2,4:55,http://ufcstats.com/fight-details/98dd88d83f57c17a,c51ba89947344bee9661ccd1c7c96d7a,2026-09-08 20:20:44.886288+00:00
Thiago Alves,Tim Means,0,1,13 of 26,23 of 41,50%,56%,13 of 26,24 of 42,0 of 0,0 of 3,---,0%,0,1,0,0,0:00,0:43,http://ufcstats.com/fight-details/57d04160f5438654,http://ufcstats.com/event-details/b09890ba7ce1d1e2,http://www.ufcstats.com/fighter-details/31ee470ef5dc8d7f,http://www.ufcstats.com/fighter-details/4b47e71384a9522f,Tim Means,Welterweight,Submission,1,2:38,http://ufcstats.com/fight-details/57d04160f5438654,c51ba89947344bee9661ccd1c7c96d7a,2026-09-08 20:21:06.119379+00:00
Charles Oliveira,Jared Gordon,1,0,10 of 16,7 of 18,62%,38%,10 of 16,7 of 18,0 of 1,0 of 0,0%,---,0,0,0,0,0:02,0:05,http://ufcstats.com/fight-details/7afe2a15ae7359e9,http://ufcstats.com/event-details/81ca2c245b19b3c5,http://www.ufcstats.com/fighter-details/07225ba28ae309b6,http://www.ufcstats.com/fighter-details/7026eca45f65377b,Charles Oliveira,Lightweight,KO/TKO,1,1:26,http://ufcstats.com/fight-details/7afe2a15ae7359e9,c51ba89947344bee9661ccd1c7c96d7a,2026-09-08 20:21:21.259106+00:00
Francisco Trinaldo,King Green,0,0,31 of 122,50 of 115,25%,43%,36 of 127,67 of 135,1 of 2,2 of 2,50%,100%,1,0,0,0,1:04,3:45,http://ufcstats.com/fight-details/22307b580e0c8d0d,http://ufcstats.com/event-details/81ca2c245b19b3c5,http://www.ufcstats.com/fighter-details/a8283a4f415e1eb9,http://www.ufcstats.com/fighter-details/887961364be5ceb3,Francisco Trinaldo,Lightweight,Decision - Unanimous,3,5:00,http://ufcstats.com/fight-details/22307b580e0c8d0d,c51ba89947344bee9661ccd1c7c96d7a,2026-09-08 20:21:29.557980+00:00
Derrick Lewis,Blagoy Ivanov,0,0,31 of 68,20 of 38,45%,52%,32 of 69,61 of 83,1 of 3,3 of 6,33%,50%,0,1,0,0,2:07,3:22,http://ufcstats.com/fight-details/f870cacadb058733,http://ufcstats.com/event-details/fd87b1bbfcde9d5e,http://www.ufcstats.com/fighter-details/d3df1add9d9a7efb,http://www.ufcstats.com/fighter-details/1788eee370f077b7,Derrick Lewis,Heavyweight,Decision - Split,3,5:00,http://ufcstats.com/fight-details/f870cacadb058733,c51ba89947344bee9661ccd1c7c96d7a,2026-09-08 20:22:08.884284+00:00
Brad Tavares,Edmen Shahbazyan,0,2,3 of 23,14 of 38,13%,36%,3 of 23,14 of 38,0 of 0,0 of 0,---,---,0,0,0,0,0:00,0:04,http://ufcstats.com/fight-details/a3e8ef1ce72a7d02,http://ufcstats.com/event-details/fd87b1bbfcde9d5e,http://www.ufcstats.com/fighter-details/0c6d9ea8306c029e,http://www.ufcstats.com/fighter-details/4144798612ef96e5,Edmen Shahbazyan,Middleweight,KO/TKO,1,2:27,http://ufcstats.com/fight-details/a3e8ef1ce72a7d02,c51ba89947344bee9661ccd1c7c96d7a,2026-09-08 20:22:15.700123+00:00
Andrei Arlovski,Jairzinho Rozenstruik,0,1,4 of 9,5 of 9,44%,55%,4 of 9,5 of 9,0 of 0,0 of 0,---,---,0,0,0,0,0:00,0:02,http://ufcstats.com/fight-details/83f7c3b91a402306,http://ufcstats.com/event-details/fd87b1bbfcde9d5e,http://www.ufcstats.com/fighter-details/3738e68d2261e60f,http://www.ufcstats.com/fighter-details/2cd428e9606856fd,Jairzinho Rozenstruik,Heavyweight,KO/TKO,1,0:29,http://ufcstats.com/fight-details/83f7c3b91a402306,c51ba89947344bee9661ccd1c7c96d7a,2026-09-08 20:22:17.426466+00:00
Demian Maia,Ben Askren,0,0,69 of 122,63 of 127,56%,49%,84 of 137,102 of 168,0 of 0,4 of 7,---,57%,1,0,2,1,1:29,1:54,http://ufcstats.com/fight-details/241a0833e1c76804,http://ufcstats.com/event-details/df05aa15b2d66f57,http://www.ufcstats.com/fighter-details/427b5953ac8e3a27,http://www.ufcstats.com/fighter-details/0b31f87be71ebbb1,Demian Maia,Welterweight,Submission,3,3:54,http://ufcstats.com/fight-details/241a0833e1c76804,c51ba89947344bee9661ccd1c7c96d7a,2026-09-08 20:22:26.211247+00:00
Michael Johnson,Stevie Ray,0,0,78 of 173,85 of 188,45%,45%,81 of 176,104 of 207,0 of 0,1 of 4,---,25%,0,0,0,0,0:00,2:54,http://ufcstats.com/fight-details/3162ae3ccbf785ac,http://ufcstats.com/event-details/df05aa15b2d66f57,http://www.ufcstats.com/fighter-details/511e82663651438d,http://www.ufcstats.com/fighter-details/31a13532e724ca2b,Stevie Ray,Lightweight,Decision - Majority,3,5:00,http://ufcstats.com/fight-details/3162ae3ccbf785ac,c51ba89947344bee9661ccd1c7c96d7a,2026-09-08 20:22:28.024124+00:00
Yair Rodriguez,Jeremy Stephens,0,0,96 of 170,50 of 95,56%,52%,136 of 213,99 of 156,0 of 3,3 of 4,0%,75%,0,0,0,0,3:10,5:35,http://ufcstats.com/fight-details/d2dc6fb05ad78d80,http://ufcstats.com/event-details/3ae10ac4df3df05c,http://www.ufcstats.com/fighter-details/cbf5e6f231b55443,http://www.ufcstats.com/fighter-details/18968f97ad34f15c,Yair Rodriguez,Featherweight,Decision - Unanimous,3,5:00,http://ufcstats.com/fight-details/d2dc6fb05ad78d80,c51ba89947344bee9661ccd1c7c96d7a,2026-09-08 20:22:48.019031+00:00
Brendan Allen,Kevin Holland,0,0,10 of 22,22 of 38,45%,57%,23 of 41,37 of 55,2 of 3,1 of 1,66%,100%,4,1,2,1,2:54,4:44,http://ufcstats.com/fight-details/74b44635535cb290,http://ufcstats.com/event-details/3ae10ac4df3df05c,http://www.ufcstats.com/fighter-details/2f181c0467965b98,http://www.ufcstats.com/fighter-details/3a46b268013afede,Brendan Allen,Middleweight,Submission,2,3:38,http://ufcstats.com/fight-details/74b44635535cb290,c51ba89947344bee9661ccd1c7c96d7a,2026-09-08 20:23:05.091919+00:00
Michal Oleksiejczuk,Ovince Saint Preux,0,0,37 of 78,14 of 48,47%,29%,39 of 80,20 of 54,0 of 0,1 of 2,---,50%,0,1,0,0,1:30,0:49,http://ufcstats.com/fight-details/b6dad3a9bf911bfd,http://ufcstats.com/event-details/1bf49bf829964144,http://www.ufcstats.com/fighter-details/0d65c432720accb9,http://www.ufcstats.com/fighter-details/50db8711c70196cd,Ovince Saint Preux,Light Heavyweight,Submission,2,2:46,http://ufcstats.com/fight-details/b6dad3a9bf911bfd,c51ba89947344bee9661ccd1c7c96d7a,2026-09-08 20:24:02.452344+00:00
Yair Rodriguez,Jeremy Stephens,0,0,2 of 2,0 of 1,100%,0%,2 of 2,0 of 1,0 of 0,0 of 0,---,---,0,0,0,0,0:00,0:00,http://ufcstats.com/fight-details/62acea88e628c3ca,http://ufcstats.com/event-details/94a5aaf573f780ad,http://www.ufcstats.com/fighter-details/cbf5e6f231b55443,http://www.ufcstats.com/fighter-details/18968f97ad34f15c,nc,Featherweight,Could Not Continue,1,0:15,http://ufcstats.com/fight-details/62acea88e628c3ca,c51ba89947344bee9661ccd1c7c96d7a,2026-09-08 20:24:19.362410+00:00
Ariane Carnelossi,Angela Hill,0,0,72 of 186,92 of 184,38%,50%,83 of 197,93 of 185,0 of 1,0 of 0,0%,---,0,0,0,0,0:38,0:59,http://ufcstats.com/fight-details/52311c2cd0c84d67,http://ufcstats.com/event-details/94a5aaf573f780ad,http://www.ufcstats.com/fighter-details/c0d5c0c95c59050b,http://www.ufcstats.com/fighter-details/f0feeb2192937424,Angela Hill,Women's Strawweight,TKO - Doctor's Stoppage,3,1:56,http://ufcstats.com/fight-details/52311c2cd0c84d67,c51ba89947344bee9661ccd1c7c96d7a,2026-09-08 20:24:31.224907+00:00
Donald Cerrone,Justin Gaethje,0,1,17 of 52,40 of 61,32%,65%,17 of 52,40 of 61,0 of 0,0 of 0,---,---,0,0,0,0,0:00,0:04,http://ufcstats.com/fight-details/490724f8b3658f67,http://ufcstats.com/event-details/4834ff149dc9542a,http://www.ufcstats.com/fighter-details/1d00756835ca67c9,http://www.ufcstats.com/fighter-details/9e8f6c728eb01124,Justin Gaethje,Lightweight,KO/TKO,1,4:18,http://ufcstats.com/fight-details/490724f8b3658f67,c51ba89947344bee9661ccd1c7c96d7a,2026-09-08 20:24:40.944536+00:00
Khabib Nurmagomedov,Dustin Poirier,0,0,22 of 41,12 of 39,53%,30%,54 of 77,30 of 57,7 of 8,0 of 0,87%,---,2,1,0,0,8:51,0:00,http://ufcstats.com/fight-details/01a4827b3596d111,http://ufcstats.com/event-details/a79bfbc01b2264d6,http://www.ufcstats.com/fighter-details/032cc3922d871c7f,http://www.ufcstats.com/fighter-details/029eaff01e6bb8f0,Khabib Nurmagomedov,Lightweight,Submission,3,2:06,http://ufcstats.com/fight-details/01a4827b3596d111,c51ba89947344bee9661ccd1c7c96d7a,2026-09-08 20:25:03.082214+00:00
Edson Barboza,Paul Felder,0,0,60 of 114,56 of 154,52%,36%,77 of 133,75 of 174,1 of 3,0 of 2,33%,0%,0,0,0,0,1:50,2:03,http://ufcstats.com/fight-details/357a34207d70da69,http://ufcstats.com/event-details/a79bfbc01b2264d6,http://www.ufcstats.com/fighter-details/64a50dad704d1d49,http://www.ufcstats.com/fighter-details/e5010b1b94ca5755,Paul Felder,Lightweight,Decision - Split,3,5:00,http://ufcstats.com/fight-details/357a34207d70da69,c51ba89947344bee9661ccd1c7c96d7a,2026-09-08 20:25:04.905976+00:00
Jessica Andrade,Zhang Weili,0,1,4 of 12,29 of 38,33%,76%,4 of 12,29 of 38,0 of 0,0 of 0,---,---,0,0,0,0,0:05,0:01,http://ufcstats.com/fight-details/357cf8a9b6737625,http://ufcstats.com/event-details/2c104b7e59a72629,http://www.ufcstats.com/fighter-details/6a1901c62ab3870f,http://www.ufcstats.com/fighter-details/1ebe20ebbfa15e29,Zhang Weili,Women's Strawweight,KO/TKO,1,0:42,http://ufcstats.com/fight-details/357cf8a9b6737625,c51ba89947344bee9661ccd1c7c96d7a,2026-09-08 20:25:27.024413+00:00
Jim Miller,Clay Guida,0,0,2 of 8,2 of 5,25%,40%,2 of 8,2 of 5,0 of 0,0 of 0,---,---,1,0,0,0,0:00,0:11,http://ufcstats.com/fight-details/e96d929f8207a3e0,http://ufcstats.com/event-details/03da33a102d9a45f,http://www.ufcstats.com/fighter-details/d1941565abf50b16,http://www.ufcstats.com/fighter-details/c47df9303d318c67,Jim Miller,Lightweight,Submission,1,0:58,http://ufcstats.com/fight-details/e96d929f8207a3e0,c51ba89947344bee9661ccd1c7c96d7a,2026-09-08 20:26:35.834935+00:00
Max Holloway,Frankie Edgar,0,0,129 of 328,96 of 264,39%,36%,131 of 330,96 of 264,0 of 0,1 of 15,---,6%,0,0,0,0,0:00,1:46,http://ufcstats.com/fight-details/c4704eab5e2f51b8,http://ufcstats.com/event-details/abcf7e55a0a9ed89,http://www.ufcstats.com/fighter-details/150ff4cc642270b9,http://www.ufcstats.com/fighter-details/f2688492b9a525a3,Max Holloway,Featherweight,Decision - Unanimous,5,5:00,http://ufcstats.com/fight-details/c4704eab5e2f51b8,c51ba89947344bee9661ccd1c7c96d7a,2026-09-08 20:26:56.091306+00:00
Rafael Dos Anjos,Leon Edwards,0,0,81 of 169,92 of 215,47%,42%,129 of 219,113 of 244,0 of 5,3 of 10,0%,30%,0,0,0,0,2:23,7:17,http://ufcstats.com/fight-details/816662e622987a14,http://ufcstats.com/event-details/9e0f28d1f639ad73,http://www.ufcstats.com/fighter-details/6a2f7c151031653d,http://www.ufcstats.com/fighter-details/f1fac969a1d70b08,Leon Edwards,Welterweight,Decision - Unanimous,5,5:00,http://ufcstats.com/fight-details/816662e622987a14,c51ba89947344bee9661ccd1c7c96d7a,2026-09-08 20:27:17.494255+00:00
Andrei Arlovski,Ben Rothwell,0,0,152 of 263,70 of 177,57%,39%,160 of 272,75 of 183,0 of 0,0 of 1,---,0%,0,0,0,0,0:50,2:14,http://ufcstats.com/fight-details/f065dc596a08a258,http://ufcstats.com/event-details/9e0f28d1f639ad73,http://www.ufcstats.com/fighter-details/3738e68d2261e60f,http://www.ufcstats.com/fighter-details/bd58d34e39b7b12a,Andrei Arlovski,Heavyweight,Decision - Unanimous,3,5:00,http://ufcstats.com/fight-details/f065dc596a08a258,c51ba89947344bee9661ccd1c7c96d7a,2026-09-08 20:27:25.729428+00:00
Alex Caceres,Steven Peterson,0,0,94 of 197,67 of 218,47%,30%,95 of 198,87 of 241,0 of 0,2 of 2,---,100%,0,0,0,0,0:00,2:39,http://ufcstats.com/fight-details/96d33e46267d4eaf,http://ufcstats.com/event-details/9e0f28d1f639ad73,http://www.ufcstats.com/fighter-details/7aa3d6964eff4877,http://www.ufcstats.com/fighter-details/b93c06d09d1c4ac0,Alex Caceres,Featherweight,Decision - Unanimous,3,5:00,http://ufcstats.com/fight-details/96d33e46267d4eaf,c51ba89947344bee9661ccd1c7c96d7a,2026-09-08 20:27:27.411811+00:00
Darren Elkins,Ryan Hall,0,2,29 of 126,36 of 83,23%,43%,31 of 128,40 of 93,0 of 0,0 of 1,---,0%,0,1,0,1,1:49,0:07,http://ufcstats.com/fight-details/37a8c442fb38db75,http://ufcstats.com/event-details/2f8f3c69522db931,http://www.ufcstats.com/fighter-details/92a9aa9c93192871,http://www.ufcstats.com/fighter-details/8866c6f509c19089,Ryan Hall,Featherweight,Decision - Unanimous,3,5:00,http://ufcstats.com/fight-details/37a8c442fb38db75,c51ba89947344bee9661ccd1c7c96d7a,2026-09-08 20:27:54.088829+00:00
Diego Sanchez,Michael Chiesa,0,0,7 of 11,47 of 67,63%,70%,23 of 31,98 of 132,1 of 2,5 of 6,50%,83%,0,0,0,1,2:24,11:45,http://ufcstats.com/fight-details/feaffeb1af7e82ef,http://ufcstats.com/event-details/6c9383ffab2725a5,http://www.ufcstats.com/fighter-details/82e7929bf6c2b689,http://www.ufcstats.com/fighter-details/c58f51dedb310998,Michael Chiesa,Welterweight,Decision - Unanimous,3,5:00,http://ufcstats.com/fight-details/feaffeb1af7e82ef,c51ba89947344bee9661ccd1c7c96d7a,2026-09-08 20:28:09.757887+00:00
Demian Maia,Anthony Rocco Martin,0,0,3 of 12,22 of 95,25%,23%,74 of 86,36 of 109,3 of 9,0 of 0,33%,---,0,0,1,0,6:02,1:11,http://ufcstats.com/fight-details/5fcf65d4de66c970,http://ufcstats.com/event-details/c0c1bc0766df4c00,http://www.ufcstats.com/fighter-details/427b5953ac8e3a27,http://www.ufcstats.com/fighter-details/5331b25a60417ffb,Demian Maia,Welterweight,Decision - Majority,3,5:00,http://ufcstats.com/fight-details/5fcf65d4de66c970,c51ba89947344bee9661ccd1c7c96d7a,2026-09-08 20:28:27.727627+00:00
Drew Dober,Marco Polo Reyes,1,0,16 of 27,5 of 14,59%,35%,17 of 29,5 of 14,0 of 0,0 of 1,---,0%,0,0,0,0,0:05,0:00,http://ufcstats.com/fight-details/966bf043577f8b6a,http://ufcstats.com/event-details/c0c1bc0766df4c00,http://www.ufcstats.com/fighter-details/519e4fe37ce9ff75,http://www.ufcstats.com/fighter-details/edd02825c29028fe,Drew Dober,Lightweight,KO/TKO,1,1:07,http://ufcstats.com/fight-details/966bf043577f8b6a,c51ba89947344bee9661ccd1c7c96d7a,2026-09-08 20:28:31.032114+00:00
Kevin Holland,Alessio Di Chirico,0,0,58 of 117,51 of 84,49%,60%,192 of 253,62 of 97,0 of 3,2 of 4,0%,50%,0,0,0,0,3:19,1:42,http://ufcstats.com/fight-details/b1da312483a974b3,http://ufcstats.com/event-details/b16a7e6a627e9789,http://www.ufcstats.com/fighter-details/3a46b268013afede,http://www.ufcstats.com/fighter-details/77d7295d1b22c694,Kevin Holland,Middleweight,Decision - Unanimous,3,5:00,http://ufcstats.com/fight-details/b1da312483a974b3,c51ba89947344bee9661ccd1c7c96d7a,2026-09-08 20:28:52.458152+00:00
Tony Ferguson,Donald Cerrone,0,0,104 of 200,68 of 185,52%,36%,104 of 200,68 of 185,0 of 0,1 of 1,---,100%,0,0,0,0,0:00,0:07,http://ufcstats.com/fight-details/323dc938d93a849b,http://ufcstats.com/event-details/e31502e3f79d00c5,http://www.ufcstats.com/fighter-details/22a92d7f62195791,http://www.ufcstats.com/fighter-details/1d00756835ca67c9,Tony Ferguson,Lightweight,TKO - Doctor's Stoppage,2,5:00,http://ufcstats.com/fight-details/323dc938d93a849b,c51ba89947344bee9661ccd1c7c96d7a,2026-09-08 20:29:10.262295+00:00
Yan Xiaonan,Angela Hill,0,0,94 of 249,71 of 144,37%,49%,105 of 264,78 of 151,1 of 1,1 of 3,100%,33%,0,1,0,0,1:51,0:56,http://ufcstats.com/fight-details/97c76d44699f7c93,http://ufcstats.com/event-details/e31502e3f79d00c5,http://www.ufcstats.com/fighter-details/c41d426cc7326d1b,http://www.ufcstats.com/fighter-details/f0feeb2192937424,Yan Xiaonan,Women's Strawweight,Decision - Unanimous,3,5:00,http://ufcstats.com/fight-details/97c76d44699f7c93,c51ba89947344bee9661ccd1c7c96d7a,2026-09-08 20:29:21.826973+00:00
Rafael Dos Anjos,Kevin Lee,0,0,60 of 111,35 of 97,54%,36%,75 of 126,40 of 102,4 of 7,6 of 16,57%,37%,1,0,1,0,3:53,8:41,http://ufcstats.com/fight-details/d401522de73b7bee,http://ufcstats.com/event-details/6b8f28da9a483049,http://www.ufcstats.com/fighter-details/6a2f7c151031653d,http://www.ufcstats.com/fighter-details/ee9ebceabfd16fa7,Rafael Dos Anjos,Welterweight,Submission,4,3:47,http://ufcstats.com/fight-details/d401522de73b7bee,c51ba89947344bee9661ccd1c7c96d7a,2026-09-08 20:29:51.645037+00:00
Charles Oliveira,Nik Lentz,1,0,38 of 59,18 of 49,64%,36%,43 of 64,21 of 53,0 of 0,2 of 4,---,50%,1,0,1,0,1:38,1:40,http://ufcstats.com/fight-details/5782666ca117fa5b,http://ufcstats.com/event-details/6b8f28da9a483049,http://www.ufcstats.com/fighter-details/07225ba28ae309b6,http://www.ufcstats.com/fighter-details/6fb1ba67bef41b37,Charles Oliveira,Lightweight,KO/TKO,2,2:11,http://ufcstats.com/fight-details/5782666ca117fa5b,c51ba89947344bee9661ccd1c7c96d7a,2026-09-08 20:29:58.298187+00:00
Rose Namajunas,Jessica Andrade,1,0,55 of 125,47 of 105,44%,44%,55 of 125,49 of 107,0 of 2,2 of 4,0%,50%,1,0,0,0,0:29,0:38,http://ufcstats.com/fight-details/07c00213ec388e07,http://ufcstats.com/event-details/9de7c97e1c0d7927,http://www.ufcstats.com/fighter-details/47b63240018d5d86,http://www.ufcstats.com/fighter-details/6a1901c62ab3870f,Jessica Andrade,Women's Strawweight,KO/TKO,2,2:58,http://ufcstats.com/fight-details/07c00213ec388e07,c51ba89947344bee9661ccd1c7c96d7a,2026-09-08 20:30:15.432217+00:00
BJ Penn,Clay Guida,0,0,64 of 177,80 of 208,36%,38%,74 of 188,113 of 242,0 of 0,1 of 2,---,50%,0,0,0,0,0:00,4:03,http://ufcstats.com/fight-details/0febad4c4a3d69fc,http://ufcstats.com/event-details/9de7c97e1c0d7927,http://www.ufcstats.com/fighter-details/73c7cfa551289285,http://www.ufcstats.com/fighter-details/c47df9303d318c67,Clay Guida,Lightweight,Decision - Unanimous,3,5:00,http://ufcstats.com/fight-details/0febad4c4a3d69fc,c51ba89947344bee9661ccd1c7c96d7a,2026-09-08 20:30:28.691768+00:00
Al Iaquinta,Donald Cerrone,0,2,90 of 223,138 of 361,40%,38%,90 of 223,140 of 363,0 of 5,0 of 0,0%,---,0,0,0,0,0:00,0:22,http://ufcstats.com/fight-details/73eff675e2aae30c,http://ufcstats.com/event-details/351264d11286d09a,http://www.ufcstats.com/fighter-details/59279a7c978f7da0,http://www.ufcstats.com/fighter-details/1d00756835ca67c9,Donald Cerrone,Lightweight,Decision - Unanimous,5,5:00,http://ufcstats.com/fight-details/73eff675e2aae30c,c51ba89947344bee9661ccd1c7c96d7a,2026-09-08 20:30:37.217552+00:00
Andrei Arlovski,Augusto Sakai,0,0,75 of 175,42 of 132,42%,31%,82 of 182,51 of 141,0 of 0,0 of 1,---,0%,0,0,0,0,0:26,2:02,http://ufcstats.com/fight-details/3256d907f58af95e,http://ufcstats.com/event-details/c912f676692c353a,http://www.ufcstats.com/fighter-details/3738e68d2261e60f,http://www.ufcstats.com/fighter-details/441eacbe20e0e80b,Augusto Sakai,Heavyweight,Decision - Split,3,5:00,http://ufcstats.com/fight-details/3256d907f58af95e,c51ba89947344bee9661ccd1c7c96d7a,2026-09-08 20:31:12.230357+00:00
Jim Miller,Jason Gonzalez,0,0,6 of 11,10 of 25,54%,40%,8 of 14,10 of 25,2 of 2,0 of 0,100%,---,1,0,0,0,0:52,0:00,http://ufcstats.com/fight-details/3b6c18a966a2cea4,http://ufcstats.com/event-details/c912f676692c353a,http://www.ufcstats.com/fighter-details/d1941565abf50b16,http://www.ufcstats.com/fighter-details/e45cfa47f504033a,Jim Miller,Lightweight,Submission,1,2:12,http://ufcstats.com/fight-details/3b6c18a966a2cea4,c51ba89947344bee9661ccd1c7c96d7a,2026-09-08 20:31:17.116950+00:00
Angela Hill,Jodie Esquibel,0,0,117 of 236,57 of 289,49%,19%,118 of 237,57 of 289,0 of 3,0 of 3,0%,0%,0,0,0,0,0:05,0:23,http://ufcstats.com/fight-details/c300085cc08357b5,http://ufcstats.com/event-details/c912f676692c353a,http://www.ufcstats.com/fighter-details/f0feeb2192937424,http://www.ufcstats.com/fighter-details/411539901068522f,Angela Hill,Women's Strawweight,Decision - Unanimous,3,5:00,http://ufcstats.com/fight-details/c300085cc08357b5,c51ba89947344bee9661ccd1c7c96d7a,2026-09-08 20:31:19.072060+00:00
Max Holloway,Dustin Poirier,0,0,181 of 446,178 of 381,40%,46%,208 of 473,180 of 383,0 of 0,1 of 8,---,12%,1,0,0,0,0:06,3:35,http://ufcstats.com/fight-details/87126427cfcaee52,http://ufcstats.com/event-details/b0550072e5f0afa7,http://www.ufcstats.com/fighter-details/150ff4cc642270b9,http://www.ufcstats.com/fighter-details/029eaff01e6bb8f0,Dustin Poirier,Lightweight,Decision - Unanimous,5,5:00,http://ufcstats.com/fight-details/87126427cfcaee52,c51ba89947344bee9661ccd1c7c96d7a,2026-09-08 20:31:43.890348+00:00
Ovince Saint Preux,Nikita Krylov,0,0,4 of 8,27 of 44,50%,61%,8 of 12,60 of 79,3 of 8,1 of 2,37%,50%,0,2,1,0,3:14,2:23,http://ufcstats.com/fight-details/d22c19fd92426567,http://ufcstats.com/event-details/b0550072e5f0afa7,http://www.ufcstats.com/fighter-details/50db8711c70196cd,http://www.ufcstats.com/fighter-details/1091d4d957141094,Nikita Krylov,Light Heavyweight,Submission,2,2:30,http://ufcstats.com/fight-details/d22c19fd92426567,c51ba89947344bee9661ccd1c7c96d7a,2026-09-08 20:31:50.930261+00:00
Edson Barboza,Justin Gaethje,0,1,13 of 32,20 of 35,40%,57%,13 of 32,22 of 37,0 of 0,0 of 0,---,---,0,0,0,0,0:00,0:44,http://ufcstats.com/fight-details/b309cdde35310875,http://ufcstats.com/event-details/9649d75defe0dedb,http://www.ufcstats.com/fighter-details/64a50dad704d1d49,http://www.ufcstats.com/fighter-details/9e8f6c728eb01124,Justin Gaethje,Lightweight,KO/TKO,1,2:30,http://ufcstats.com/fight-details/b309cdde35310875,c51ba89947344bee9661ccd1c7c96d7a,2026-09-08 20:32:09.257448+00:00
Josh Emmett,Michael Johnson,1,0,22 of 87,24 of 128,25%,18%,22 of 87,24 of 128,0 of 3,0 of 0,0%,---,0,0,0,0,0:02,0:00,http://ufcstats.com/fight-details/5c70b175f08ca141,http://ufcstats.com/event-details/9649d75defe0dedb,http://www.ufcstats.com/fighter-details/fba03cd6cc28dc41,http://www.ufcstats.com/fighter-details/511e82663651438d,Josh Emmett,Featherweight,KO/TKO,3,4:14,http://ufcstats.com/fight-details/5c70b175f08ca141,c51ba89947344bee9661ccd1c7c96d7a,2026-09-08 20:32:12.751222+00:00
Kevin Holland,Gerald Meerschaert,0,0,27 of 43,10 of 13,62%,76%,76 of 98,44 of 56,1 of 2,6 of 11,50%,54%,2,4,2,2,4:10,9:13,http://ufcstats.com/fight-details/7dc3ada8f2135477,http://ufcstats.com/event-details/9649d75defe0dedb,http://www.ufcstats.com/fighter-details/3a46b268013afede,http://www.ufcstats.com/fighter-details/6ac9bc2953c47345,Kevin Holland,Middleweight,Decision - Split,3,5:00,http://ufcstats.com/fight-details/7dc3ada8f2135477,c51ba89947344bee9661ccd1c7c96d7a,2026-09-08 20:32:25.452365+00:00
Randa Markos,Angela Hill,0,0,13 of 26,2 of 7,50%,28%,20 of 33,2 of 7,1 of 1,0 of 0,100%,---,1,0,0,0,2:53,0:42,http://ufcstats.com/fight-details/0f9679fda36f7f41,http://ufcstats.com/event-details/487c170da059857d,http://www.ufcstats.com/fighter-details/4a57ebb14315b251,http://www.ufcstats.com/fighter-details/f0feeb2192937424,Randa Markos,Women's Strawweight,Submission,1,4:24,http://ufcstats.com/fight-details/0f9679fda36f7f41,c51ba89947344bee9661ccd1c7c96d7a,2026-09-08 20:32:48.986345+00:00
Derrick Lewis,Junior Dos Santos,0,1,7 of 25,29 of 55,28%,52%,7 of 25,29 of 55,0 of 0,0 of 0,---,---,0,0,0,0,0:02,0:11,http://ufcstats.com/fight-details/1b1792afe4457e83,http://ufcstats.com/event-details/e96d8538d3f9d0ed,http://www.ufcstats.com/fighter-details/d3df1add9d9a7efb,http://www.ufcstats.com/fighter-details/63def5a5662a6917,Junior Dos Santos,Heavyweight,KO/TKO,2,1:58,http://ufcstats.com/fight-details/1b1792afe4457e83,c51ba89947344bee9661ccd1c7c96d7a,2026-09-08 20:33:18.817546+00:00
Tim Means,Niko Price,0,1,31 of 48,32 of 67,64%,47%,35 of 54,36 of 73,1 of 1,0 of 0,100%,---,0,0,0,0,1:50,0:02,http://ufcstats.com/fight-details/aeb0322f619213b1,http://ufcstats.com/event-details/e96d8538d3f9d0ed,http://www.ufcstats.com/fighter-details/4b47e71384a9522f,http://www.ufcstats.com/fighter-details/d8da10db80131bec,Niko Price,Welterweight,KO/TKO,1,4:50,http://ufcstats.com/fight-details/aeb0322f619213b1,c51ba89947344bee9661ccd1c7c96d7a,2026-09-08 20:33:22.261829+00:00
Beneil Dariush,Drew Dober,0,0,37 of 65,31 of 58,56%,53%,41 of 69,38 of 66,2 of 5,0 of 0,40%,---,1,0,0,0,5:18,1:03,http://ufcstats.com/fight-details/9cfad21ef1911728,http://ufcstats.com/event-details/e96d8538d3f9d0ed,http://www.ufcstats.com/fighter-details/08af939f41b5a57b,http://www.ufcstats.com/fighter-details/519e4fe37ce9ff75,Beneil Dariush,Lightweight,Submission,2,4:41,http://ufcstats.com/fight-details/9cfad21ef1911728,c51ba89947344bee9661ccd1c7c96d7a,2026-09-08 20:33:25.837258+00:00
Jeremy Stephens,Zabit Magomedsharipov,0,0,41 of 121,70 of 129,33%,54%,45 of 125,83 of 146,0 of 0,3 of 8,---,37%,0,0,0,0,0:01,2:38,http://ufcstats.com/fight-details/bac3ac8d7330d05d,http://ufcstats.com/event-details/2d5fbe2103f97053,http://www.ufcstats.com/fighter-details/18968f97ad34f15c,http://www.ufcstats.com/fighter-details/87aa9fb63d6b51a1,Zabit Magomedsharipov,Featherweight,Decision - Unanimous,3,5:00,http://ufcstats.com/fight-details/bac3ac8d7330d05d,c51ba89947344bee9661ccd1c7c96d7a,2026-09-08 20:33:52.078211+00:00
Diego Sanchez,Mickey Gall,0,0,56 of 87,23 of 65,64%,35%,61 of 92,35 of 80,4 of 4,0 of 0,100%,---,0,0,0,0,6:00,0:19,http://ufcstats.com/fight-details/e3826e06d68ed4af,http://ufcstats.com/event-details/2d5fbe2103f97053,http://www.ufcstats.com/fighter-details/82e7929bf6c2b689,http://www.ufcstats.com/fighter-details/9e50097a89442158,Diego Sanchez,Welterweight,KO/TKO,2,4:13,http://ufcstats.com/fight-details/e3826e06d68ed4af,c51ba89947344bee9661ccd1c7c96d7a,2026-09-08 20:33:57.249236+00:00
Alex Caceres,Kron Gracie,0,0,4 of 14,2 of 10,28%,20%,4 of 14,3 of 11,0 of 0,1 of 2,---,50%,0,1,0,0,0:00,1:14,http://ufcstats.com/fight-details/c8bc7e668ffffc7c,http://ufcstats.com/event-details/a7a79b8efbceaaac,http://www.ufcstats.com/fighter-details/7aa3d6964eff4877,http://www.ufcstats.com/fighter-details/242d36d241b43c12,Kron Gracie,Featherweight,Submission,1,2:06,http://ufcstats.com/fight-details/c8bc7e668ffffc7c,c51ba89947344bee9661ccd1c7c96d7a,2026-09-08 20:34:34.831285+00:00
Demian Maia,Lyman Good,0,0,0 of 1,0 of 2,0%,0%,8 of 9,0 of 2,2 of 4,0 of 0,50%,---,2,0,0,0,2:12,0:00,http://ufcstats.com/fight-details/ce246b336b6bd638,http://ufcstats.com/event-details/84283233ec42be5f,http://www.ufcstats.com/fighter-details/427b5953ac8e3a27,http://www.ufcstats.com/fighter-details/4e0692ad070976e4,Demian Maia,Welterweight,Submission,1,2:38,http://ufcstats.com/fight-details/ce246b336b6bd638,c51ba89947344bee9661ccd1c7c96d7a,2026-09-08 20:35:15.924270+00:00
Charles Oliveira,David Teymur,0,1,28 of 58,26 of 53,48%,49%,31 of 61,31 of 59,1 of 1,0 of 0,100%,---,1,0,0,0,0:12,0:35,http://ufcstats.com/fight-details/85036b967403cdab,http://ufcstats.com/event-details/84283233ec42be5f,http://www.ufcstats.com/fighter-details/07225ba28ae309b6,http://www.ufcstats.com/fighter-details/2747c60e42d9d75f,Charles Oliveira,Lightweight,Submission,2,0:55,http://ufcstats.com/fight-details/85036b967403cdab,c51ba89947344bee9661ccd1c7c96d7a,2026-09-08 20:35:17.678558+00:00
Alexander Hernandez,Donald Cerrone,0,1,49 of 105,80 of 162,46%,49%,54 of 110,81 of 163,0 of 2,1 of 1,0%,100%,0,0,0,0,0:22,0:29,http://ufcstats.com/fight-details/3dd0951b8855137d,http://ufcstats.com/event-details/d4da8995fc91e7ef,http://www.ufcstats.com/fighter-details/262a7d06203657e6,http://www.ufcstats.com/fighter-details/1d00756835ca67c9,Donald Cerrone,Lightweight,KO/TKO,2,3:43,http://ufcstats.com/fight-details/3dd0951b8855137d,c51ba89947344bee9661ccd1c7c96d7a,2026-09-08 20:35:46.150962+00:00
Andrei Arlovski,Walt Harris,0,0,44 of 93,24 of 93,47%,25%,48 of 97,26 of 95,0 of 1,1 of 3,0%,33%,0,0,0,0,0:09,0:34,http://ufcstats.com/fight-details/819af4bbad55324d,http://ufcstats.com/event-details/c046100aea0dba9a,http://www.ufcstats.com/fighter-details/3738e68d2261e60f,http://www.ufcstats.com/fighter-details/03f982ca3735070c,nc,Heavyweight,Overturned,3,5:00,http://ufcstats.com/fight-details/819af4bbad55324d,c51ba89947344bee9661ccd1c7c96d7a,2026-09-08 20:36:08.885962+00:00
Edson Barboza,Dan Hooker,1,0,126 of 226,81 of 204,55%,39%,127 of 227,111 of 234,0 of 1,0 of 1,0%,0%,0,0,0,0,1:43,0:05,http://ufcstats.com/fight-details/920b6f739a36e721,http://ufcstats.com/event-details/7a703c565ccaa18f,http://www.ufcstats.com/fighter-details/64a50dad704d1d49,http://www.ufcstats.com/fighter-details/193b9d1858bc4df3,Edson Barboza,Lightweight,KO/TKO,3,2:19,http://ufcstats.com/fight-details/920b6f739a36e721,c51ba89947344bee9661ccd1c7c96d7a,2026-09-08 20:36:25.273123+00:00
Jim Miller,Charles Oliveira,0,0,1 of 2,0 of 1,50%,0%,1 of 2,1 of 2,0 of 0,1 of 1,---,100%,0,1,0,0,0:00,0:47,http://ufcstats.com/fight-details/f3e289f1423c0e6f,http://ufcstats.com/event-details/7a703c565ccaa18f,http://www.ufcstats.com/fighter-details/d1941565abf50b16,http://www.ufcstats.com/fighter-details/07225ba28ae309b6,Charles Oliveira,Lightweight,Submission,1,1:15,http://ufcstats.com/fight-details/f3e289f1423c0e6f,c51ba89947344bee9661ccd1c7c96d7a,2026-09-08 20:36:28.707179+00:00
King Green,Drakkar Klose,0,0,92 of 154,58 of 131,59%,44%,110 of 176,69 of 143,1 of 4,0 of 6,25%,0%,1,0,0,0,3:41,0:55,http://ufcstats.com/fight-details/b69d3d55c84f5dd6,http://ufcstats.com/event-details/7a703c565ccaa18f,http://www.ufcstats.com/fighter-details/887961364be5ceb3,http://www.ufcstats.com/fighter-details/7cbf7c78d3b34218,Drakkar Klose,Lightweight,Decision - Unanimous,3,5:00,http://ufcstats.com/fight-details/b69d3d55c84f5dd6,c51ba89947344bee9661ccd1c7c96d7a,2026-09-08 20:36:32.128504+00:00
Max Holloway,Brian Ortega,0,0,290 of 490,110 of 292,59%,37%,307 of 507,112 of 294,1 of 1,2 of 11,100%,18%,0,0,0,0,0:16,2:25,http://ufcstats.com/fight-details/4e55251b7a0df0c2,http://ufcstats.com/event-details/2a74bbba57058f12,http://www.ufcstats.com/fighter-details/150ff4cc642270b9,http://www.ufcstats.com/fighter-details/def8166ff24bd237,Max Holloway,Featherweight,TKO - Doctor's Stoppage,4,5:00,http://ufcstats.com/fight-details/4e55251b7a0df0c2,c51ba89947344bee9661ccd1c7c96d7a,2026-09-08 20:36:45.660370+00:00
Rafael Dos Anjos,Kamaru Usman,0,0,62 of 112,130 of 223,55%,58%,84 of 138,227 of 334,0 of 1,12 of 18,0%,66%,2,0,1,0,0:21,18:24,http://ufcstats.com/fight-details/0d077813b6164fe1,http://ufcstats.com/event-details/c7ac79839e86ce33,http://www.ufcstats.com/fighter-details/6a2f7c151031653d,http://www.ufcstats.com/fighter-details/f1b2aa7853d1ed6e,Kamaru Usman,Welterweight,Decision - Unanimous,5,5:00,http://ufcstats.com/fight-details/0d077813b6164fe1,c51ba89947344bee9661ccd1c7c96d7a,2026-09-08 20:37:31.434090+00:00
Tim Means,Ricky Rainey,0,0,19 of 32,6 of 12,59%,50%,26 of 39,6 of 12,2 of 2,0 of 0,100%,---,0,0,0,0,0:33,0:00,http://ufcstats.com/fight-details/c7df07266a9597d9,http://ufcstats.com/event-details/c7ac79839e86ce33,http://www.ufcstats.com/fighter-details/4b47e71384a9522f,http://www.ufcstats.com/fighter-details/9b1e3fb4f8cbd5b7,Tim Means,Welterweight,KO/TKO,1,1:18,http://ufcstats.com/fight-details/c7df07266a9597d9,c51ba89947344bee9661ccd1c7c96d7a,2026-09-08 20:37:50.444662+00:00
Kevin Holland,John Phillips,0,0,123 of 187,51 of 154,65%,33%,164 of 236,53 of 156,5 of 6,0 of 0,83%,---,2,0,0,1,3:21,0:49,http://ufcstats.com/fight-details/02731f017c838ad4,http://ufcstats.com/event-details/de25520d54eab12d,http://www.ufcstats.com/fighter-details/3a46b268013afede,http://www.ufcstats.com/fighter-details/e9ac7bfb65c25497,Kevin Holland,Middleweight,Submission,3,4:05,http://ufcstats.com/fight-details/02731f017c838ad4,c51ba89947344bee9661ccd1c7c96d7a,2026-09-08 20:38:13.412001+00:00
Neil Magny,Santiago Ponzinibbio,0,2,72 of 251,79 of 177,28%,44%,72 of 251,81 of 179,0 of 2,0 of 0,0%,---,0,0,0,0,0:00,0:41,http://ufcstats.com/fight-details/7e695ad026b2ec66,http://ufcstats.com/event-details/aa3153a9941b4d44,http://www.ufcstats.com/fighter-details/84b3e7d38f2d2ec5,http://www.ufcstats.com/fighter-details/6d1bffff14897645,Santiago Ponzinibbio,Welterweight,KO/TKO,4,2:36,http://ufcstats.com/fight-details/7e695ad026b2ec66,c51ba89947344bee9661ccd1c7c96d7a,2026-09-08 20:38:18.310371+00:00
Ricardo Lamas,Darren Elkins,0,0,70 of 123,62 of 174,56%,35%,80 of 134,81 of 196,3 of 5,3 of 6,60%,50%,0,0,1,0,2:32,2:39,http://ufcstats.com/fight-details/f9ab603b763998f7,http://ufcstats.com/event-details/aa3153a9941b4d44,http://www.ufcstats.com/fighter-details/3974fa35c917af1d,http://www.ufcstats.com/fighter-details/92a9aa9c93192871,Ricardo Lamas,Featherweight,KO/TKO,3,4:09,http://ufcstats.com/fight-details/f9ab603b763998f7,c51ba89947344bee9661ccd1c7c96d7a,2026-09-08 20:38:20.227882+00:00
Donald Cerrone,Mike Perry,0,0,9 of 13,11 of 20,69%,55%,10 of 14,11 of 20,0 of 1,1 of 1,0%,100%,1,0,1,0,0:40,0:58,http://ufcstats.com/fight-details/46cfd4aaa02ce202,http://ufcstats.com/event-details/42c96a9c4802e2e1,http://www.ufcstats.com/fighter-details/1d00756835ca67c9,http://www.ufcstats.com/fighter-details/f2b6fdb20675b11c,Donald Cerrone,Welterweight,Submission,1,4:46,http://ufcstats.com/fight-details/46cfd4aaa02ce202,c51ba89947344bee9661ccd1c7c96d7a,2026-09-08 20:38:41.853021+00:00
Daniel Cormier,Derrick Lewis,0,0,19 of 25,4 of 13,76%,30%,42 of 54,5 of 14,4 of 4,0 of 0,100%,---,1,0,0,0,5:10,0:00,http://ufcstats.com/fight-details/e9700d51ec2b940b,http://ufcstats.com/event-details/20821819c401ced8,http://www.ufcstats.com/fighter-details/d967f0128c323de6,http://www.ufcstats.com/fighter-details/d3df1add9d9a7efb,Daniel Cormier,Heavyweight,Submission,2,2:14,http://ufcstats.com/fight-details/e9700d51ec2b940b,c51ba89947344bee9661ccd1c7c96d7a,2026-09-08 20:39:02.548444+00:00
Michael Johnson,Artem Lobov,0,0,99 of 219,67 of 189,45%,35%,101 of 222,67 of 189,1 of 1,0 of 0,100%,---,0,0,0,0,0:39,0:00,http://ufcstats.com/fight-details/e202f273220aa533,http://ufcstats.com/event-details/33a331684283900f,http://www.ufcstats.com/fighter-details/511e82663651438d,http://www.ufcstats.com/fighter-details/02f2a9702ba3d167,Michael Johnson,Featherweight,Decision - Unanimous,3,5:00,http://ufcstats.com/fight-details/e202f273220aa533,c51ba89947344bee9661ccd1c7c96d7a,2026-09-08 20:39:26.109970+00:00
Ovince Saint Preux,Dominick Reyes,0,1,38 of 71,94 of 142,53%,66%,39 of 72,101 of 150,1 of 9,0 of 2,11%,0%,0,0,0,0,1:33,1:26,http://ufcstats.com/fight-details/3c5442bb62ca1505,http://ufcstats.com/event-details/1ef0eae31904e534,http://www.ufcstats.com/fighter-details/50db8711c70196cd,http://www.ufcstats.com/fighter-details/2e19380f34871c6a,Dominick Reyes,Light Heavyweight,Decision - Unanimous,3,5:00,http://ufcstats.com/fight-details/3c5442bb62ca1505,c51ba89947344bee9661ccd1c7c96d7a,2026-09-08 20:39:50.869068+00:00
Derrick Lewis,Alexander Volkov,1,0,39 of 70,121 of 171,55%,70%,40 of 71,133 of 183,0 of 2,1 of 2,0%,50%,0,0,1,0,0:42,1:46,http://ufcstats.com/fight-details/397ace87deeb8697,http://ufcstats.com/event-details/1ef0eae31904e534,http://www.ufcstats.com/fighter-details/d3df1add9d9a7efb,http://www.ufcstats.com/fighter-details/279566840aa55bf2,Derrick Lewis,Heavyweight,KO/TKO,3,4:49,http://ufcstats.com/fight-details/397ace87deeb8697,c51ba89947344bee9661ccd1c7c96d7a,2026-09-08 20:39:52.431240+00:00
Charles Oliveira,Christos Giagos,0,0,28 of 60,18 of 80,46%,22%,28 of 60,20 of 82,2 of 4,0 of 0,50%,---,1,0,0,0,1:20,0:08,http://ufcstats.com/fight-details/ba766bd03090dab9,http://ufcstats.com/event-details/852454c572675334,http://www.ufcstats.com/fighter-details/07225ba28ae309b6,http://www.ufcstats.com/fighter-details/de45aaae23dfa392,Charles Oliveira,Lightweight,Submission,2,3:22,http://ufcstats.com/fight-details/ba766bd03090dab9,c51ba89947344bee9661ccd1c7c96d7a,2026-09-08 20:40:20.045510+00:00
Andrei Arlovski,Shamil Abdurakhimov,0,0,18 of 58,32 of 70,31%,45%,27 of 71,67 of 108,2 of 3,2 of 4,66%,50%,0,0,0,0,0:19,3:25,http://ufcstats.com/fight-details/a7e8416f0d57c8e0,http://ufcstats.com/event-details/8d49545dadf9b919,http://www.ufcstats.com/fighter-details/3738e68d2261e60f,http://www.ufcstats.com/fighter-details/2f5cbecbbe18bac4,Shamil Abdurakhimov,Heavyweight,Decision - Unanimous,3,5:00,http://ufcstats.com/fight-details/a7e8416f0d57c8e0,c51ba89947344bee9661ccd1c7c96d7a,2026-09-08 20:40:40.276606+00:00
Jessica Andrade,Karolina Kowalkiewicz,1,0,38 of 73,24 of 56,52%,42%,39 of 74,25 of 58,0 of 0,0 of 0,---,---,0,0,0,0,0:01,0:00,http://ufcstats.com/fight-details/dbf786f9808c6a08,http://ufcstats.com/event-details/d5ae8074631762fc,http://www.ufcstats.com/fighter-details/6a1901c62ab3870f,http://www.ufcstats.com/fighter-details/d7c3816669784109,Jessica Andrade,Women's Strawweight,KO/TKO,1,1:58,http://ufcstats.com/fight-details/dbf786f9808c6a08,c51ba89947344bee9661ccd1c7c96d7a,2026-09-08 20:41:00.110300+00:00
Diego Sanchez,Craig White,0,1,46 of 77,18 of 42,59%,42%,82 of 124,64 of 94,3 of 4,0 of 0,75%,---,0,1,0,0,14:22,0:08,http://ufcstats.com/fight-details/294a9e9780afa789,http://ufcstats.com/event-details/d5ae8074631762fc,http://www.ufcstats.com/fighter-details/82e7929bf6c2b689,http://www.ufcstats.com/fighter-details/3dd949593346dbc3,Diego Sanchez,Welterweight,Decision - Unanimous,3,5:00,http://ufcstats.com/fight-details/294a9e9780afa789,c51ba89947344bee9661ccd1c7c96d7a,2026-09-08 20:41:14.340826+00:00
Jim Miller,Alex White,0,0,15 of 24,5 of 14,62%,35%,17 of 26,5 of 14,1 of 1,0 of 0,100%,---,1,0,0,0,0:19,0:00,http://ufcstats.com/fight-details/e40a5bd62ce710ac,http://ufcstats.com/event-details/d5ae8074631762fc,http://www.ufcstats.com/fighter-details/d1941565abf50b16,http://www.ufcstats.com/fighter-details/c17041f1bb5768d8,Jim Miller,Lightweight,Submission,1,1:29,http://ufcstats.com/fight-details/e40a5bd62ce710ac,c51ba89947344bee9661ccd1c7c96d7a,2026-09-08 20:41:16.068126+00:00
Michael Johnson,Andre Fili,0,0,65 of 116,37 of 117,56%,31%,70 of 122,40 of 120,0 of 3,2 of 4,0%,50%,0,1,1,0,1:30,3:20,http://ufcstats.com/fight-details/48a9d2a3967d13a4,http://ufcstats.com/event-details/c0342805a1948cbb,http://www.ufcstats.com/fighter-details/511e82663651438d,http://www.ufcstats.com/fighter-details/8fd808923cffff82,Michael Johnson,Featherweight,Decision - Split,3,5:00,http://ufcstats.com/fight-details/48a9d2a3967d13a4,c51ba89947344bee9661ccd1c7c96d7a,2026-09-08 20:41:24.076969+00:00
Cortney Casey,Angela Hill,0,0,111 of 333,121 of 222,33%,54%,117 of 341,123 of 224,1 of 6,1 of 1,16%,100%,0,0,0,0,1:42,0:23,http://ufcstats.com/fight-details/f20e742e6b0c0b3b,http://ufcstats.com/event-details/c0342805a1948cbb,http://www.ufcstats.com/fighter-details/5f179af5fffeb9f6,http://www.ufcstats.com/fighter-details/f0feeb2192937424,Cortney Casey,Women's Strawweight,Decision - Split,3,5:00,http://ufcstats.com/fight-details/f20e742e6b0c0b3b,c51ba89947344bee9661ccd1c7c96d7a,2026-09-08 20:41:25.833953+00:00
Drew Dober,Jon Tuck,0,0,60 of 136,33 of 75,44%,44%,122 of 208,39 of 81,2 of 2,0 of 1,100%,0%,0,1,0,0,7:48,0:00,http://ufcstats.com/fight-details/047d6739aa1d5c1e,http://ufcstats.com/event-details/c0342805a1948cbb,http://www.ufcstats.com/fighter-details/519e4fe37ce9ff75,http://www.ufcstats.com/fighter-details/53ec9cb470e1a4ea,Drew Dober,Lightweight,Decision - Unanimous,3,5:00,http://ufcstats.com/fight-details/047d6739aa1d5c1e,c51ba89947344bee9661ccd1c7c96d7a,2026-09-08 20:41:40.998785+00:00
Thiago Santos,Kevin Holland,0,0,69 of 153,31 of 55,45%,56%,81 of 167,81 of 110,3 of 7,0 of 1,42%,0%,1,1,0,0,9:40,1:10,http://ufcstats.com/fight-details/3b03f8d3a55f3cb2,http://ufcstats.com/event-details/03b1e846b09f721d,http://www.ufcstats.com/fighter-details/dea070ed4a2a8281,http://www.ufcstats.com/fighter-details/3a46b268013afede,Thiago Santos,Middleweight,Decision - Unanimous,3,5:00,http://ufcstats.com/fight-details/3b03f8d3a55f3cb2,c51ba89947344bee9661ccd1c7c96d7a,2026-09-08 20:41:53.053794+00:00
Eddie Alvarez,Dustin Poirier,0,1,26 of 76,54 of 115,34%,46%,35 of 88,76 of 138,0 of 3,0 of 0,0%,---,1,2,0,0,2:27,0:05,http://ufcstats.com/fight-details/bd1fc4ff619f4e61,http://ufcstats.com/event-details/322a56923b396b4d,http://www.ufcstats.com/fighter-details/33a331684283900f,http://www.ufcstats.com/fighter-details/029eaff01e6bb8f0,Dustin Poirier,Lightweight,KO/TKO,2,4:05,http://ufcstats.com/fight-details/bd1fc4ff619f4e61,c51ba89947344bee9661ccd1c7c96d7a,2026-09-08 20:42:09.733480+00:00
Jose Aldo,Jeremy Stephens,1,0,29 of 63,20 of 60,46%,33%,29 of 63,20 of 60,0 of 0,0 of 0,---,---,0,0,0,0,0:24,0:00,http://ufcstats.com/fight-details/6b47093b62155478,http://ufcstats.com/event-details/322a56923b396b4d,http://www.ufcstats.com/fighter-details/d0f3959b4a9747e6,http://www.ufcstats.com/fighter-details/18968f97ad34f15c,Jose Aldo,Featherweight,KO/TKO,1,4:19,http://ufcstats.com/fight-details/6b47093b62155478,c51ba89947344bee9661ccd1c7c96d7a,2026-09-08 20:42:11.281592+00:00
Darren Elkins,Alexander Volkanovski,0,2,82 of 172,100 of 144,47%,69%,93 of 184,103 of 147,1 of 6,2 of 12,16%,16%,0,3,0,0,0:59,3:25,http://ufcstats.com/fight-details/67018331e90a9949,http://ufcstats.com/event-details/b45d6b73f4ca4467,http://www.ufcstats.com/fighter-details/92a9aa9c93192871,http://www.ufcstats.com/fighter-details/e1248941344b3288,Alexander Volkanovski,Featherweight,Decision - Unanimous,3,5:00,http://ufcstats.com/fight-details/67018331e90a9949,c51ba89947344bee9661ccd1c7c96d7a,2026-09-08 20:43:11.082322+00:00
Francis Ngannou,Derrick Lewis,0,0,11 of 46,20 of 54,23%,37%,11 of 46,20 of 54,0 of 0,0 of 2,---,0%,0,0,0,0,0:00,0:01,http://ufcstats.com/fight-details/9bd9a8127b55fbf7,http://ufcstats.com/event-details/35585d970300d45a,http://www.ufcstats.com/fighter-details/8d03ce87ca14e778,http://www.ufcstats.com/fighter-details/d3df1add9d9a7efb,Derrick Lewis,Heavyweight,Decision - Unanimous,3,5:00,http://ufcstats.com/fight-details/9bd9a8127b55fbf7,c51ba89947344bee9661ccd1c7c96d7a,2026-09-08 20:43:25.016675+00:00
Brad Tavares,Israel Adesanya,0,0,40 of 174,119 of 215,22%,55%,46 of 181,127 of 223,1 of 12,0 of 2,8%,0%,0,1,0,0,2:05,1:46,http://ufcstats.com/fight-details/247f9e56965a1c07,http://ufcstats.com/event-details/8215e4fe24e8e81b,http://www.ufcstats.com/fighter-details/0c6d9ea8306c029e,http://www.ufcstats.com/fighter-details/1338e2c7480bdf9e,Israel Adesanya,Middleweight,Decision - Unanimous,5,5:00,http://ufcstats.com/fight-details/247f9e56965a1c07,c51ba89947344bee9661ccd1c7c96d7a,2026-09-08 20:43:43.332199+00:00
Alex Caceres,Martin Bravo,0,0,82 of 159,78 of 236,51%,33%,86 of 163,109 of 270,0 of 1,3 of 9,0%,33%,0,0,0,0,0:44,3:40,http://ufcstats.com/fight-details/674f3fa16e717ff1,http://ufcstats.com/event-details/8215e4fe24e8e81b,http://www.ufcstats.com/fighter-details/7aa3d6964eff4877,http://www.ufcstats.com/fighter-details/9c44f290f5726d95,Alex Caceres,Featherweight,Decision - Split,3,5:00,http://ufcstats.com/fight-details/674f3fa16e717ff1,c51ba89947344bee9661ccd1c7c96d7a,2026-09-08 20:43:48.362054+00:00
Donald Cerrone,Leon Edwards,0,0,60 of 131,84 of 166,45%,50%,64 of 136,101 of 185,1 of 9,0 of 4,11%,0%,0,0,0,0,2:44,0:48,http://ufcstats.com/fight-details/28c70663b99560a8,http://ufcstats.com/event-details/ac5f67109accb482,http://www.ufcstats.com/fighter-details/1d00756835ca67c9,http://www.ufcstats.com/fighter-details/f1fac969a1d70b08,Leon Edwards,Welterweight,Decision - Unanimous,5,5:00,http://ufcstats.com/fight-details/28c70663b99560a8,c51ba89947344bee9661ccd1c7c96d7a,2026-09-08 20:44:06.381410+00:00
Ovince Saint Preux,Tyson Pedro,0,1,7 of 12,9 of 12,58%,75%,13 of 18,10 of 13,0 of 1,0 of 4,0%,0%,1,1,0,0,0:35,1:20,http://ufcstats.com/fight-details/bb4755924dfafaea,http://ufcstats.com/event-details/ac5f67109accb482,http://www.ufcstats.com/fighter-details/50db8711c70196cd,http://www.ufcstats.com/fighter-details/49e96ff8ab781589,Ovince Saint Preux,Light Heavyweight,Submission,1,2:54,http://ufcstats.com/fight-details/bb4755924dfafaea,c51ba89947344bee9661ccd1c7c96d7a,2026-09-08 20:44:08.111028+00:00
Rafael Dos Anjos,Colby Covington,0,0,105 of 198,99 of 296,53%,33%,130 of 223,142 of 346,3 of 6,7 of 18,50%,38%,0,0,0,0,2:14,12:36,http://ufcstats.com/fight-details/eb6f80ccaf2a3dbc,http://ufcstats.com/event-details/2eae41f61776c60f,http://www.ufcstats.com/fighter-details/6a2f7c151031653d,http://www.ufcstats.com/fighter-details/dc9572dd6ec74859,Colby Covington,Welterweight,Decision - Unanimous,5,5:00,http://ufcstats.com/fight-details/eb6f80ccaf2a3dbc,c51ba89947344bee9661ccd1c7c96d7a,2026-09-08 20:44:31.986051+00:00
Andrei Arlovski,Tai Tuivasa,0,1,51 of 125,54 of 120,40%,45%,52 of 126,54 of 120,0 of 2,0 of 0,0%,---,0,0,0,0,0:38,1:39,http://ufcstats.com/fight-details/319b09306094259b,http://ufcstats.com/event-details/2eae41f61776c60f,http://www.ufcstats.com/fighter-details/3738e68d2261e60f,http://www.ufcstats.com/fighter-details/c62fbc117d57b943,Tai Tuivasa,Heavyweight,Decision - Unanimous,3,5:00,http://ufcstats.com/fight-details/319b09306094259b,c51ba89947344bee9661ccd1c7c96d7a,2026-09-08 20:44:35.492275+00:00
Clay Guida,Charles Oliveira,0,0,9 of 25,14 of 29,36%,48%,9 of 25,14 of 29,0 of 1,0 of 0,0%,---,0,1,0,0,0:00,0:02,http://ufcstats.com/fight-details/e82d734674ce4d46,http://ufcstats.com/event-details/2eae41f61776c60f,http://www.ufcstats.com/fighter-details/c47df9303d318c67,http://www.ufcstats.com/fighter-details/07225ba28ae309b6,Charles Oliveira,Lightweight,Submission,1,2:18,http://ufcstats.com/fight-details/e82d734674ce4d46,c51ba89947344bee9661ccd1c7c96d7a,2026-09-08 20:44:49.127070+00:00
Desmond Green,Gleison Tibau,0,0,77 of 191,28 of 178,40%,15%,77 of 191,29 of 179,0 of 0,0 of 3,---,0%,0,0,0,0,0:00,0:00,http://ufcstats.com/fight-details/19fc916df1f0e6ff,http://ufcstats.com/event-details/d29b5c4f22c6357d,http://www.ufcstats.com/fighter-details/f046d724d2a84ac5,http://www.ufcstats.com/fighter-details/75e5fec9f72910ef,Desmond Green,Lightweight,Decision - Unanimous,3,5:00,http://ufcstats.com/fight-details/19fc916df1f0e6ff,c51ba89947344bee9661ccd1c7c96d7a,2026-09-08 20:45:11.083910+00:00
Neil Magny,Craig White,1,0,18 of 29,6 of 17,62%,35%,40 of 53,13 of 28,0 of 2,0 of 2,0%,0%,0,0,0,0,1:57,1:49,http://ufcstats.com/fight-details/426ca5caeb857f1e,http://ufcstats.com/event-details/f5990c11974d8e9c,http://www.ufcstats.com/fighter-details/84b3e7d38f2d2ec5,http://www.ufcstats.com/fighter-details/3dd949593346dbc3,Neil Magny,Welterweight,KO/TKO,1,4:32,http://ufcstats.com/fight-details/426ca5caeb857f1e,c51ba89947344bee9661ccd1c7c96d7a,2026-09-08 20:45:18.854725+00:00
Demian Maia,Kamaru Usman,0,1,27 of 87,66 of 209,31%,31%,33 of 94,97 of 244,0 of 15,0 of 0,0%,---,0,0,0,0,2:01,4:18,http://ufcstats.com/fight-details/47f42aa7cf851a29,http://ufcstats.com/event-details/3144121470023e9a,http://www.ufcstats.com/fighter-details/427b5953ac8e3a27,http://www.ufcstats.com/fighter-details/f1b2aa7853d1ed6e,Kamaru Usman,Welterweight,Decision - Unanimous,5,5:00,http://ufcstats.com/fight-details/47f42aa7cf851a29,c51ba89947344bee9661ccd1c7c96d7a,2026-09-08 20:45:37.455034+00:00
Edson Barboza,Kevin Lee,0,0,51 of 106,142 of 241,48%,58%,64 of 119,233 of 344,0 of 1,4 of 9,0%,44%,0,0,0,0,0:10,15:00,http://ufcstats.com/fight-details/dbb0ca0198ac514a,http://ufcstats.com/event-details/ad99fa5325519169,http://www.ufcstats.com/fighter-details/64a50dad704d1d49,http://www.ufcstats.com/fighter-details/ee9ebceabfd16fa7,Kevin Lee,Lightweight,TKO - Doctor's Stoppage,5,2:18,http://ufcstats.com/fight-details/dbb0ca0198ac514a,c51ba89947344bee9661ccd1c7c96d7a,2026-09-08 20:46:26.275955+00:00
Frankie Edgar,Cub Swanson,0,0,58 of 136,48 of 130,42%,36%,60 of 139,50 of 132,0 of 8,0 of 0,0%,---,0,0,0,0,0:51,0:00,http://ufcstats.com/fight-details/6d8ce1abde550bc6,http://ufcstats.com/event-details/ad99fa5325519169,http://www.ufcstats.com/fighter-details/f2688492b9a525a3,http://www.ufcstats.com/fighter-details/d247691a6c0e9034,Frankie Edgar,Featherweight,Decision - Unanimous,3,5:00,http://ufcstats.com/fight-details/6d8ce1abde550bc6,c51ba89947344bee9661ccd1c7c96d7a,2026-09-08 20:46:27.991202+00:00
Jim Miller,Dan Hooker,0,1,10 of 20,24 of 44,50%,54%,13 of 23,24 of 44,1 of 2,0 of 0,50%,---,0,0,0,0,0:27,0:14,http://ufcstats.com/fight-details/0f88658e787815c8,http://ufcstats.com/event-details/ad99fa5325519169,http://www.ufcstats.com/fighter-details/d1941565abf50b16,http://www.ufcstats.com/fighter-details/193b9d1858bc4df3,Dan Hooker,Lightweight,KO/TKO,1,3:00,http://ufcstats.com/fight-details/0f88658e787815c8,c51ba89947344bee9661ccd1c7c96d7a,2026-09-08 20:46:34.929833+00:00
Dustin Poirier,Justin Gaethje,0,0,174 of 351,115 of 212,49%,54%,179 of 357,116 of 213,0 of 5,0 of 0,0%,---,0,0,0,0,0:06,1:04,http://ufcstats.com/fight-details/bfae2fb50efbdb0f,http://ufcstats.com/event-details/620be7e0712d431b,http://www.ufcstats.com/fighter-details/029eaff01e6bb8f0,http://www.ufcstats.com/fighter-details/9e8f6c728eb01124,Dustin Poirier,Lightweight,KO/TKO,4,0:33,http://ufcstats.com/fight-details/bfae2fb50efbdb0f,c51ba89947344bee9661ccd1c7c96d7a,2026-09-08 20:46:46.363998+00:00
Krzysztof Jotko,Brad Tavares,0,1,24 of 74,46 of 96,32%,47%,40 of 90,62 of 115,0 of 3,0 of 1,0%,0%,0,0,0,0,0:46,2:33,http://ufcstats.com/fight-details/01c9acf719298187,http://ufcstats.com/event-details/620be7e0712d431b,http://www.ufcstats.com/fighter-details/4e06913c91da5200,http://www.ufcstats.com/fighter-details/0c6d9ea8306c029e,Brad Tavares,Middleweight,KO/TKO,3,2:16,http://ufcstats.com/fight-details/01c9acf719298187,c51ba89947344bee9661ccd1c7c96d7a,2026-09-08 20:46:58.405804+00:00
Frankie Edgar,Brian Ortega,0,1,27 of 77,25 of 76,35%,32%,27 of 77,25 of 77,0 of 1,0 of 0,0%,---,0,0,0,0,0:00,0:02,http://ufcstats.com/fight-details/2361b51aa72e5551,http://ufcstats.com/event-details/7929be8290289a47,http://www.ufcstats.com/fighter-details/f2688492b9a525a3,http://www.ufcstats.com/fighter-details/def8166ff24bd237,Brian Ortega,Featherweight,KO/TKO,1,4:44,http://ufcstats.com/fight-details/2361b51aa72e5551,c51ba89947344bee9661ccd1c7c96d7a,2026-09-08 20:47:50.016165+00:00
Stefan Struve,Andrei Arlovski,0,0,34 of 74,46 of 88,45%,52%,37 of 78,76 of 121,0 of 3,4 of 9,0%,44%,0,0,1,1,1:17,4:31,http://ufcstats.com/fight-details/bfb7d17161aec938,http://ufcstats.com/event-details/7929be8290289a47,http://www.ufcstats.com/fighter-details/ebc1f40e00e0c481,http://www.ufcstats.com/fighter-details/3738e68d2261e60f,Andrei Arlovski,Heavyweight,Decision - Unanimous,3,5:00,http://ufcstats.com/fight-details/bfb7d17161aec938,c51ba89947344bee9661ccd1c7c96d7a,2026-09-08 20:47:53.406247+00:00
Josh Emmett,Jeremy Stephens,1,1,18 of 40,24 of 57,45%,42%,21 of 43,24 of 57,0 of 0,0 of 0,---,---,0,0,0,0,0:21,0:09,http://ufcstats.com/fight-details/519dcb290e6db845,http://ufcstats.com/event-details/daa89f01e1c0f42a,http://www.ufcstats.com/fighter-details/fba03cd6cc28dc41,http://www.ufcstats.com/fighter-details/18968f97ad34f15c,Jeremy Stephens,Featherweight,KO/TKO,2,1:35,http://ufcstats.com/fight-details/519dcb290e6db845,c51ba89947344bee9661ccd1c7c96d7a,2026-09-08 20:48:10.697124+00:00
Jessica Andrade,Tecia Pennington,0,0,92 of 178,69 of 150,51%,46%,151 of 237,88 of 171,10 of 12,2 of 2,83%,100%,0,0,1,0,7:14,0:23,http://ufcstats.com/fight-details/4d9d371b8db6fb91,http://ufcstats.com/event-details/daa89f01e1c0f42a,http://www.ufcstats.com/fighter-details/6a1901c62ab3870f,http://www.ufcstats.com/fighter-details/31ef8b67e13495b3,Jessica Andrade,Women's Strawweight,Decision - Unanimous,3,5:00,http://ufcstats.com/fight-details/4d9d371b8db6fb91,c51ba89947344bee9661ccd1c7c96d7a,2026-09-08 20:48:12.453593+00:00
Ovince Saint Preux,Ilir Latifi,0,1,7 of 24,25 of 41,29%,60%,7 of 24,27 of 43,0 of 0,0 of 0,---,---,0,1,0,0,0:00,0:19,http://ufcstats.com/fight-details/9c79433a4686f3fc,http://ufcstats.com/event-details/daa89f01e1c0f42a,http://www.ufcstats.com/fighter-details/50db8711c70196cd,http://www.ufcstats.com/fighter-details/e9a3aeb207578eea,Ilir Latifi,Light Heavyweight,Submission,1,3:48,http://ufcstats.com/fight-details/9c79433a4686f3fc,c51ba89947344bee9661ccd1c7c96d7a,2026-09-08 20:48:14.173178+00:00
Maryna Moroz,Angela Hill,0,0,84 of 321,114 of 209,26%,54%,100 of 339,121 of 216,0 of 2,1 of 2,0%,50%,0,0,0,0,0:31,2:01,http://ufcstats.com/fight-details/037c68d03c970609,http://ufcstats.com/event-details/daa89f01e1c0f42a,http://www.ufcstats.com/fighter-details/b4192a975027aab6,http://www.ufcstats.com/fighter-details/f0feeb2192937424,Angela Hill,Women's Strawweight,Decision - Unanimous,3,5:00,http://ufcstats.com/fight-details/037c68d03c970609,c51ba89947344bee9661ccd1c7c96d7a,2026-09-08 20:48:21.157519+00:00
Donald Cerrone,Yancy Medeiros,3,0,28 of 57,25 of 79,49%,31%,28 of 57,26 of 80,0 of 1,0 of 0,0%,---,0,0,0,0,0:21,0:17,http://ufcstats.com/fight-details/8f7a73d05387b159,http://ufcstats.com/event-details/d181689653115b6a,http://www.ufcstats.com/fighter-details/1d00756835ca67c9,http://www.ufcstats.com/fighter-details/813550bc53b15fb0,Donald Cerrone,Welterweight,KO/TKO,1,4:58,http://ufcstats.com/fight-details/8f7a73d05387b159,c51ba89947344bee9661ccd1c7c96d7a,2026-09-08 20:48:32.503652+00:00
Derrick Lewis,Marcin Tybura,2,0,30 of 45,37 of 56,66%,66%,32 of 47,83 of 104,1 of 2,1 of 2,50%,50%,0,1,0,1,2:16,7:12,http://ufcstats.com/fight-details/f73dfeb48b09e6a6,http://ufcstats.com/event-details/d181689653115b6a,http://www.ufcstats.com/fighter-details/d3df1add9d9a7efb,http://www.ufcstats.com/fighter-details/c9cf753cfdf77fc2,Derrick Lewis,Heavyweight,KO/TKO,3,2:48,http://ufcstats.com/fight-details/f73dfeb48b09e6a6,c51ba89947344bee9661ccd1c7c96d7a,2026-09-08 20:48:34.253678+00:00
Sergio Moraes,Tim Means,0,1,87 of 192,129 of 274,45%,47%,89 of 195,136 of 282,0 of 1,0 of 0,0%,---,0,0,0,0,0:00,1:21,http://ufcstats.com/fight-details/eb0f7127f22457e9,http://ufcstats.com/event-details/7cf20446453f852b,http://www.ufcstats.com/fighter-details/1bcaac2d99b90fce,http://www.ufcstats.com/fighter-details/4b47e71384a9522f,Sergio Moraes,Welterweight,Decision - Split,3,5:00,http://ufcstats.com/fight-details/eb0f7127f22457e9,c51ba89947344bee9661ccd1c7c96d7a,2026-09-08 20:49:28.010214+00:00
Drew Dober,Frank Camacho,0,0,145 of 322,106 of 223,45%,47%,161 of 338,148 of 269,0 of 6,3 of 3,0%,100%,0,0,0,1,0:26,3:04,http://ufcstats.com/fight-details/f23e2bed86b62462,http://ufcstats.com/event-details/602bb270f2bdbf02,http://www.ufcstats.com/fighter-details/519e4fe37ce9ff75,http://www.ufcstats.com/fighter-details/764342d39cdaa54a,Drew Dober,Welterweight,Decision - Unanimous,3,5:00,http://ufcstats.com/fight-details/f23e2bed86b62462,c51ba89947344bee9661ccd1c7c96d7a,2026-09-08 20:49:42.900458+00:00
Erik Koch,King Green,0,0,56 of 146,110 of 194,38%,56%,60 of 150,134 of 220,1 of 1,1 of 5,100%,20%,0,0,1,1,1:57,3:16,http://ufcstats.com/fight-details/04a1c5b7993fe4d5,http://ufcstats.com/event-details/602bb270f2bdbf02,http://www.ufcstats.com/fighter-details/99bd87a300079ed9,http://www.ufcstats.com/fighter-details/887961364be5ceb3,King Green,Lightweight,Decision - Unanimous,3,5:00,http://ufcstats.com/fight-details/04a1c5b7993fe4d5,c51ba89947344bee9661ccd1c7c96d7a,2026-09-08 20:49:45.117175+00:00
Islam Makhachev,Gleison Tibau,1,0,3 of 6,2 of 4,50%,50%,3 of 6,2 of 4,0 of 0,0 of 0,---,---,0,0,0,0,0:01,0:00,http://ufcstats.com/fight-details/b9726184624ac076,http://ufcstats.com/event-details/02177caefe7c07d4,http://www.ufcstats.com/fighter-details/275aca31f61ba28c,http://www.ufcstats.com/fighter-details/75e5fec9f72910ef,Islam Makhachev,Lightweight,KO/TKO,1,0:57,http://ufcstats.com/fight-details/b9726184624ac076,c51ba89947344bee9661ccd1c7c96d7a,2026-09-08 20:50:18.019195+00:00
Jeremy Stephens,Dooho Choi,1,0,49 of 133,44 of 79,36%,55%,49 of 133,45 of 80,0 of 0,0 of 0,---,---,0,0,0,0,0:11,0:04,http://ufcstats.com/fight-details/51e684bfce8d94aa,http://ufcstats.com/event-details/fc1868f56d3036eb,http://www.ufcstats.com/fighter-details/18968f97ad34f15c,http://www.ufcstats.com/fighter-details/e93b04e308913c2e,Jeremy Stephens,Featherweight,KO/TKO,2,2:36,http://ufcstats.com/fight-details/51e684bfce8d94aa,c51ba89947344bee9661ccd1c7c96d7a,2026-09-08 20:50:21.257981+00:00
Darren Elkins,Michael Johnson,0,0,18 of 64,45 of 98,28%,45%,54 of 108,46 of 99,1 of 4,0 of 0,25%,---,1,0,0,0,2:01,0:00,http://ufcstats.com/fight-details/d85c76a61a820be9,http://ufcstats.com/event-details/fc1868f56d3036eb,http://www.ufcstats.com/fighter-details/92a9aa9c93192871,http://www.ufcstats.com/fighter-details/511e82663651438d,Darren Elkins,Featherweight,Submission,2,2:22,http://ufcstats.com/fight-details/d85c76a61a820be9,c51ba89947344bee9661ccd1c7c96d7a,2026-09-08 20:50:26.476197+00:00
Khabib Nurmagomedov,Edson Barboza,0,0,89 of 177,25 of 76,50%,32%,154 of 246,25 of 77,4 of 13,0 of 0,30%,---,0,0,0,0,10:31,0:00,http://ufcstats.com/fight-details/a88a4c126d585320,http://ufcstats.com/event-details/04076783ca83d6ae,http://www.ufcstats.com/fighter-details/032cc3922d871c7f,http://www.ufcstats.com/fighter-details/64a50dad704d1d49,Khabib Nurmagomedov,Lightweight,Decision - Unanimous,3,5:00,http://ufcstats.com/fight-details/a88a4c126d585320,c51ba89947344bee9661ccd1c7c96d7a,2026-09-08 20:50:43.186917+00:00
Carlos Condit,Neil Magny,0,0,37 of 112,32 of 114,33%,28%,64 of 140,64 of 150,0 of 0,6 of 9,---,66%,0,0,0,0,0:43,5:09,http://ufcstats.com/fight-details/c381ad2c0bf34dd9,http://ufcstats.com/event-details/04076783ca83d6ae,http://www.ufcstats.com/fighter-details/f9f07bb5a43535ed,http://www.ufcstats.com/fighter-details/84b3e7d38f2d2ec5,Neil Magny,Welterweight,Decision - Unanimous,3,5:00,http://ufcstats.com/fight-details/c381ad2c0bf34dd9,c51ba89947344bee9661ccd1c7c96d7a,2026-09-08 20:50:48.299974+00:00
Robbie Lawler,Rafael Dos Anjos,0,0,86 of 212,172 of 291,40%,59%,137 of 267,219 of 343,0 of 0,2 of 7,---,28%,0,0,0,0,4:24,7:53,http://ufcstats.com/fight-details/d9375ede2ec2f924,http://ufcstats.com/event-details/eaa0a728cc91ef60,http://www.ufcstats.com/fighter-details/f2925e6db404bf1d,http://www.ufcstats.com/fighter-details/6a2f7c151031653d,Rafael Dos Anjos,Welterweight,Decision - Unanimous,5,5:00,http://ufcstats.com/fight-details/d9375ede2ec2f924,c51ba89947344bee9661ccd1c7c96d7a,2026-09-08 20:51:00.609766+00:00
Max Holloway,Jose Aldo,0,0,174 of 397,87 of 163,43%,53%,181 of 406,89 of 165,0 of 0,0 of 1,---,0%,0,0,0,0,0:46,0:02,http://ufcstats.com/fight-details/21f7fc538ea646e8,http://ufcstats.com/event-details/9e30f69cc0869301,http://www.ufcstats.com/fighter-details/150ff4cc642270b9,http://www.ufcstats.com/fighter-details/d0f3959b4a9747e6,Max Holloway,Featherweight,KO/TKO,3,4:51,http://ufcstats.com/fight-details/21f7fc538ea646e8,c51ba89947344bee9661ccd1c7c96d7a,2026-09-08 20:51:45.162456+00:00
Charles Oliveira,Paul Felder,0,0,6 of 13,31 of 46,46%,67%,12 of 20,37 of 52,2 of 3,0 of 0,66%,---,2,0,1,0,2:51,4:52,http://ufcstats.com/fight-details/c83487136636e9bf,http://ufcstats.com/event-details/9e30f69cc0869301,http://www.ufcstats.com/fighter-details/07225ba28ae309b6,http://www.ufcstats.com/fighter-details/e5010b1b94ca5755,Paul Felder,Lightweight,KO/TKO,2,4:06,http://ufcstats.com/fight-details/c83487136636e9bf,c51ba89947344bee9661ccd1c7c96d7a,2026-09-08 20:51:54.172732+00:00
Michael Bisping,Kelvin Gastelum,0,1,7 of 24,14 of 27,29%,51%,7 of 24,14 of 27,0 of 0,0 of 0,---,---,0,0,0,0,0:00,0:06,http://ufcstats.com/fight-details/32ad75f6c8ca7e9f,http://ufcstats.com/event-details/e7bc606d269896aa,http://www.ufcstats.com/fighter-details/2b93ebd9f5417ad2,http://www.ufcstats.com/fighter-details/8c0580d4fff106c1,Kelvin Gastelum,Middleweight,KO/TKO,1,2:30,http://ufcstats.com/fight-details/32ad75f6c8ca7e9f,c51ba89947344bee9661ccd1c7c96d7a,2026-09-08 20:52:30.277414+00:00
Wang Guan,Alex Caceres,1,0,71 of 164,49 of 123,43%,39%,75 of 169,49 of 124,0 of 3,0 of 0,0%,---,0,0,0,0,0:23,0:21,http://ufcstats.com/fight-details/62eaf9f2436bef25,http://ufcstats.com/event-details/e7bc606d269896aa,http://www.ufcstats.com/fighter-details/dd12382f28296f7b,http://www.ufcstats.com/fighter-details/7aa3d6964eff4877,Wang Guan,Featherweight,Decision - Split,3,5:00,http://ufcstats.com/fight-details/62eaf9f2436bef25,c51ba89947344bee9661ccd1c7c96d7a,2026-09-08 20:52:33.567741+00:00
Tim Means,Belal Muhammad,0,0,91 of 234,88 of 221,38%,39%,93 of 236,90 of 224,0 of 1,1 of 5,0%,20%,0,0,0,0,0:00,0:21,http://ufcstats.com/fight-details/5ebe8d3849273776,http://ufcstats.com/event-details/caced97768818230,http://www.ufcstats.com/fighter-details/4b47e71384a9522f,http://www.ufcstats.com/fighter-details/b1b0729d27936f2f,Belal Muhammad,Welterweight,Decision - Split,3,5:00,http://ufcstats.com/fight-details/5ebe8d3849273776,c51ba89947344bee9661ccd1c7c96d7a,2026-09-08 20:52:54.972446+00:00
Dustin Poirier,Anthony Pettis,0,0,53 of 100,34 of 54,53%,62%,71 of 119,46 of 66,5 of 6,1 of 1,83%,100%,0,4,0,2,6:49,1:35,http://ufcstats.com/fight-details/b55605791a4d72b9,http://ufcstats.com/event-details/d856a0080ac09ed7,http://www.ufcstats.com/fighter-details/029eaff01e6bb8f0,http://www.ufcstats.com/fighter-details/cbb682f5fcc44bfc,Dustin Poirier,Lightweight,KO/TKO,3,2:08,http://ufcstats.com/fight-details/b55605791a4d72b9,c51ba89947344bee9661ccd1c7c96d7a,2026-09-08 20:53:16.289813+00:00
Matt Brown,Diego Sanchez,1,0,18 of 34,12 of 20,52%,60%,20 of 36,13 of 21,0 of 0,0 of 3,---,0%,0,0,0,0,0:01,1:29,http://ufcstats.com/fight-details/b6b5ec324449befd,http://ufcstats.com/event-details/d856a0080ac09ed7,http://www.ufcstats.com/fighter-details/31123249b0bbf52e,http://www.ufcstats.com/fighter-details/82e7929bf6c2b689,Matt Brown,Welterweight,KO/TKO,1,3:44,http://ufcstats.com/fight-details/b6b5ec324449befd,c51ba89947344bee9661ccd1c7c96d7a,2026-09-08 20:53:17.694291+00:00
Junior Albini,Andrei Arlovski,0,0,48 of 106,92 of 203,45%,45%,74 of 133,106 of 217,0 of 1,0 of 1,0%,0%,0,0,0,0,3:38,0:02,http://ufcstats.com/fight-details/603354ffe9cc0755,http://ufcstats.com/event-details/d856a0080ac09ed7,http://www.ufcstats.com/fighter-details/c482c8605455a213,http://www.ufcstats.com/fighter-details/3738e68d2261e60f,Andrei Arlovski,Heavyweight,Decision - Unanimous,3,5:00,http://ufcstats.com/fight-details/603354ffe9cc0755,c51ba89947344bee9661ccd1c7c96d7a,2026-09-08 20:53:19.471383+00:00
Joe Lauzon,Clay Guida,0,1,1 of 7,24 of 40,14%,60%,1 of 7,31 of 48,0 of 0,0 of 0,---,---,0,0,0,0,0:00,0:33,http://ufcstats.com/fight-details/935f559ab0521c27,http://ufcstats.com/event-details/d856a0080ac09ed7,http://www.ufcstats.com/fighter-details/3bad7ef643840f67,http://www.ufcstats.com/fighter-details/c47df9303d318c67,Clay Guida,Lightweight,KO/TKO,1,1:07,http://ufcstats.com/fight-details/935f559ab0521c27,c51ba89947344bee9661ccd1c7c96d7a,2026-09-08 20:53:24.442863+00:00
Angela Hill,Nina Nunes,0,0,107 of 230,143 of 309,46%,46%,108 of 233,146 of 312,0 of 0,0 of 1,---,0%,0,0,0,0,0:08,0:02,http://ufcstats.com/fight-details/7006a98fe9944571,http://ufcstats.com/event-details/d856a0080ac09ed7,http://www.ufcstats.com/fighter-details/f0feeb2192937424,http://www.ufcstats.com/fighter-details/d343df8ba11f4c4e,Nina Nunes,Women's Strawweight,Decision - Unanimous,3,5:00,http://ufcstats.com/fight-details/7006a98fe9944571,c51ba89947344bee9661ccd1c7c96d7a,2026-09-08 20:53:31.228752+00:00
Michael Bisping,Georges St-Pierre,0,1,27 of 106,59 of 119,25%,49%,49 of 128,68 of 131,0 of 0,3 of 4,---,75%,0,1,0,0,0:00,3:15,http://ufcstats.com/fight-details/d361b51952944a26,http://ufcstats.com/event-details/a25b71fe5e31fa97,http://www.ufcstats.com/fighter-details/2b93ebd9f5417ad2,http://www.ufcstats.com/fighter-details/6506c1d34da9c013,Georges St-Pierre,Middleweight,Submission,3,4:23,http://ufcstats.com/fight-details/d361b51952944a26,c51ba89947344bee9661ccd1c7c96d7a,2026-09-08 20:53:39.419403+00:00
Ovince Saint Preux,Corey Anderson,1,0,23 of 49,30 of 45,46%,66%,30 of 56,60 of 87,0 of 0,4 of 10,---,40%,0,0,0,0,0:02,7:08,http://ufcstats.com/fight-details/5cab50839f4a0d94,http://ufcstats.com/event-details/a25b71fe5e31fa97,http://www.ufcstats.com/fighter-details/50db8711c70196cd,http://www.ufcstats.com/fighter-details/5e4eec08896c9423,Ovince Saint Preux,Light Heavyweight,KO/TKO,3,1:25,http://ufcstats.com/fight-details/5cab50839f4a0d94,c51ba89947344bee9661ccd1c7c96d7a,2026-09-08 20:53:51.301426+00:00
Demian Maia,Colby Covington,0,0,53 of 151,88 of 317,35%,27%,59 of 157,121 of 351,0 of 13,0 of 0,0%,---,0,0,0,0,0:02,1:46,http://ufcstats.com/fight-details/7a5baef71925258c,http://ufcstats.com/event-details/a7724f51e32e763e,http://www.ufcstats.com/fighter-details/427b5953ac8e3a27,http://www.ufcstats.com/fighter-details/dc9572dd6ec74859,Colby Covington,Welterweight,Decision - Unanimous,3,5:00,http://ufcstats.com/fight-details/7a5baef71925258c,c51ba89947344bee9661ccd1c7c96d7a,2026-09-08 20:54:01.724576+00:00
Francisco Trinaldo,Jim Miller,0,0,63 of 140,34 of 80,45%,42%,84 of 165,61 of 109,1 of 1,1 of 5,100%,20%,0,0,0,0,4:42,2:26,http://ufcstats.com/fight-details/bed03663bc577f02,http://ufcstats.com/event-details/a7724f51e32e763e,http://www.ufcstats.com/fighter-details/a8283a4f415e1eb9,http://www.ufcstats.com/fighter-details/d1941565abf50b16,Francisco Trinaldo,Lightweight,Decision - Unanimous,3,5:00,http://ufcstats.com/fight-details/bed03663bc577f02,c51ba89947344bee9661ccd1c7c96d7a,2026-09-08 20:54:05.139084+00:00
Donald Cerrone,Darren Till,0,1,14 of 24,24 of 55,58%,43%,14 of 24,24 of 55,1 of 2,0 of 0,50%,---,0,0,0,0,0:29,0:05,http://ufcstats.com/fight-details/aa7b1fca60a21f3a,http://ufcstats.com/event-details/d6b68eaf4b68b160,http://www.ufcstats.com/fighter-details/1d00756835ca67c9,http://www.ufcstats.com/fighter-details/9ce6d5a03af801b7,Darren Till,Welterweight,KO/TKO,1,4:20,http://ufcstats.com/fight-details/aa7b1fca60a21f3a,c51ba89947344bee9661ccd1c7c96d7a,2026-09-08 20:54:21.895926+00:00
Lando Vannata,King Green,1,0,104 of 232,93 of 232,44%,40%,111 of 239,104 of 246,4 of 5,1 of 3,80%,33%,1,0,0,0,1:08,2:10,http://ufcstats.com/fight-details/c46d51fb87a4f485,http://ufcstats.com/event-details/cc5834a495d1ea08,http://www.ufcstats.com/fighter-details/f9b200db02b488d9,http://www.ufcstats.com/fighter-details/887961364be5ceb3,Lando Vannata,Lightweight,Decision - Split,3,5:00,http://ufcstats.com/fight-details/c46d51fb87a4f485,c51ba89947344bee9661ccd1c7c96d7a,2026-09-08 20:54:52.627851+00:00
Thales Leites,Brad Tavares,0,1,46 of 132,70 of 136,34%,51%,50 of 137,80 of 146,0 of 7,0 of 0,0%,---,0,0,0,0,2:57,1:23,http://ufcstats.com/fight-details/2142ff2a46d22741,http://ufcstats.com/event-details/cc5834a495d1ea08,http://www.ufcstats.com/fighter-details/cfb65863d5099327,http://www.ufcstats.com/fighter-details/0c6d9ea8306c029e,Brad Tavares,Middleweight,Decision - Unanimous,3,5:00,http://ufcstats.com/fight-details/2142ff2a46d22741,c51ba89947344bee9661ccd1c7c96d7a,2026-09-08 20:54:59.627279+00:00
Ovince Saint Preux,Yushin Okami,0,0,0 of 0,0 of 0,---,---,3 of 3,0 of 0,0 of 0,0 of 1,---,0%,1,1,0,0,1:42,0:00,http://ufcstats.com/fight-details/d1bee15e60ee6721,http://ufcstats.com/event-details/9211aae062b799d6,http://www.ufcstats.com/fighter-details/50db8711c70196cd,http://www.ufcstats.com/fighter-details/acff437707625fc7,Ovince Saint Preux,Light Heavyweight,Submission,1,1:50,http://ufcstats.com/fight-details/d1bee15e60ee6721,c51ba89947344bee9661ccd1c7c96d7a,2026-09-08 20:55:03.895285+00:00
Claudia Gadelha,Jessica Andrade,0,0,42 of 91,141 of 241,46%,58%,47 of 96,242 of 355,0 of 7,4 of 7,0%,57%,2,0,0,0,0:08,8:35,http://ufcstats.com/fight-details/e8d59c27b467d716,http://ufcstats.com/event-details/9211aae062b799d6,http://www.ufcstats.com/fighter-details/ec34349e7dffcde7,http://www.ufcstats.com/fighter-details/6a1901c62ab3870f,Jessica Andrade,Women's Strawweight,Decision - Unanimous,3,5:00,http://ufcstats.com/fight-details/e8d59c27b467d716,c51ba89947344bee9661ccd1c7c96d7a,2026-09-08 20:55:05.645189+00:00
Neil Magny,Rafael Dos Anjos,0,0,1 of 5,13 of 16,20%,81%,5 of 9,17 of 21,0 of 0,0 of 0,---,---,0,1,0,0,0:00,3:19,http://ufcstats.com/fight-details/b6082b551288aa5a,http://ufcstats.com/event-details/d86e913c548c07c2,http://www.ufcstats.com/fighter-details/84b3e7d38f2d2ec5,http://www.ufcstats.com/fighter-details/6a2f7c151031653d,Rafael Dos Anjos,Welterweight,Submission,1,3:43,http://ufcstats.com/fight-details/b6082b551288aa5a,c51ba89947344bee9661ccd1c7c96d7a,2026-09-08 20:55:42.488218+00:00
Jeremy Stephens,Gilbert Melendez,5,0,96 of 250,29 of 129,38%,22%,101 of 255,30 of 130,0 of 0,0 of 0,---,---,0,0,0,0,1:21,0:00,http://ufcstats.com/fight-details/94c7e64ce88c9b9e,http://ufcstats.com/event-details/d86e913c548c07c2,http://www.ufcstats.com/fighter-details/18968f97ad34f15c,http://www.ufcstats.com/fighter-details/aa5b4eff51bdc7d1,Jeremy Stephens,Featherweight,Decision - Unanimous,3,5:00,http://ufcstats.com/fight-details/94c7e64ce88c9b9e,c51ba89947344bee9661ccd1c7c96d7a,2026-09-08 20:55:47.636556+00:00
Tyron Woodley,Demian Maia,1,0,57 of 153,28 of 89,37%,31%,57 of 153,29 of 90,0 of 0,0 of 21,---,0%,0,0,0,0,0:06,0:53,http://ufcstats.com/fight-details/30553d630491094a,http://ufcstats.com/event-details/ff9578cdbfabd323,http://www.ufcstats.com/fighter-details/effd9de9937996f8,http://www.ufcstats.com/fighter-details/427b5953ac8e3a27,Tyron Woodley,Welterweight,Decision - Unanimous,5,5:00,http://ufcstats.com/fight-details/30553d630491094a,c51ba89947344bee9661ccd1c7c96d7a,2026-09-08 20:56:47.725575+00:00
Robbie Lawler,Donald Cerrone,0,0,77 of 156,82 of 166,49%,49%,85 of 164,99 of 185,0 of 1,1 of 10,0%,10%,0,0,0,0,0:21,1:33,http://ufcstats.com/fight-details/b8c967c742d3c107,http://ufcstats.com/event-details/ff9578cdbfabd323,http://www.ufcstats.com/fighter-details/f2925e6db404bf1d,http://www.ufcstats.com/fighter-details/1d00756835ca67c9,Robbie Lawler,Welterweight,Decision - Unanimous,3,5:00,http://ufcstats.com/fight-details/b8c967c742d3c107,c51ba89947344bee9661ccd1c7c96d7a,2026-09-08 20:56:51.401732+00:00
Joshua Burkman,Drew Dober,0,1,11 of 18,15 of 29,61%,51%,11 of 18,20 of 34,0 of 1,0 of 1,0%,0%,0,0,0,0,0:00,1:07,http://ufcstats.com/fight-details/3636e085c098dbda,http://ufcstats.com/event-details/ff9578cdbfabd323,http://www.ufcstats.com/fighter-details/6da99156486ed6c2,http://www.ufcstats.com/fighter-details/519e4fe37ce9ff75,Drew Dober,Lightweight,KO/TKO,1,3:04,http://ufcstats.com/fight-details/3636e085c098dbda,c51ba89947344bee9661ccd1c7c96d7a,2026-09-08 20:57:06.040927+00:00
Dennis Bermudez,Darren Elkins,0,0,69 of 160,70 of 154,43%,45%,101 of 194,99 of 189,1 of 6,3 of 10,16%,30%,0,2,0,0,2:38,4:04,http://ufcstats.com/fight-details/8028d5de087755dc,http://ufcstats.com/event-details/9f3d6ddef3d3cccc,http://www.ufcstats.com/fighter-details/6f242453c91a5af0,http://www.ufcstats.com/fighter-details/92a9aa9c93192871,Darren Elkins,Featherweight,Decision - Split,3,5:00,http://ufcstats.com/fight-details/8028d5de087755dc,c51ba89947344bee9661ccd1c7c96d7a,2026-09-08 20:57:11.177449+00:00
Anthony Pettis,Jim Miller,0,0,80 of 121,48 of 110,66%,43%,107 of 150,51 of 113,1 of 2,1 of 4,50%,25%,0,0,0,0,3:38,1:50,http://ufcstats.com/fight-details/1f49b59e4058568f,http://ufcstats.com/event-details/686cccbf1a4de453,http://www.ufcstats.com/fighter-details/cbb682f5fcc44bfc,http://www.ufcstats.com/fighter-details/d1941565abf50b16,Anthony Pettis,Lightweight,Decision - Unanimous,3,5:00,http://ufcstats.com/fight-details/1f49b59e4058568f,c51ba89947344bee9661ccd1c7c96d7a,2026-09-08 20:58:02.797840+00:00
Michael Johnson,Justin Gaethje,0,0,91 of 200,104 of 174,45%,59%,91 of 200,104 of 174,1 of 3,0 of 0,33%,---,0,0,0,0,0:34,0:06,http://ufcstats.com/fight-details/0d5356c506111a57,http://ufcstats.com/event-details/23bd78c3f89bdb54,http://www.ufcstats.com/fighter-details/511e82663651438d,http://www.ufcstats.com/fighter-details/9e8f6c728eb01124,Justin Gaethje,Lightweight,KO/TKO,2,4:48,http://ufcstats.com/fight-details/0d5356c506111a57,c51ba89947344bee9661ccd1c7c96d7a,2026-09-08 20:58:18.107359+00:00
Brad Tavares,Elias Theodorou,0,0,31 of 71,34 of 82,43%,41%,34 of 74,64 of 113,1 of 3,3 of 7,33%,42%,0,0,1,0,2:06,4:13,http://ufcstats.com/fight-details/6ec0a046de95fe16,http://ufcstats.com/event-details/23bd78c3f89bdb54,http://www.ufcstats.com/fighter-details/0c6d9ea8306c029e,http://www.ufcstats.com/fighter-details/34f88592c0ab7a54,Brad Tavares,Middleweight,Decision - Unanimous,3,5:00,http://ufcstats.com/fight-details/6ec0a046de95fe16,c51ba89947344bee9661ccd1c7c96d7a,2026-09-08 20:58:25.095387+00:00
Angela Hill,Ashley Yoder,0,0,47 of 100,26 of 108,47%,24%,65 of 118,54 of 137,1 of 1,3 of 6,100%,50%,0,0,0,0,2:54,3:20,http://ufcstats.com/fight-details/c94c3e4bbed24421,http://ufcstats.com/event-details/23bd78c3f89bdb54,http://www.ufcstats.com/fighter-details/f0feeb2192937424,http://www.ufcstats.com/fighter-details/b4c6c904a9ffc5e8,Angela Hill,Women's Strawweight,Decision - Unanimous,3,5:00,http://ufcstats.com/fight-details/c94c3e4bbed24421,c51ba89947344bee9661ccd1c7c96d7a,2026-09-08 20:58:28.384671+00:00
Tim Means,Alex Garcia,0,0,64 of 174,32 of 151,36%,21%,76 of 186,32 of 151,0 of 0,0 of 5,---,0%,0,0,0,0,0:01,0:29,http://ufcstats.com/fight-details/b53fd8bce62aa1c6,http://ufcstats.com/event-details/99bf06f20491cb54,http://www.ufcstats.com/fighter-details/4b47e71384a9522f,http://www.ufcstats.com/fighter-details/a2b12c3f3d60ff69,Tim Means,Welterweight,Decision - Unanimous,3,5:00,http://ufcstats.com/fight-details/b53fd8bce62aa1c6,c51ba89947344bee9661ccd1c7c96d7a,2026-09-08 20:58:44.740655+00:00
Clay Guida,Erik Koch,0,0,38 of 87,13 of 39,43%,33%,133 of 207,17 of 44,2 of 8,0 of 0,25%,---,0,0,0,0,9:52,0:35,http://ufcstats.com/fight-details/9a79a4b97a0f1e24,http://ufcstats.com/event-details/99bf06f20491cb54,http://www.ufcstats.com/fighter-details/c47df9303d318c67,http://www.ufcstats.com/fighter-details/99bd87a300079ed9,Clay Guida,Lightweight,Decision - Unanimous,3,5:00,http://ufcstats.com/fight-details/9a79a4b97a0f1e24,c51ba89947344bee9661ccd1c7c96d7a,2026-09-08 20:58:48.424379+00:00
Andrei Arlovski,Marcin Tybura,0,0,28 of 56,51 of 92,50%,55%,41 of 74,127 of 188,0 of 2,2 of 3,0%,66%,0,0,0,0,3:59,8:37,http://ufcstats.com/fight-details/205ad947e8c94901,http://ufcstats.com/event-details/353de740bb6c7e75,http://www.ufcstats.com/fighter-details/3738e68d2261e60f,http://www.ufcstats.com/fighter-details/c9cf753cfdf77fc2,Marcin Tybura,Heavyweight,Decision - Unanimous,3,5:00,http://ufcstats.com/fight-details/205ad947e8c94901,c51ba89947344bee9661ccd1c7c96d7a,2026-09-08 20:59:05.261084+00:00
Tarec Saffiedine,Rafael Dos Anjos,0,0,60 of 139,81 of 158,43%,51%,71 of 151,91 of 169,1 of 1,1 of 5,100%,20%,0,1,0,0,3:40,3:32,http://ufcstats.com/fight-details/a69a155a25b84679,http://ufcstats.com/event-details/353de740bb6c7e75,http://www.ufcstats.com/fighter-details/0749d968e932df53,http://www.ufcstats.com/fighter-details/6a2f7c151031653d,Rafael Dos Anjos,Welterweight,Decision - Unanimous,3,5:00,http://ufcstats.com/fight-details/a69a155a25b84679,c51ba89947344bee9661ccd1c7c96d7a,2026-09-08 20:59:08.517516+00:00
Alex Caceres,Rolando Dy,1,0,51 of 93,20 of 65,54%,30%,56 of 99,21 of 66,0 of 0,1 of 4,---,25%,1,0,0,0,1:50,1:23,http://ufcstats.com/fight-details/b66f4fa1b9b96b51,http://ufcstats.com/event-details/353de740bb6c7e75,http://www.ufcstats.com/fighter-details/7aa3d6964eff4877,http://www.ufcstats.com/fighter-details/55ed59d541f8b90c,Alex Caceres,Featherweight,TKO - Doctor's Stoppage,2,5:00,http://ufcstats.com/fight-details/b66f4fa1b9b96b51,c51ba89947344bee9661ccd1c7c96d7a,2026-09-08 20:59:13.651665+00:00
Derrick Lewis,Mark Hunt,0,0,51 of 139,59 of 125,36%,47%,52 of 140,59 of 125,0 of 3,0 of 0,0%,---,0,0,0,0,0:00,0:00,http://ufcstats.com/fight-details/cd96998e837b0da1,http://ufcstats.com/event-details/90e7447d8b7f3f35,http://www.ufcstats.com/fighter-details/d3df1add9d9a7efb,http://www.ufcstats.com/fighter-details/eef9b891edbd4604,Mark Hunt,Heavyweight,KO/TKO,4,3:51,http://ufcstats.com/fight-details/cd96998e837b0da1,c51ba89947344bee9661ccd1c7c96d7a,2026-09-08 20:59:25.642350+00:00
Jose Aldo,Max Holloway,0,1,55 of 113,104 of 207,48%,50%,56 of 115,128 of 234,0 of 0,0 of 0,---,---,0,0,0,0,0:00,2:04,http://ufcstats.com/fight-details/9ed0c3acc436eb56,http://ufcstats.com/event-details/1507214bbc7a79e2,http://www.ufcstats.com/fighter-details/d0f3959b4a9747e6,http://www.ufcstats.com/fighter-details/150ff4cc642270b9,Max Holloway,Featherweight,KO/TKO,3,4:13,http://ufcstats.com/fight-details/9ed0c3acc436eb56,c51ba89947344bee9661ccd1c7c96d7a,2026-09-08 20:59:45.850986+00:00
Joanna Jedrzejczyk,Jessica Andrade,0,0,225 of 352,83 of 218,63%,38%,230 of 357,94 of 230,0 of 0,2 of 10,---,20%,0,0,0,0,0:15,3:29,http://ufcstats.com/fight-details/0fd8214ac276728e,http://ufcstats.com/event-details/5df10509264586e5,http://www.ufcstats.com/fighter-details/3d6749c4267da18f,http://www.ufcstats.com/fighter-details/6a1901c62ab3870f,Joanna Jedrzejczyk,Women's Strawweight,Decision - Unanimous,5,5:00,http://ufcstats.com/fight-details/0fd8214ac276728e,c51ba89947344bee9661ccd1c7c96d7a,2026-09-08 21:00:32.617922+00:00
Demian Maia,Jorge Masvidal,0,0,23 of 38,39 of 63,60%,61%,67 of 93,55 of 80,4 of 12,0 of 0,33%,---,0,0,1,0,8:54,0:54,http://ufcstats.com/fight-details/6e3139f066149a81,http://ufcstats.com/event-details/5df10509264586e5,http://www.ufcstats.com/fighter-details/427b5953ac8e3a27,http://www.ufcstats.com/fighter-details/47b9e0e7703a4868,Demian Maia,Welterweight,Decision - Split,3,5:00,http://ufcstats.com/fight-details/6e3139f066149a81,c51ba89947344bee9661ccd1c7c96d7a,2026-09-08 21:00:36.171289+00:00
Frankie Edgar,Yair Rodriguez,0,0,72 of 103,16 of 42,69%,38%,96 of 130,29 of 57,1 of 3,0 of 0,33%,---,0,1,0,0,8:25,0:00,http://ufcstats.com/fight-details/39f746cee66e8771,http://ufcstats.com/event-details/5df10509264586e5,http://www.ufcstats.com/fighter-details/f2688492b9a525a3,http://www.ufcstats.com/fighter-details/cbf5e6f231b55443,Frankie Edgar,Featherweight,TKO - Doctor's Stoppage,2,5:00,http://ufcstats.com/fight-details/39f746cee66e8771,c51ba89947344bee9661ccd1c7c96d7a,2026-09-08 21:00:38.342799+00:00
Eddie Alvarez,Dustin Poirier,0,0,44 of 127,73 of 144,34%,50%,44 of 128,79 of 150,1 of 4,0 of 0,25%,---,0,2,0,0,1:16,0:00,http://ufcstats.com/fight-details/6fe9729cee57c680,http://ufcstats.com/event-details/5df10509264586e5,http://www.ufcstats.com/fighter-details/33a331684283900f,http://www.ufcstats.com/fighter-details/029eaff01e6bb8f0,nc,Lightweight,Could Not Continue,2,4:02,http://ufcstats.com/fight-details/6fe9729cee57c680,c51ba89947344bee9661ccd1c7c96d7a,2026-09-08 21:00:42.233017+00:00
Al Iaquinta,Diego Sanchez,2,0,12 of 19,4 of 15,63%,26%,12 of 19,4 of 15,0 of 0,0 of 0,---,---,0,0,0,0,0:05,0:00,http://ufcstats.com/fight-details/2310fbcb6fdf3b47,http://ufcstats.com/event-details/bc7f7f0ba3db74d2,http://www.ufcstats.com/fighter-details/59279a7c978f7da0,http://www.ufcstats.com/fighter-details/82e7929bf6c2b689,Al Iaquinta,Lightweight,KO/TKO,1,1:38,http://ufcstats.com/fight-details/2310fbcb6fdf3b47,c51ba89947344bee9661ccd1c7c96d7a,2026-09-08 21:00:58.990282+00:00
Ovince Saint Preux,Marcos Rogerio de Lima,0,0,21 of 41,17 of 45,51%,37%,30 of 50,17 of 45,1 of 2,0 of 0,50%,---,1,0,0,0,1:49,0:00,http://ufcstats.com/fight-details/53c96668bf850809,http://ufcstats.com/event-details/bc7f7f0ba3db74d2,http://www.ufcstats.com/fighter-details/50db8711c70196cd,http://www.ufcstats.com/fighter-details/ab943cd2c3c17825,Ovince Saint Preux,Light Heavyweight,Submission,2,2:11,http://ufcstats.com/fight-details/53c96668bf850809,c51ba89947344bee9661ccd1c7c96d7a,2026-09-08 21:01:00.895219+00:00
Jeremy Stephens,Renato Moicano,0,0,56 of 207,70 of 116,27%,60%,73 of 224,76 of 123,0 of 1,2 of 5,0%,40%,0,0,0,0,0:00,2:15,http://ufcstats.com/fight-details/d764ef3e078c96c8,http://ufcstats.com/event-details/ed069a95aaaf4f56,http://www.ufcstats.com/fighter-details/18968f97ad34f15c,http://www.ufcstats.com/fighter-details/b6452706b373eea1,Renato Moicano,Featherweight,Decision - Split,3,5:00,http://ufcstats.com/fight-details/d764ef3e078c96c8,c51ba89947344bee9661ccd1c7c96d7a,2026-09-08 21:01:28.856324+00:00
King Green,Rashid Magomedov,0,0,75 of 143,75 of 189,52%,39%,104 of 176,88 of 202,0 of 6,0 of 1,0%,0%,0,0,0,0,2:29,0:00,http://ufcstats.com/fight-details/f24c296256faeff2,http://ufcstats.com/event-details/ed069a95aaaf4f56,http://www.ufcstats.com/fighter-details/887961364be5ceb3,http://www.ufcstats.com/fighter-details/7ea1f74cef32f906,Rashid Magomedov,Lightweight,Decision - Split,3,5:00,http://ufcstats.com/fight-details/f24c296256faeff2,c51ba89947344bee9661ccd1c7c96d7a,2026-09-08 21:01:35.366956+00:00
Will Brooks,Charles Oliveira,0,0,4 of 5,3 of 7,80%,42%,8 of 9,3 of 7,0 of 0,2 of 2,---,100%,0,1,0,0,0:00,1:41,http://ufcstats.com/fight-details/56c7c59c9bb3b610,http://ufcstats.com/event-details/e7bfdb5e0112891e,http://www.ufcstats.com/fighter-details/b6e6c3b1dcaae0a1,http://www.ufcstats.com/fighter-details/07225ba28ae309b6,Charles Oliveira,Lightweight,Submission,1,2:30,http://ufcstats.com/fight-details/56c7c59c9bb3b610,c51ba89947344bee9661ccd1c7c96d7a,2026-09-08 21:01:56.008841+00:00
Edson Barboza,Beneil Dariush,1,0,30 of 82,51 of 121,36%,42%,31 of 83,51 of 121,0 of 0,0 of 2,---,0%,0,0,0,0,0:03,0:00,http://ufcstats.com/fight-details/b47e4f0982938e5b,http://ufcstats.com/event-details/47b7e4e60813b7b2,http://www.ufcstats.com/fighter-details/64a50dad704d1d49,http://www.ufcstats.com/fighter-details/08af939f41b5a57b,Edson Barboza,Lightweight,KO/TKO,2,3:35,http://ufcstats.com/fight-details/b47e4f0982938e5b,c51ba89947344bee9661ccd1c7c96d7a,2026-09-08 21:02:36.781745+00:00
Alex Oliveira,Tim Means,0,0,12 of 24,9 of 12,50%,75%,18 of 31,34 of 41,6 of 11,0 of 1,54%,0%,1,0,0,0,4:49,2:01,http://ufcstats.com/fight-details/24f156a78bd32026,http://ufcstats.com/event-details/47b7e4e60813b7b2,http://www.ufcstats.com/fighter-details/57b10fca4f9c9a7a,http://www.ufcstats.com/fighter-details/4b47e71384a9522f,Alex Oliveira,Welterweight,Submission,2,2:38,http://ufcstats.com/fight-details/24f156a78bd32026,c51ba89947344bee9661ccd1c7c96d7a,2026-09-08 21:02:42.017950+00:00
Mirsad Bektic,Darren Elkins,0,1,60 of 98,28 of 59,61%,47%,146 of 196,72 of 109,4 of 10,0 of 1,40%,0%,0,1,0,1,9:05,1:22,http://ufcstats.com/fight-details/3b536afcc9098925,http://ufcstats.com/event-details/20e403a1acfef130,http://www.ufcstats.com/fighter-details/cbd3e590a85b18c5,http://www.ufcstats.com/fighter-details/92a9aa9c93192871,Darren Elkins,Featherweight,KO/TKO,3,3:19,http://ufcstats.com/fight-details/3b536afcc9098925,c51ba89947344bee9661ccd1c7c96d7a,2026-09-08 21:03:08.045335+00:00
Derrick Lewis,Travis Browne,1,0,39 of 71,21 of 47,54%,44%,39 of 71,23 of 49,0 of 0,0 of 1,---,0%,0,0,0,0,1:40,0:04,http://ufcstats.com/fight-details/ab14dbff9d2ae41a,http://ufcstats.com/event-details/b4ad3a06ee4d660c,http://www.ufcstats.com/fighter-details/d3df1add9d9a7efb,http://www.ufcstats.com/fighter-details/3236bf606fe9fa5b,Derrick Lewis,Heavyweight,KO/TKO,2,3:12,http://ufcstats.com/fight-details/ab14dbff9d2ae41a,c51ba89947344bee9661ccd1c7c96d7a,2026-09-08 21:03:17.779066+00:00
Dustin Poirier,Jim Miller,0,0,97 of 216,71 of 135,44%,52%,122 of 243,83 of 150,3 of 3,1 of 6,100%,16%,0,3,1,0,3:58,1:22,http://ufcstats.com/fight-details/8b8f9485214f9e48,http://ufcstats.com/event-details/865aa315ea62c511,http://www.ufcstats.com/fighter-details/029eaff01e6bb8f0,http://www.ufcstats.com/fighter-details/d1941565abf50b16,Dustin Poirier,Lightweight,Decision - Majority,3,5:00,http://ufcstats.com/fight-details/8b8f9485214f9e48,c51ba89947344bee9661ccd1c7c96d7a,2026-09-08 21:03:44.909406+00:00
Ovince Saint Preux,Volkan Oezdemir,0,0,76 of 189,82 of 182,40%,45%,79 of 192,103 of 204,0 of 4,0 of 1,0%,0%,0,0,0,0,0:38,1:23,http://ufcstats.com/fight-details/36220644401d85e1,http://ufcstats.com/event-details/6a8a06b542e1516d,http://www.ufcstats.com/fighter-details/50db8711c70196cd,http://www.ufcstats.com/fighter-details/0845c81e37d3bcb3,Volkan Oezdemir,Light Heavyweight,Decision - Split,3,5:00,http://ufcstats.com/fight-details/36220644401d85e1,c51ba89947344bee9661ccd1c7c96d7a,2026-09-08 21:04:01.729112+00:00
Jessica Andrade,Angela Hill,0,1,131 of 322,89 of 209,40%,42%,148 of 342,99 of 220,2 of 3,0 of 0,66%,---,0,0,0,0,1:35,0:07,http://ufcstats.com/fight-details/451525a1abe30a91,http://ufcstats.com/event-details/6a8a06b542e1516d,http://www.ufcstats.com/fighter-details/6a1901c62ab3870f,http://www.ufcstats.com/fighter-details/f0feeb2192937424,Jessica Andrade,Women's Strawweight,Decision - Unanimous,3,5:00,http://ufcstats.com/fight-details/451525a1abe30a91,c51ba89947344bee9661ccd1c7c96d7a,2026-09-08 21:04:05.093155+00:00
Donald Cerrone,Jorge Masvidal,0,2,30 of 65,58 of 102,46%,56%,30 of 65,58 of 102,0 of 1,0 of 0,0%,---,0,0,0,0,0:00,0:06,http://ufcstats.com/fight-details/b91756d955e14d2e,http://ufcstats.com/event-details/4512e46543b960ad,http://www.ufcstats.com/fighter-details/1d00756835ca67c9,http://www.ufcstats.com/fighter-details/47b9e0e7703a4868,Jorge Masvidal,Welterweight,KO/TKO,2,1:00,http://ufcstats.com/fight-details/b91756d955e14d2e,c51ba89947344bee9661ccd1c7c96d7a,2026-09-08 21:04:20.118123+00:00
Andrei Arlovski,Francis Ngannou,0,1,3 of 9,8 of 13,33%,61%,3 of 9,8 of 14,0 of 0,0 of 0,---,---,0,0,0,0,0:00,0:03,http://ufcstats.com/fight-details/a45596cda51a1816,http://ufcstats.com/event-details/4512e46543b960ad,http://www.ufcstats.com/fighter-details/3738e68d2261e60f,http://www.ufcstats.com/fighter-details/8d03ce87ca14e778,Francis Ngannou,Heavyweight,KO/TKO,1,1:32,http://ufcstats.com/fight-details/a45596cda51a1816,c51ba89947344bee9661ccd1c7c96d7a,2026-09-08 21:04:22.190140+00:00
Alex Caceres,Jason Knight,0,0,27 of 58,31 of 95,46%,32%,27 of 58,46 of 112,0 of 0,2 of 4,---,50%,0,4,0,0,0:01,3:25,http://ufcstats.com/fight-details/43682a646b9b956f,http://ufcstats.com/event-details/4512e46543b960ad,http://www.ufcstats.com/fighter-details/7aa3d6964eff4877,http://www.ufcstats.com/fighter-details/bb1a2cdad6ff34db,Jason Knight,Featherweight,Submission,2,4:21,http://ufcstats.com/fight-details/43682a646b9b956f,c51ba89947344bee9661ccd1c7c96d7a,2026-09-08 21:04:24.018122+00:00
Johny Hendricks,Neil Magny,0,0,18 of 36,50 of 91,50%,54%,52 of 76,96 of 139,6 of 7,1 of 1,85%,100%,0,2,0,0,9:58,0:01,http://ufcstats.com/fight-details/abf0f8234f6be37e,http://ufcstats.com/event-details/4b2390cfaceb91d8,http://www.ufcstats.com/fighter-details/0941df56f6ac954b,http://www.ufcstats.com/fighter-details/84b3e7d38f2d2ec5,Neil Magny,Welterweight,Decision - Unanimous,3,5:00,http://ufcstats.com/fight-details/abf0f8234f6be37e,c51ba89947344bee9661ccd1c7c96d7a,2026-09-08 21:05:10.905011+00:00
Alex Oliveira,Tim Means,1,0,6 of 10,17 of 23,60%,73%,9 of 13,24 of 31,1 of 4,1 of 1,25%,100%,0,0,0,0,1:18,1:02,http://ufcstats.com/fight-details/9d4b2767f6630fc9,http://ufcstats.com/event-details/4b2390cfaceb91d8,http://www.ufcstats.com/fighter-details/57b10fca4f9c9a7a,http://www.ufcstats.com/fighter-details/4b47e71384a9522f,nc,Welterweight,Could Not Continue,1,3:33,http://ufcstats.com/fight-details/9d4b2767f6630fc9,c51ba89947344bee9661ccd1c7c96d7a,2026-09-08 21:05:17.705577+00:00
Max Holloway,Anthony Pettis,1,0,94 of 208,53 of 158,45%,33%,98 of 212,55 of 160,2 of 2,0 of 2,100%,0%,0,0,0,0,0:37,1:24,http://ufcstats.com/fight-details/977a758d869f9e7a,http://ufcstats.com/event-details/6e3282d57d2467a0,http://www.ufcstats.com/fighter-details/150ff4cc642270b9,http://www.ufcstats.com/fighter-details/cbb682f5fcc44bfc,Max Holloway,Featherweight,KO/TKO,3,4:50,http://ufcstats.com/fight-details/977a758d869f9e7a,c51ba89947344bee9661ccd1c7c96d7a,2026-09-08 21:05:44.000615+00:00
Donald Cerrone,Matt Brown,2,1,63 of 147,70 of 128,42%,54%,64 of 148,73 of 131,0 of 3,0 of 2,0%,0%,0,1,0,0,0:35,0:03,http://ufcstats.com/fight-details/96404a3b32791c8d,http://ufcstats.com/event-details/6e3282d57d2467a0,http://www.ufcstats.com/fighter-details/1d00756835ca67c9,http://www.ufcstats.com/fighter-details/31123249b0bbf52e,Donald Cerrone,Welterweight,KO/TKO,3,0:34,http://ufcstats.com/fight-details/96404a3b32791c8d,c51ba89947344bee9661ccd1c7c96d7a,2026-09-08 21:05:45.734823+00:00
Olivier Aubin-Mercier,Drew Dober,0,1,27 of 53,24 of 71,50%,33%,30 of 56,33 of 80,0 of 0,0 of 0,---,---,1,0,1,0,1:33,1:13,http://ufcstats.com/fight-details/04f27a78e4ffce47,http://ufcstats.com/event-details/6e3282d57d2467a0,http://www.ufcstats.com/fighter-details/55ee431411ccf07a,http://www.ufcstats.com/fighter-details/519e4fe37ce9ff75,Olivier Aubin-Mercier,Lightweight,Submission,2,2:57,http://ufcstats.com/fight-details/04f27a78e4ffce47,c51ba89947344bee9661ccd1c7c96d7a,2026-09-08 21:05:54.237461+00:00
Derrick Lewis,Shamil Abdurakhimov,0,0,39 of 90,15 of 37,43%,40%,46 of 97,77 of 106,1 of 3,4 of 11,33%,36%,0,1,0,0,1:42,7:30,http://ufcstats.com/fight-details/cb1e57b5f8c92922,http://ufcstats.com/event-details/7139cd2ae4bf6a29,http://www.ufcstats.com/fighter-details/d3df1add9d9a7efb,http://www.ufcstats.com/fighter-details/2f5cbecbbe18bac4,Derrick Lewis,Heavyweight,KO/TKO,4,3:42,http://ufcstats.com/fight-details/cb1e57b5f8c92922,c51ba89947344bee9661ccd1c7c96d7a,2026-09-08 21:06:06.543066+00:00
Frankie Edgar,Jeremy Stephens,0,1,40 of 76,33 of 146,52%,22%,45 of 81,41 of 154,5 of 14,0 of 0,35%,---,2,1,1,0,4:48,0:04,http://ufcstats.com/fight-details/9c4cbd0546d03f6b,http://ufcstats.com/event-details/4956f60b7fa57c1a,http://www.ufcstats.com/fighter-details/f2688492b9a525a3,http://www.ufcstats.com/fighter-details/18968f97ad34f15c,Frankie Edgar,Featherweight,Decision - Unanimous,3,5:00,http://ufcstats.com/fight-details/9c4cbd0546d03f6b,c51ba89947344bee9661ccd1c7c96d7a,2026-09-08 21:08:09.205553+00:00
Khabib Nurmagomedov,Michael Johnson,0,0,94 of 142,19 of 77,66%,24%,140 of 190,20 of 78,2 of 6,0 of 0,33%,---,1,1,0,0,8:44,0:00,http://ufcstats.com/fight-details/c26806c2d554e50c,http://ufcstats.com/event-details/4956f60b7fa57c1a,http://www.ufcstats.com/fighter-details/032cc3922d871c7f,http://www.ufcstats.com/fighter-details/511e82663651438d,Khabib Nurmagomedov,Lightweight,Submission,3,2:31,http://ufcstats.com/fight-details/c26806c2d554e50c,c51ba89947344bee9661ccd1c7c96d7a,2026-09-08 21:08:10.888474+00:00
Jim Miller,Thiago Alves,0,0,28 of 85,36 of 112,32%,32%,45 of 105,50 of 127,4 of 5,0 of 0,80%,---,1,0,0,0,6:24,0:32,http://ufcstats.com/fight-details/ef80a6eea892c296,http://ufcstats.com/event-details/4956f60b7fa57c1a,http://www.ufcstats.com/fighter-details/d1941565abf50b16,http://www.ufcstats.com/fighter-details/31ee470ef5dc8d7f,Jim Miller,Catch Weight,Decision - Unanimous,3,5:00,http://ufcstats.com/fight-details/ef80a6eea892c296,c51ba89947344bee9661ccd1c7c96d7a,2026-09-08 21:08:16.038916+00:00
Rafael Dos Anjos,Tony Ferguson,0,0,121 of 276,199 of 401,43%,49%,126 of 281,200 of 402,0 of 5,0 of 2,0%,0%,0,0,0,0,0:30,0:00,http://ufcstats.com/fight-details/9220acccebf14a46,http://ufcstats.com/event-details/6083f497c22cc075,http://www.ufcstats.com/fighter-details/6a2f7c151031653d,http://www.ufcstats.com/fighter-details/22a92d7f62195791,Tony Ferguson,Lightweight,Decision - Unanimous,5,5:00,http://ufcstats.com/fight-details/9220acccebf14a46,c51ba89947344bee9661ccd1c7c96d7a,2026-09-08 21:08:20.775853+00:00
Diego Sanchez,Marcin Held,0,0,46 of 81,30 of 82,56%,36%,69 of 108,57 of 112,0 of 1,0 of 2,0%,0%,0,1,0,0,9:17,0:17,http://ufcstats.com/fight-details/c5a8e0098d1024ce,http://ufcstats.com/event-details/6083f497c22cc075,http://www.ufcstats.com/fighter-details/82e7929bf6c2b689,http://www.ufcstats.com/fighter-details/bf43fed8f29e1671,Diego Sanchez,Lightweight,Decision - Unanimous,3,5:00,http://ufcstats.com/fight-details/c5a8e0098d1024ce,c51ba89947344bee9661ccd1c7c96d7a,2026-09-08 21:08:22.664258+00:00
Ricardo Lamas,Charles Oliveira,0,0,11 of 20,13 of 18,55%,72%,13 of 22,36 of 42,1 of 1,2 of 2,100%,100%,1,2,1,0,2:27,3:37,http://ufcstats.com/fight-details/e322eae035f7c00f,http://ufcstats.com/event-details/6083f497c22cc075,http://www.ufcstats.com/fighter-details/3974fa35c917af1d,http://www.ufcstats.com/fighter-details/07225ba28ae309b6,Ricardo Lamas,Featherweight,Submission,2,2:13,http://ufcstats.com/fight-details/e322eae035f7c00f,c51ba89947344bee9661ccd1c7c96d7a,2026-09-08 21:08:24.340694+00:00
Michael Bisping,Dan Henderson,0,2,119 of 335,81 of 220,35%,36%,130 of 348,87 of 227,0 of 0,1 of 4,---,25%,0,0,0,0,0:01,1:44,http://ufcstats.com/fight-details/eaa63c8fb9379426,http://ufcstats.com/event-details/154a6b3ffae264cd,http://www.ufcstats.com/fighter-details/2b93ebd9f5417ad2,http://www.ufcstats.com/fighter-details/1ccf4e7caff270df,Michael Bisping,Middleweight,Decision - Unanimous,5,5:00,http://ufcstats.com/fight-details/eaa63c8fb9379426,c51ba89947344bee9661ccd1c7c96d7a,2026-09-08 21:08:44.372843+00:00
Ovince Saint Preux,Jimi Manuwa,0,1,13 of 38,32 of 47,34%,68%,17 of 44,33 of 48,2 of 3,0 of 3,66%,0%,0,1,0,0,3:27,0:31,http://ufcstats.com/fight-details/451d7d8c2a6bacb3,http://ufcstats.com/event-details/154a6b3ffae264cd,http://www.ufcstats.com/fighter-details/50db8711c70196cd,http://www.ufcstats.com/fighter-details/1e1dbd1cc5a7469e,Jimi Manuwa,Light Heavyweight,KO/TKO,2,2:38,http://ufcstats.com/fight-details/451d7d8c2a6bacb3,c51ba89947344bee9661ccd1c7c96d7a,2026-09-08 21:08:47.808603+00:00
Dustin Poirier,Michael Johnson,0,1,6 of 12,14 of 37,50%,37%,6 of 12,14 of 37,0 of 0,0 of 0,---,---,0,0,0,0,0:00,0:03,http://ufcstats.com/fight-details/692241119228cc82,http://ufcstats.com/event-details/d6455cb4bee503ce,http://www.ufcstats.com/fighter-details/029eaff01e6bb8f0,http://www.ufcstats.com/fighter-details/511e82663651438d,Michael Johnson,Lightweight,KO/TKO,1,1:35,http://ufcstats.com/fight-details/692241119228cc82,c51ba89947344bee9661ccd1c7c96d7a,2026-09-08 21:09:50.784201+00:00
Jessica Andrade,Joanne Wood,0,0,20 of 28,13 of 26,71%,50%,44 of 58,23 of 36,2 of 3,0 of 0,66%,---,1,0,0,0,3:31,0:12,http://ufcstats.com/fight-details/52bc6927e80aca5d,http://ufcstats.com/event-details/2dc7f1762dc0a7ef,http://www.ufcstats.com/fighter-details/6a1901c62ab3870f,http://www.ufcstats.com/fighter-details/12f91bfa8f1f723b,Jessica Andrade,Women's Strawweight,Submission,1,4:38,http://ufcstats.com/fight-details/52bc6927e80aca5d,c51ba89947344bee9661ccd1c7c96d7a,2026-09-08 21:10:20.680640+00:00
Brad Tavares,Caio Magalhaes,0,0,46 of 100,26 of 81,46%,32%,58 of 112,39 of 95,0 of 0,1 of 7,---,14%,0,1,0,0,2:00,2:47,http://ufcstats.com/fight-details/c8ca99d1adc5448d,http://ufcstats.com/event-details/2dc7f1762dc0a7ef,http://www.ufcstats.com/fighter-details/0c6d9ea8306c029e,http://www.ufcstats.com/fighter-details/0c5c66ddd1886b83,Brad Tavares,Middleweight,Decision - Split,3,5:00,http://ufcstats.com/fight-details/c8ca99d1adc5448d,c51ba89947344bee9661ccd1c7c96d7a,2026-09-08 21:10:24.157668+00:00
Drew Dober,Jason Gonzalez,1,0,20 of 41,10 of 30,48%,33%,23 of 45,10 of 30,0 of 1,0 of 0,0%,---,0,0,0,0,0:10,0:00,http://ufcstats.com/fight-details/5d5abb5dade718de,http://ufcstats.com/event-details/2dc7f1762dc0a7ef,http://www.ufcstats.com/fighter-details/519e4fe37ce9ff75,http://www.ufcstats.com/fighter-details/e45cfa47f504033a,Drew Dober,Lightweight,KO/TKO,1,1:45,http://ufcstats.com/fight-details/5d5abb5dade718de,c51ba89947344bee9661ccd1c7c96d7a,2026-09-08 21:10:27.357936+00:00
Andrei Arlovski,Josh Barnett,0,0,38 of 62,53 of 82,61%,64%,51 of 77,112 of 150,1 of 2,1 of 2,50%,50%,0,1,0,1,2:24,6:34,http://ufcstats.com/fight-details/a3b972117a3998ee,http://ufcstats.com/event-details/2b4faacc16d66898,http://www.ufcstats.com/fighter-details/3738e68d2261e60f,http://www.ufcstats.com/fighter-details/ad3f53c454cbbead,Josh Barnett,Heavyweight,Submission,3,2:53,http://ufcstats.com/fight-details/a3b972117a3998ee,c51ba89947344bee9661ccd1c7c96d7a,2026-09-08 21:10:32.478696+00:00
Demian Maia,Carlos Condit,0,0,1 of 1,1 of 6,100%,16%,5 of 5,1 of 6,1 of 1,0 of 0,100%,---,1,0,0,0,1:19,0:00,http://ufcstats.com/fight-details/f19d1c8ca5660240,http://ufcstats.com/event-details/cfbccfed4e4796fe,http://www.ufcstats.com/fighter-details/427b5953ac8e3a27,http://www.ufcstats.com/fighter-details/f9f07bb5a43535ed,Demian Maia,Welterweight,Submission,1,1:52,http://ufcstats.com/fight-details/f19d1c8ca5660240,c51ba89947344bee9661ccd1c7c96d7a,2026-09-08 21:10:53.027470+00:00
Anthony Pettis,Charles Oliveira,0,0,53 of 87,41 of 86,60%,47%,77 of 114,60 of 105,0 of 0,4 of 11,---,36%,1,0,5,0,3:11,4:56,http://ufcstats.com/fight-details/51d3be5e8aee5cd9,http://ufcstats.com/event-details/cfbccfed4e4796fe,http://www.ufcstats.com/fighter-details/cbb682f5fcc44bfc,http://www.ufcstats.com/fighter-details/07225ba28ae309b6,Anthony Pettis,Featherweight,Submission,3,1:49,http://ufcstats.com/fight-details/51d3be5e8aee5cd9,c51ba89947344bee9661ccd1c7c96d7a,2026-09-08 21:10:54.683179+00:00
Joe Lauzon,Jim Miller,0,0,54 of 136,80 of 166,39%,48%,92 of 177,97 of 185,3 of 4,0 of 3,75%,0%,1,0,0,0,6:11,0:08,http://ufcstats.com/fight-details/e15b393a27c07043,http://ufcstats.com/event-details/cfbccfed4e4796fe,http://www.ufcstats.com/fighter-details/3bad7ef643840f67,http://www.ufcstats.com/fighter-details/d1941565abf50b16,Jim Miller,Lightweight,Decision - Split,3,5:00,http://ufcstats.com/fight-details/e15b393a27c07043,c51ba89947344bee9661ccd1c7c96d7a,2026-09-08 21:10:58.372896+00:00
Rick Story,Donald Cerrone,0,1,17 of 51,45 of 73,33%,61%,19 of 54,48 of 76,1 of 5,1 of 1,20%,100%,0,1,0,0,1:42,0:42,http://ufcstats.com/fight-details/781f9a642e7a9278,http://ufcstats.com/event-details/5da4e8dc02e50ac0,http://www.ufcstats.com/fighter-details/5b5307450405abf0,http://www.ufcstats.com/fighter-details/1d00756835ca67c9,Donald Cerrone,Welterweight,KO/TKO,2,2:02,http://ufcstats.com/fight-details/781f9a642e7a9278,c51ba89947344bee9661ccd1c7c96d7a,2026-09-08 21:11:15.667712+00:00
Tim Means,Sabah Homasi,0,0,71 of 118,33 of 80,60%,41%,82 of 130,38 of 88,0 of 0,2 of 2,---,100%,0,0,0,0,0:08,1:02,http://ufcstats.com/fight-details/a69a6da9560ed62c,http://ufcstats.com/event-details/5da4e8dc02e50ac0,http://www.ufcstats.com/fighter-details/4b47e71384a9522f,http://www.ufcstats.com/fighter-details/71f048adbfed5b49,Tim Means,Welterweight,KO/TKO,2,2:56,http://ufcstats.com/fight-details/a69a6da9560ed62c,c51ba89947344bee9661ccd1c7c96d7a,2026-09-08 21:11:18.863334+00:00
Neil Magny,Lorenz Larkin,0,1,8 of 23,32 of 48,34%,66%,13 of 29,34 of 50,0 of 5,0 of 0,0%,---,0,0,0,0,0:03,0:58,http://ufcstats.com/fight-details/ec067e9c9efd7aa1,http://ufcstats.com/event-details/5da4e8dc02e50ac0,http://www.ufcstats.com/fighter-details/84b3e7d38f2d2ec5,http://www.ufcstats.com/fighter-details/9450848a71d53776,Lorenz Larkin,Welterweight,KO/TKO,1,4:08,http://ufcstats.com/fight-details/ec067e9c9efd7aa1,c51ba89947344bee9661ccd1c7c96d7a,2026-09-08 21:11:27.645389+00:00
Yair Rodriguez,Alex Caceres,0,0,120 of 338,62 of 196,35%,31%,124 of 343,65 of 202,1 of 2,1 of 1,50%,100%,0,0,0,0,0:32,1:38,http://ufcstats.com/fight-details/570f3407722cc512,http://ufcstats.com/event-details/232c582f29f8f65e,http://www.ufcstats.com/fighter-details/cbf5e6f231b55443,http://www.ufcstats.com/fighter-details/7aa3d6964eff4877,Yair Rodriguez,Featherweight,Decision - Split,5,5:00,http://ufcstats.com/fight-details/570f3407722cc512,c51ba89947344bee9661ccd1c7c96d7a,2026-09-08 21:11:34.409014+00:00
Matt Brown,Jake Ellenberger,0,2,7 of 17,21 of 34,41%,61%,7 of 17,29 of 43,0 of 1,0 of 0,0%,---,0,0,0,0,0:00,0:41,http://ufcstats.com/fight-details/82d057278298846f,http://ufcstats.com/event-details/72cbe507644a587c,http://www.ufcstats.com/fighter-details/31123249b0bbf52e,http://www.ufcstats.com/fighter-details/d81ac739417d7f53,Jake Ellenberger,Welterweight,KO/TKO,1,1:46,http://ufcstats.com/fight-details/82d057278298846f,c51ba89947344bee9661ccd1c7c96d7a,2026-09-08 21:11:59.809946+00:00
Edson Barboza,Gilbert Melendez,0,0,56 of 136,39 of 129,41%,30%,63 of 144,42 of 135,1 of 1,0 of 5,100%,0%,0,0,0,0,0:39,0:04,http://ufcstats.com/fight-details/b1dee00c3052e65e,http://ufcstats.com/event-details/8a028648f3f0761d,http://www.ufcstats.com/fighter-details/64a50dad704d1d49,http://www.ufcstats.com/fighter-details/aa5b4eff51bdc7d1,Edson Barboza,Lightweight,Decision - Unanimous,3,5:00,http://ufcstats.com/fight-details/b1dee00c3052e65e,c51ba89947344bee9661ccd1c7c96d7a,2026-09-08 21:12:20.184147+00:00
Darren Elkins,Godofredo Pepey,0,0,33 of 57,20 of 38,57%,52%,206 of 256,67 of 99,5 of 6,0 of 0,83%,---,0,2,0,1,11:46,1:02,http://ufcstats.com/fight-details/1eb0491642f276ed,http://ufcstats.com/event-details/8a028648f3f0761d,http://www.ufcstats.com/fighter-details/92a9aa9c93192871,http://www.ufcstats.com/fighter-details/fa37628269132d1a,Darren Elkins,Featherweight,Decision - Unanimous,3,5:00,http://ufcstats.com/fight-details/1eb0491642f276ed,c51ba89947344bee9661ccd1c7c96d7a,2026-09-08 21:12:27.168217+00:00
Jose Aldo,Frankie Edgar,0,0,80 of 192,79 of 264,41%,29%,81 of 193,81 of 267,0 of 0,0 of 11,---,0%,0,0,0,0,1:11,0:00,http://ufcstats.com/fight-details/84c5035830ebb421,http://ufcstats.com/event-details/aa5b4eff51bdc7d1,http://www.ufcstats.com/fighter-details/d0f3959b4a9747e6,http://www.ufcstats.com/fighter-details/f2688492b9a525a3,Jose Aldo,Featherweight,Decision - Unanimous,5,5:00,http://ufcstats.com/fight-details/84c5035830ebb421,c51ba89947344bee9661ccd1c7c96d7a,2026-09-08 21:13:07.012603+00:00
Diego Sanchez,Joe Lauzon,0,1,6 of 10,22 of 33,60%,66%,7 of 11,28 of 40,0 of 0,0 of 0,---,---,0,0,0,0,0:00,0:17,http://ufcstats.com/fight-details/9d7a798f0c20c04a,http://ufcstats.com/event-details/aa5b4eff51bdc7d1,http://www.ufcstats.com/fighter-details/82e7929bf6c2b689,http://www.ufcstats.com/fighter-details/3bad7ef643840f67,Joe Lauzon,Lightweight,KO/TKO,1,1:26,http://ufcstats.com/fight-details/9d7a798f0c20c04a,c51ba89947344bee9661ccd1c7c96d7a,2026-09-08 21:13:17.374824+00:00
Jim Miller,Takanori Gomi,0,0,8 of 26,1 of 5,30%,20%,13 of 32,1 of 5,1 of 1,0 of 0,100%,---,0,0,0,0,1:33,0:00,http://ufcstats.com/fight-details/433e3fd8782b6e0e,http://ufcstats.com/event-details/aa5b4eff51bdc7d1,http://www.ufcstats.com/fighter-details/d1941565abf50b16,http://www.ufcstats.com/fighter-details/3be081c29bf734d9,Jim Miller,Lightweight,KO/TKO,1,2:18,http://ufcstats.com/fight-details/433e3fd8782b6e0e,c51ba89947344bee9661ccd1c7c96d7a,2026-09-08 21:13:20.797021+00:00
Rafael Dos Anjos,Eddie Alvarez,0,0,12 of 41,45 of 78,29%,57%,12 of 41,49 of 83,0 of 1,1 of 3,0%,33%,0,0,0,0,0:22,0:20,http://ufcstats.com/fight-details/bb9020ac324fb706,http://ufcstats.com/event-details/45a2ba3ef82b9700,http://www.ufcstats.com/fighter-details/6a2f7c151031653d,http://www.ufcstats.com/fighter-details/33a331684283900f,Eddie Alvarez,Lightweight,KO/TKO,1,3:49,http://ufcstats.com/fight-details/bb9020ac324fb706,c51ba89947344bee9661ccd1c7c96d7a,2026-09-08 21:13:46.319868+00:00
Roy Nelson,Derrick Lewis,0,0,4 of 19,37 of 73,21%,50%,66 of 89,39 of 75,7 of 10,0 of 0,70%,---,0,0,0,0,9:39,0:03,http://ufcstats.com/fight-details/9a984ea967886979,http://ufcstats.com/event-details/45a2ba3ef82b9700,http://www.ufcstats.com/fighter-details/3f7c14c7eca7195d,http://www.ufcstats.com/fighter-details/d3df1add9d9a7efb,Derrick Lewis,Heavyweight,Decision - Split,3,5:00,http://ufcstats.com/fight-details/9a984ea967886979,c51ba89947344bee9661ccd1c7c96d7a,2026-09-08 21:13:48.110290+00:00
Donald Cerrone,Patrick Cote,3,0,73 of 119,46 of 93,61%,49%,92 of 140,57 of 111,2 of 3,0 of 2,66%,0%,1,0,0,0,4:44,0:00,http://ufcstats.com/fight-details/4b8c8ae61251ff83,http://ufcstats.com/event-details/563d051c9e769b24,http://www.ufcstats.com/fighter-details/1d00756835ca67c9,http://www.ufcstats.com/fighter-details/9fa3bd637edd9aa2,Donald Cerrone,Welterweight,KO/TKO,3,2:35,http://ufcstats.com/fight-details/4b8c8ae61251ff83,c51ba89947344bee9661ccd1c7c96d7a,2026-09-08 21:14:09.849897+00:00
Luke Rockhold,Michael Bisping,0,2,17 of 37,21 of 50,45%,42%,17 of 37,21 of 50,0 of 0,0 of 0,---,---,0,0,0,0,0:00,0:03,http://ufcstats.com/fight-details/812ff38f0ed409ca,http://ufcstats.com/event-details/ff4c3ab594c7fac3,http://www.ufcstats.com/fighter-details/00e11b5c8b7bfeeb,http://www.ufcstats.com/fighter-details/2b93ebd9f5417ad2,Michael Bisping,Middleweight,KO/TKO,1,3:36,http://ufcstats.com/fight-details/812ff38f0ed409ca,c51ba89947344bee9661ccd1c7c96d7a,2026-09-08 21:14:31.557169+00:00
Max Holloway,Ricardo Lamas,0,0,103 of 205,64 of 135,50%,47%,111 of 213,66 of 137,0 of 0,0 of 6,---,0%,2,0,0,0,1:37,0:44,http://ufcstats.com/fight-details/345b1bc51f0f5e86,http://ufcstats.com/event-details/ff4c3ab594c7fac3,http://www.ufcstats.com/fighter-details/150ff4cc642270b9,http://www.ufcstats.com/fighter-details/3974fa35c917af1d,Max Holloway,Featherweight,Decision - Unanimous,3,5:00,http://ufcstats.com/fight-details/345b1bc51f0f5e86,c51ba89947344bee9661ccd1c7c96d7a,2026-09-08 21:14:34.519312+00:00
Dustin Poirier,King Green,2,0,36 of 66,16 of 35,54%,45%,36 of 66,17 of 36,0 of 0,0 of 0,---,---,0,0,0,0,0:16,0:00,http://ufcstats.com/fight-details/e86a77b69d50a834,http://ufcstats.com/event-details/ff4c3ab594c7fac3,http://www.ufcstats.com/fighter-details/029eaff01e6bb8f0,http://www.ufcstats.com/fighter-details/887961364be5ceb3,Dustin Poirier,Lightweight,KO/TKO,1,2:53,http://ufcstats.com/fight-details/e86a77b69d50a834,c51ba89947344bee9661ccd1c7c96d7a,2026-09-08 21:14:38.005057+00:00
Brian Ortega,Clay Guida,1,1,62 of 189,62 of 192,32%,32%,62 of 189,70 of 209,0 of 0,0 of 6,---,0%,0,0,0,0,0:03,0:31,http://ufcstats.com/fight-details/db1be0ca226d3a2f,http://ufcstats.com/event-details/ff4c3ab594c7fac3,http://www.ufcstats.com/fighter-details/def8166ff24bd237,http://www.ufcstats.com/fighter-details/c47df9303d318c67,Brian Ortega,Featherweight,KO/TKO,3,4:40,http://ufcstats.com/fight-details/db1be0ca226d3a2f,c51ba89947344bee9661ccd1c7c96d7a,2026-09-08 21:14:39.644910+00:00
Jessica Penne,Jessica Andrade,0,0,27 of 91,117 of 205,29%,57%,28 of 92,118 of 206,0 of 6,0 of 0,0%,---,0,0,0,0,0:00,0:33,http://ufcstats.com/fight-details/e06f96f3484ad74a,http://ufcstats.com/event-details/ff4c3ab594c7fac3,http://www.ufcstats.com/fighter-details/c742287ed86a09bc,http://www.ufcstats.com/fighter-details/6a1901c62ab3870f,Jessica Andrade,Women's Strawweight,KO/TKO,2,2:56,http://ufcstats.com/fight-details/e06f96f3484ad74a,c51ba89947344bee9661ccd1c7c96d7a,2026-09-08 21:14:43.132951+00:00
Cole Miller,Alex Caceres,0,1,33 of 127,97 of 156,25%,62%,39 of 134,108 of 167,3 of 3,5 of 5,100%,100%,1,0,0,1,2:33,3:01,http://ufcstats.com/fight-details/5b55a8e33199d71e,http://ufcstats.com/event-details/ff4c3ab594c7fac3,http://www.ufcstats.com/fighter-details/282fa667ff9c51ed,http://www.ufcstats.com/fighter-details/7aa3d6964eff4877,Alex Caceres,Featherweight,Decision - Unanimous,3,5:00,http://ufcstats.com/fight-details/5b55a8e33199d71e,c51ba89947344bee9661ccd1c7c96d7a,2026-09-08 21:14:44.686958+00:00
Renan Barao,Jeremy Stephens,0,0,43 of 137,55 of 140,31%,39%,51 of 146,73 of 158,2 of 9,0 of 1,22%,0%,0,0,0,0,2:28,2:23,http://ufcstats.com/fight-details/b2c3f1783a0c8530,http://ufcstats.com/event-details/990060b2a68a7b82,http://www.ufcstats.com/fighter-details/2c99576fefe53c7c,http://www.ufcstats.com/fighter-details/18968f97ad34f15c,Jeremy Stephens,Featherweight,Decision - Unanimous,3,5:00,http://ufcstats.com/fight-details/b2c3f1783a0c8530,c51ba89947344bee9661ccd1c7c96d7a,2026-09-08 21:14:56.410388+00:00
Demian Maia,Matt Brown,0,0,17 of 20,10 of 23,85%,43%,91 of 110,29 of 46,3 of 10,0 of 0,30%,---,2,0,0,1,12:03,1:00,http://ufcstats.com/fight-details/9231cef371b89a46,http://ufcstats.com/event-details/a4bf17bd3ba3423b,http://www.ufcstats.com/fighter-details/427b5953ac8e3a27,http://www.ufcstats.com/fighter-details/31123249b0bbf52e,Demian Maia,Welterweight,Submission,3,4:31,http://ufcstats.com/fight-details/9231cef371b89a46,c51ba89947344bee9661ccd1c7c96d7a,2026-09-08 21:15:25.851737+00:00
Alistair Overeem,Andrei Arlovski,1,0,23 of 30,16 of 33,76%,48%,33 of 41,29 of 46,1 of 1,0 of 0,100%,---,0,0,0,0,1:19,0:47,http://ufcstats.com/fight-details/5838305c25a54ea1,http://ufcstats.com/event-details/a314687f372b2cec,http://www.ufcstats.com/fighter-details/b4ad3a06ee4d660c,http://www.ufcstats.com/fighter-details/3738e68d2261e60f,Alistair Overeem,Heavyweight,KO/TKO,2,1:12,http://ufcstats.com/fight-details/5838305c25a54ea1,c51ba89947344bee9661ccd1c7c96d7a,2026-09-08 21:15:39.252918+00:00
Jon Jones,Ovince Saint Preux,0,0,105 of 157,57 of 160,66%,35%,111 of 163,58 of 161,3 of 5,0 of 0,60%,---,0,0,0,0,3:54,0:00,http://ufcstats.com/fight-details/05c8aeb2806be99c,http://ufcstats.com/event-details/3d481aa374c954a1,http://www.ufcstats.com/fighter-details/07f72a2a7591b409,http://www.ufcstats.com/fighter-details/50db8711c70196cd,Jon Jones,Light Heavyweight,Decision - Unanimous,5,5:00,http://ufcstats.com/fight-details/05c8aeb2806be99c,c51ba89947344bee9661ccd1c7c96d7a,2026-09-08 21:16:03.741322+00:00
Anthony Pettis,Edson Barboza,0,0,48 of 131,73 of 164,36%,44%,48 of 131,73 of 164,0 of 3,0 of 0,0%,---,0,0,0,0,0:00,0:00,http://ufcstats.com/fight-details/8b52a32f3644f493,http://ufcstats.com/event-details/3d481aa374c954a1,http://www.ufcstats.com/fighter-details/cbb682f5fcc44bfc,http://www.ufcstats.com/fighter-details/64a50dad704d1d49,Edson Barboza,Lightweight,Decision - Unanimous,3,5:00,http://ufcstats.com/fight-details/8b52a32f3644f493,c51ba89947344bee9661ccd1c7c96d7a,2026-09-08 21:16:07.010565+00:00
Derrick Lewis,Gabriel Gonzaga,1,0,17 of 25,5 of 7,68%,71%,21 of 29,6 of 8,0 of 0,1 of 6,---,16%,0,0,0,0,0:04,3:39,http://ufcstats.com/fight-details/f4d9138ba502b7ec,http://ufcstats.com/event-details/4887e5bc4dbb73ff,http://www.ufcstats.com/fighter-details/d3df1add9d9a7efb,http://www.ufcstats.com/fighter-details/270b89c00ef0c55c,Derrick Lewis,Heavyweight,KO/TKO,1,4:48,http://ufcstats.com/fight-details/f4d9138ba502b7ec,c51ba89947344bee9661ccd1c7c96d7a,2026-09-08 21:16:46.786157+00:00
Mark Hunt,Frank Mir,1,0,8 of 19,1 of 10,42%,10%,8 of 19,2 of 11,0 of 0,0 of 3,---,0%,0,0,0,0,0:02,0:00,http://ufcstats.com/fight-details/fb98219ce569b384,http://ufcstats.com/event-details/e60201cfab7d656d,http://www.ufcstats.com/fighter-details/eef9b891edbd4604,http://www.ufcstats.com/fighter-details/1ff9589f9065a9ed,Mark Hunt,Heavyweight,KO/TKO,1,3:01,http://ufcstats.com/fight-details/fb98219ce569b384,c51ba89947344bee9661ccd1c7c96d7a,2026-09-08 21:17:08.946286+00:00
Hector Lombard,Neil Magny,2,0,60 of 79,148 of 197,75%,75%,75 of 95,196 of 250,1 of 3,1 of 2,33%,50%,0,2,0,0,4:35,2:19,http://ufcstats.com/fight-details/a26db2cee9eab1f9,http://ufcstats.com/event-details/e60201cfab7d656d,http://www.ufcstats.com/fighter-details/db1f2ed63b54b9a7,http://www.ufcstats.com/fighter-details/84b3e7d38f2d2ec5,Neil Magny,Welterweight,KO/TKO,3,0:46,http://ufcstats.com/fight-details/a26db2cee9eab1f9,c51ba89947344bee9661ccd1c7c96d7a,2026-09-08 21:17:10.703017+00:00
Darren Elkins,Chas Skelly,0,0,104 of 153,27 of 72,67%,37%,193 of 255,32 of 83,7 of 11,0 of 1,63%,0%,0,2,0,0,8:43,1:02,http://ufcstats.com/fight-details/d3255f2b8ef2b559,http://ufcstats.com/event-details/db1f2ed63b54b9a7,http://www.ufcstats.com/fighter-details/92a9aa9c93192871,http://www.ufcstats.com/fighter-details/4bd6b4800070b069,Darren Elkins,Featherweight,Decision - Unanimous,3,5:00,http://ufcstats.com/fight-details/d3255f2b8ef2b559,c51ba89947344bee9661ccd1c7c96d7a,2026-09-08 21:17:46.028884+00:00
Diego Sanchez,Jim Miller,0,0,48 of 125,56 of 115,38%,48%,71 of 148,61 of 120,2 of 9,0 of 1,22%,0%,0,0,0,0,3:24,0:24,http://ufcstats.com/fight-details/3f3b8dcd16dd7383,http://ufcstats.com/event-details/db1f2ed63b54b9a7,http://www.ufcstats.com/fighter-details/82e7929bf6c2b689,http://www.ufcstats.com/fighter-details/d1941565abf50b16,Diego Sanchez,Lightweight,Decision - Unanimous,3,5:00,http://ufcstats.com/fight-details/3f3b8dcd16dd7383,c51ba89947344bee9661ccd1c7c96d7a,2026-09-08 21:17:47.866477+00:00
Anderson Silva,Michael Bisping,1,1,75 of 135,108 of 316,55%,34%,75 of 135,112 of 320,0 of 0,0 of 1,---,0%,0,0,0,0,0:05,0:44,http://ufcstats.com/fight-details/0e9091311ca565ce,http://ufcstats.com/event-details/39c568f8c579913e,http://www.ufcstats.com/fighter-details/1f454354805b6f75,http://www.ufcstats.com/fighter-details/2b93ebd9f5417ad2,Michael Bisping,Middleweight,Decision - Unanimous,5,5:00,http://ufcstats.com/fight-details/0e9091311ca565ce,c51ba89947344bee9661ccd1c7c96d7a,2026-09-08 21:17:54.855687+00:00
Donald Cerrone,Alex Oliveira,0,0,4 of 6,14 of 24,66%,58%,7 of 10,17 of 27,1 of 2,0 of 0,50%,---,1,0,0,0,0:33,0:51,http://ufcstats.com/fight-details/214fa13c3f230259,http://ufcstats.com/event-details/d56bb6dff2ae77eb,http://www.ufcstats.com/fighter-details/1d00756835ca67c9,http://www.ufcstats.com/fighter-details/57b10fca4f9c9a7a,Donald Cerrone,Welterweight,Submission,1,2:33,http://ufcstats.com/fight-details/214fa13c3f230259,c51ba89947344bee9661ccd1c7c96d7a,2026-09-08 21:18:19.501250+00:00
Ovince Saint Preux,Rafael Cavalcante,0,0,51 of 102,10 of 22,50%,45%,106 of 165,29 of 41,1 of 2,0 of 1,50%,0%,0,0,0,0,6:34,0:00,http://ufcstats.com/fight-details/37008594c087470c,http://ufcstats.com/event-details/de99da2c0d18d34a,http://www.ufcstats.com/fighter-details/50db8711c70196cd,http://www.ufcstats.com/fighter-details/5c1ca0c72b599a3c,Ovince Saint Preux,Light Heavyweight,Decision - Unanimous,3,5:00,http://ufcstats.com/fight-details/37008594c087470c,c51ba89947344bee9661ccd1c7c96d7a,2026-09-08 21:18:46.438701+00:00
Derrick Lewis,Damian Grabowski,0,0,14 of 30,1 of 3,46%,33%,15 of 33,1 of 3,1 of 1,0 of 1,100%,0%,0,0,0,0,1:59,0:00,http://ufcstats.com/fight-details/640dbb5a89c0aad6,http://ufcstats.com/event-details/de99da2c0d18d34a,http://www.ufcstats.com/fighter-details/d3df1add9d9a7efb,http://www.ufcstats.com/fighter-details/3f11b5d4bd76a6d9,Derrick Lewis,Heavyweight,KO/TKO,1,2:17,http://ufcstats.com/fight-details/640dbb5a89c0aad6,c51ba89947344bee9661ccd1c7c96d7a,2026-09-08 21:18:55.947807+00:00
Alex Caceres,Masio Fullen,0,0,74 of 144,36 of 108,51%,33%,80 of 153,38 of 110,1 of 3,0 of 1,33%,0%,0,0,0,0,1:47,0:05,http://ufcstats.com/fight-details/6066dc40bb3ce8db,http://ufcstats.com/event-details/b3fb8d2293e17a59,http://www.ufcstats.com/fighter-details/7aa3d6964eff4877,http://www.ufcstats.com/fighter-details/4638cc6479cc0afe,Alex Caceres,Featherweight,Decision - Unanimous,3,5:00,http://ufcstats.com/fight-details/6066dc40bb3ce8db,c51ba89947344bee9661ccd1c7c96d7a,2026-09-08 21:19:22.206058+00:00
Stipe Miocic,Andrei Arlovski,1,0,11 of 15,7 of 12,73%,58%,11 of 15,7 of 12,0 of 0,0 of 0,---,---,0,0,0,0,0:02,0:00,http://ufcstats.com/fight-details/f2916c10b7ecfcee,http://ufcstats.com/event-details/380e8b023290d091,http://www.ufcstats.com/fighter-details/d28dee5c705991df,http://www.ufcstats.com/fighter-details/3738e68d2261e60f,Stipe Miocic,Heavyweight,KO/TKO,1,0:54,http://ufcstats.com/fight-details/f2916c10b7ecfcee,c51ba89947344bee9661ccd1c7c96d7a,2026-09-08 21:19:55.455058+00:00
Scott Holtzman,Drew Dober,0,0,38 of 69,36 of 88,55%,40%,79 of 115,63 of 119,2 of 5,5 of 14,40%,35%,0,0,0,0,3:59,5:13,http://ufcstats.com/fight-details/99a7172fb7438244,http://ufcstats.com/event-details/380e8b023290d091,http://www.ufcstats.com/fighter-details/df1eb4354d18a906,http://www.ufcstats.com/fighter-details/519e4fe37ce9ff75,Drew Dober,Lightweight,Decision - Unanimous,3,5:00,http://ufcstats.com/fight-details/99a7172fb7438244,c51ba89947344bee9661ccd1c7c96d7a,2026-09-08 21:20:08.687938+00:00
Dustin Poirier,Joe Duffy,0,0,72 of 137,37 of 100,52%,37%,88 of 153,60 of 123,4 of 7,0 of 0,57%,---,0,1,0,0,9:22,0:08,http://ufcstats.com/fight-details/4fa02674b920ff0a,http://ufcstats.com/event-details/380e8b023290d091,http://www.ufcstats.com/fighter-details/029eaff01e6bb8f0,http://www.ufcstats.com/fighter-details/654ae722109a0d31,Dustin Poirier,Lightweight,Decision - Unanimous,3,5:00,http://ufcstats.com/fight-details/4fa02674b920ff0a,c51ba89947344bee9661ccd1c7c96d7a,2026-09-08 21:20:10.409296+00:00
Rafael Dos Anjos,Donald Cerrone,0,0,26 of 44,4 of 7,59%,57%,26 of 44,4 of 7,0 of 0,0 of 1,---,0%,0,0,0,0,0:09,0:00,http://ufcstats.com/fight-details/81f287d035190506,http://ufcstats.com/event-details/80d918336163b80c,http://www.ufcstats.com/fighter-details/6a2f7c151031653d,http://www.ufcstats.com/fighter-details/1d00756835ca67c9,Rafael Dos Anjos,Lightweight,KO/TKO,1,1:06,http://ufcstats.com/fight-details/81f287d035190506,c51ba89947344bee9661ccd1c7c96d7a,2026-09-08 21:20:16.807441+00:00
Michael Johnson,Nate Diaz,0,0,103 of 301,153 of 300,34%,51%,104 of 303,157 of 304,1 of 1,0 of 0,100%,---,0,0,0,0,0:19,0:00,http://ufcstats.com/fight-details/4942323a5d5a6594,http://ufcstats.com/event-details/80d918336163b80c,http://www.ufcstats.com/fighter-details/511e82663651438d,http://www.ufcstats.com/fighter-details/8355922d564b152c,Nate Diaz,Lightweight,Decision - Unanimous,3,5:00,http://ufcstats.com/fight-details/4942323a5d5a6594,c51ba89947344bee9661ccd1c7c96d7a,2026-09-08 21:20:20.223288+00:00
Charles Oliveira,Myles Jury,0,0,5 of 10,5 of 16,50%,31%,10 of 16,5 of 16,1 of 1,0 of 0,100%,---,1,0,0,0,0:12,1:37,http://ufcstats.com/fight-details/164f56eb25d6a9b4,http://ufcstats.com/event-details/80d918336163b80c,http://www.ufcstats.com/fighter-details/07225ba28ae309b6,http://www.ufcstats.com/fighter-details/08e908ed6d18d6a0,Charles Oliveira,Featherweight,Submission,1,3:05,http://ufcstats.com/fight-details/164f56eb25d6a9b4,c51ba89947344bee9661ccd1c7c96d7a,2026-09-08 21:20:23.710089+00:00
Demian Maia,Gunnar Nelson,0,0,47 of 58,2 of 4,81%,50%,193 of 229,7 of 10,2 of 8,1 of 1,25%,100%,1,0,1,2,10:56,2:14,http://ufcstats.com/fight-details/8fe1859721e95ce3,http://ufcstats.com/event-details/354808cf38d9d73c,http://www.ufcstats.com/fighter-details/427b5953ac8e3a27,http://www.ufcstats.com/fighter-details/fd55393021a8c255,Demian Maia,Welterweight,Decision - Unanimous,3,5:00,http://ufcstats.com/fight-details/8fe1859721e95ce3,c51ba89947344bee9661ccd1c7c96d7a,2026-09-08 21:20:45.802288+00:00
Max Holloway,Jeremy Stephens,0,0,57 of 99,47 of 95,57%,49%,79 of 122,60 of 110,1 of 1,0 of 12,100%,0%,0,0,0,0,3:26,2:09,http://ufcstats.com/fight-details/3b321550c8b4aae6,http://ufcstats.com/event-details/354808cf38d9d73c,http://www.ufcstats.com/fighter-details/150ff4cc642270b9,http://www.ufcstats.com/fighter-details/18968f97ad34f15c,Max Holloway,Featherweight,Decision - Unanimous,3,5:00,http://ufcstats.com/fight-details/3b321550c8b4aae6,c51ba89947344bee9661ccd1c7c96d7a,2026-09-08 21:20:47.296301+00:00
Frankie Edgar,Chad Mendes,1,0,13 of 32,5 of 17,40%,29%,13 of 32,5 of 17,0 of 1,0 of 0,0%,---,0,0,0,0,0:01,0:00,http://ufcstats.com/fight-details/18292c8eb20ae045,http://ufcstats.com/event-details/20fbff570c678e1c,http://www.ufcstats.com/fighter-details/f2688492b9a525a3,http://www.ufcstats.com/fighter-details/b5b684eac99ae0a3,Frankie Edgar,Featherweight,KO/TKO,1,2:28,http://ufcstats.com/fight-details/18292c8eb20ae045,c51ba89947344bee9661ccd1c7c96d7a,2026-09-08 21:21:02.420136+00:00
Edson Barboza,Tony Ferguson,0,0,41 of 85,61 of 116,48%,52%,45 of 91,69 of 127,2 of 3,0 of 2,66%,0%,0,1,0,0,1:57,0:20,http://ufcstats.com/fight-details/c64c2ca5d4d2c7b8,http://ufcstats.com/event-details/20fbff570c678e1c,http://www.ufcstats.com/fighter-details/64a50dad704d1d49,http://www.ufcstats.com/fighter-details/22a92d7f62195791,Tony Ferguson,Lightweight,Submission,2,2:54,http://ufcstats.com/fight-details/c64c2ca5d4d2c7b8,c51ba89947344bee9661ccd1c7c96d7a,2026-09-08 21:21:05.721274+00:00
Jim Miller,Michael Chiesa,0,0,7 of 15,13 of 30,46%,43%,19 of 31,33 of 55,0 of 0,2 of 2,---,100%,1,1,1,0,2:27,4:13,http://ufcstats.com/fight-details/045c298c72fe196a,http://ufcstats.com/event-details/dd39f1ca787a3d9d,http://www.ufcstats.com/fighter-details/d1941565abf50b16,http://www.ufcstats.com/fighter-details/c58f51dedb310998,Michael Chiesa,Lightweight,Submission,2,2:57,http://ufcstats.com/fight-details/045c298c72fe196a,c51ba89947344bee9661ccd1c7c96d7a,2026-09-08 21:21:22.498625+00:00
Tim Means,John Howard,1,0,37 of 70,20 of 54,52%,37%,43 of 76,22 of 56,0 of 0,3 of 3,---,100%,0,0,0,0,0:04,1:01,http://ufcstats.com/fight-details/69aa797cef2e4782,http://ufcstats.com/event-details/dd39f1ca787a3d9d,http://www.ufcstats.com/fighter-details/4b47e71384a9522f,http://www.ufcstats.com/fighter-details/fc31f896cde2bc2e,Tim Means,Welterweight,KO/TKO,2,0:21,http://ufcstats.com/fight-details/69aa797cef2e4782,c51ba89947344bee9661ccd1c7c96d7a,2026-09-08 21:21:27.439921+00:00
Neil Magny,Kelvin Gastelum,0,2,54 of 145,54 of 134,37%,40%,81 of 174,86 of 167,6 of 14,2 of 3,42%,66%,0,0,0,1,5:37,7:13,http://ufcstats.com/fight-details/d3ccf71e68480007,http://ufcstats.com/event-details/243b07fc65ccbb16,http://www.ufcstats.com/fighter-details/84b3e7d38f2d2ec5,http://www.ufcstats.com/fighter-details/8c0580d4fff106c1,Neil Magny,Welterweight,Decision - Split,5,5:00,http://ufcstats.com/fight-details/d3ccf71e68480007,c51ba89947344bee9661ccd1c7c96d7a,2026-09-08 21:22:04.409317+00:00
Ricardo Lamas,Diego Sanchez,0,0,57 of 109,30 of 86,52%,34%,69 of 122,36 of 92,3 of 6,1 of 2,50%,50%,0,0,0,0,4:38,1:25,http://ufcstats.com/fight-details/34a39beb93225e2e,http://ufcstats.com/event-details/243b07fc65ccbb16,http://www.ufcstats.com/fighter-details/3974fa35c917af1d,http://www.ufcstats.com/fighter-details/82e7929bf6c2b689,Ricardo Lamas,Featherweight,Decision - Unanimous,3,5:00,http://ufcstats.com/fight-details/34a39beb93225e2e,c51ba89947344bee9661ccd1c7c96d7a,2026-09-08 21:22:06.120722+00:00
Gleison Tibau,Abel Trujillo,0,0,3 of 5,0 of 0,60%,---,6 of 8,5 of 5,2 of 3,0 of 0,66%,---,1,0,0,0,1:28,0:02,http://ufcstats.com/fight-details/37c732554828dcc3,http://ufcstats.com/event-details/5345f86680378fc1,http://www.ufcstats.com/fighter-details/75e5fec9f72910ef,http://www.ufcstats.com/fighter-details/e14b5aa06eea9653,Abel Trujillo,Lightweight,DQ,1,1:45,http://ufcstats.com/fight-details/37c732554828dcc3,c51ba89947344bee9661ccd1c7c96d7a,2026-09-08 21:23:02.025267+00:00
Clay Guida,Thiago Tavares,0,0,3 of 11,2 of 7,27%,28%,3 of 11,2 of 7,1 of 1,0 of 0,100%,---,0,1,0,0,0:18,0:01,http://ufcstats.com/fight-details/b21e4b6c4126c782,http://ufcstats.com/event-details/5345f86680378fc1,http://www.ufcstats.com/fighter-details/c47df9303d318c67,http://www.ufcstats.com/fighter-details/8a59d346dc976a10,Thiago Tavares,Featherweight,Submission,1,0:39,http://ufcstats.com/fight-details/b21e4b6c4126c782,c51ba89947344bee9661ccd1c7c96d7a,2026-09-08 21:23:05.426579+00:00
Darren Elkins,Robert Whiteford,0,0,40 of 130,23 of 63,30%,36%,112 of 212,41 of 82,7 of 11,1 of 1,63%,100%,2,0,0,0,8:30,0:51,http://ufcstats.com/fight-details/cf3a93dd5460593c,http://ufcstats.com/event-details/f3155a94ca420126,http://www.ufcstats.com/fighter-details/92a9aa9c93192871,http://www.ufcstats.com/fighter-details/1dafccb62a0f98ec,Darren Elkins,Featherweight,Decision - Unanimous,3,5:00,http://ufcstats.com/fight-details/cf3a93dd5460593c,c51ba89947344bee9661ccd1c7c96d7a,2026-09-08 21:23:28.529121+00:00
Rose Namajunas,Angela Hill,0,0,13 of 33,12 of 22,39%,54%,14 of 36,16 of 26,1 of 1,0 of 0,100%,---,1,0,0,0,1:12,0:11,http://ufcstats.com/fight-details/32b030138bfd4f88,http://ufcstats.com/event-details/119ebea97e914dcf,http://www.ufcstats.com/fighter-details/47b63240018d5d86,http://www.ufcstats.com/fighter-details/f0feeb2192937424,Rose Namajunas,Women's Strawweight,Submission,1,2:47,http://ufcstats.com/fight-details/32b030138bfd4f88,c51ba89947344bee9661ccd1c7c96d7a,2026-09-08 21:23:47.189567+00:00
Derrick Lewis,Viktor Pesta,0,0,41 of 63,8 of 13,65%,61%,51 of 74,47 of 61,0 of 3,5 of 13,0%,38%,0,0,0,0,1:29,7:11,http://ufcstats.com/fight-details/2b3b6e96cea0f757,http://ufcstats.com/event-details/119ebea97e914dcf,http://www.ufcstats.com/fighter-details/d3df1add9d9a7efb,http://www.ufcstats.com/fighter-details/202b0467521c9d6f,Derrick Lewis,Heavyweight,KO/TKO,3,1:15,http://ufcstats.com/fight-details/2b3b6e96cea0f757,c51ba89947344bee9661ccd1c7c96d7a,2026-09-08 21:23:52.317123+00:00
Andrei Arlovski,Frank Mir,0,0,39 of 74,24 of 52,52%,46%,70 of 108,54 of 83,0 of 0,1 of 5,---,20%,0,0,0,0,3:30,3:58,http://ufcstats.com/fight-details/6f5f4b256f643ffb,http://ufcstats.com/event-details/82f5c81f4e3c3eb5,http://www.ufcstats.com/fighter-details/3738e68d2261e60f,http://www.ufcstats.com/fighter-details/1ff9589f9065a9ed,Andrei Arlovski,Heavyweight,Decision - Unanimous,3,5:00,http://ufcstats.com/fight-details/6f5f4b256f643ffb,c51ba89947344bee9661ccd1c7c96d7a,2026-09-08 21:24:16.848663+00:00
Jessica Andrade,Raquel Pennington,0,0,41 of 66,41 of 68,62%,60%,59 of 87,66 of 96,4 of 5,2 of 2,80%,100%,1,1,0,0,3:27,3:05,http://ufcstats.com/fight-details/1b52b08f195581ad,http://ufcstats.com/event-details/82f5c81f4e3c3eb5,http://www.ufcstats.com/fighter-details/6a1901c62ab3870f,http://www.ufcstats.com/fighter-details/fc169c387b4b465d,Raquel Pennington,Women's Bantamweight,Submission,2,4:58,http://ufcstats.com/fight-details/1b52b08f195581ad,c51ba89947344bee9661ccd1c7c96d7a,2026-09-08 21:24:27.020031+00:00
Max Holloway,Charles Oliveira,0,0,14 of 29,5 of 17,48%,29%,14 of 29,5 of 17,0 of 0,0 of 1,---,0%,0,0,0,0,0:06,0:00,http://ufcstats.com/fight-details/05e2832cd5ffb7a6,http://ufcstats.com/event-details/2ce6541127b0e232,http://www.ufcstats.com/fighter-details/150ff4cc642270b9,http://www.ufcstats.com/fighter-details/07225ba28ae309b6,Max Holloway,Featherweight,KO/TKO,1,1:39,http://ufcstats.com/fight-details/05e2832cd5ffb7a6,c51ba89947344bee9661ccd1c7c96d7a,2026-09-08 21:24:35.112044+00:00
Neil Magny,Erick Silva,0,0,68 of 131,29 of 59,51%,49%,132 of 204,37 of 68,4 of 9,3 of 4,44%,75%,0,0,0,0,4:03,2:45,http://ufcstats.com/fight-details/2c01f4df404ff6ee,http://ufcstats.com/event-details/2ce6541127b0e232,http://www.ufcstats.com/fighter-details/84b3e7d38f2d2ec5,http://www.ufcstats.com/fighter-details/5866fc86183a9fb8,Neil Magny,Welterweight,Decision - Split,3,5:00,http://ufcstats.com/fight-details/2c01f4df404ff6ee,c51ba89947344bee9661ccd1c7c96d7a,2026-09-08 21:24:36.699641+00:00
Glover Teixeira,Ovince Saint Preux,0,0,53 of 79,30 of 54,67%,55%,128 of 162,36 of 61,5 of 9,0 of 3,55%,0%,1,0,0,1,8:47,1:26,http://ufcstats.com/fight-details/2ef16a5ff3710c92,http://ufcstats.com/event-details/b71667c778b6d9e5,http://www.ufcstats.com/fighter-details/7ff97850e8c32bda,http://www.ufcstats.com/fighter-details/50db8711c70196cd,Glover Teixeira,Light Heavyweight,Submission,3,3:10,http://ufcstats.com/fight-details/2ef16a5ff3710c92,c51ba89947344bee9661ccd1c7c96d7a,2026-09-08 21:24:57.130094+00:00
Michael Johnson,Beneil Dariush,0,0,84 of 222,75 of 201,37%,37%,85 of 223,75 of 201,0 of 0,0 of 7,---,0%,0,0,0,0,0:00,0:00,http://ufcstats.com/fight-details/d4e98b827e3d6918,http://ufcstats.com/event-details/b71667c778b6d9e5,http://www.ufcstats.com/fighter-details/511e82663651438d,http://www.ufcstats.com/fighter-details/08af939f41b5a57b,Beneil Dariush,Lightweight,Decision - Split,3,5:00,http://ufcstats.com/fight-details/d4e98b827e3d6918,c51ba89947344bee9661ccd1c7c96d7a,2026-09-08 21:24:58.580943+00:00
Demian Maia,Neil Magny,0,0,13 of 17,0 of 4,76%,0%,56 of 68,11 of 16,2 of 2,0 of 0,100%,---,1,0,0,0,7:28,0:02,http://ufcstats.com/fight-details/17daeb7e36e60cdf,http://ufcstats.com/event-details/a9c45a8b21eabadc,http://www.ufcstats.com/fighter-details/427b5953ac8e3a27,http://www.ufcstats.com/fighter-details/84b3e7d38f2d2ec5,Demian Maia,Welterweight,Submission,2,2:52,http://ufcstats.com/fight-details/17daeb7e36e60cdf,c51ba89947344bee9661ccd1c7c96d7a,2026-09-08 21:25:32.468280+00:00
Edson Barboza,Paul Felder,0,0,64 of 135,47 of 150,47%,31%,64 of 135,50 of 153,0 of 1,0 of 1,0%,0%,0,0,0,0,0:00,0:18,http://ufcstats.com/fight-details/c97e99ca5422f03b,http://ufcstats.com/event-details/0c3838c8f7c620c2,http://www.ufcstats.com/fighter-details/64a50dad704d1d49,http://www.ufcstats.com/fighter-details/e5010b1b94ca5755,Edson Barboza,Lightweight,Decision - Unanimous,3,5:00,http://ufcstats.com/fight-details/c97e99ca5422f03b,c51ba89947344bee9661ccd1c7c96d7a,2026-09-08 21:25:47.332714+00:00
Jim Miller,Danny Castillo,0,0,45 of 110,35 of 103,40%,33%,61 of 127,51 of 120,2 of 3,0 of 6,66%,0%,0,0,0,0,2:10,2:20,http://ufcstats.com/fight-details/6275b448b6c35f1f,http://ufcstats.com/event-details/0c3838c8f7c620c2,http://www.ufcstats.com/fighter-details/d1941565abf50b16,http://www.ufcstats.com/fighter-details/d1e7fc58d4225cdf,Jim Miller,Lightweight,Decision - Split,3,5:00,http://ufcstats.com/fight-details/6275b448b6c35f1f,c51ba89947344bee9661ccd1c7c96d7a,2026-09-08 21:25:52.735823+00:00
Michael Bisping,Thales Leites,0,0,115 of 277,79 of 194,41%,40%,117 of 281,80 of 197,0 of 0,1 of 4,---,25%,0,0,0,0,0:35,0:58,http://ufcstats.com/fight-details/2e47823d38a5649b,http://ufcstats.com/event-details/ef7fa30364cbe7f2,http://www.ufcstats.com/fighter-details/2b93ebd9f5417ad2,http://www.ufcstats.com/fighter-details/cfb65863d5099327,Michael Bisping,Middleweight,Decision - Split,5,5:00,http://ufcstats.com/fight-details/2e47823d38a5649b,c51ba89947344bee9661ccd1c7c96d7a,2026-09-08 21:26:06.683959+00:00
Frank Mir,Todd Duffee,1,0,16 of 37,9 of 24,43%,37%,16 of 37,9 of 24,0 of 0,0 of 0,---,---,0,0,0,0,0:01,0:05,http://ufcstats.com/fight-details/3b83ec99accfd271,http://ufcstats.com/event-details/36877f0e62b25b96,http://www.ufcstats.com/fighter-details/1ff9589f9065a9ed,http://www.ufcstats.com/fighter-details/bda04c573563cc2e,Frank Mir,Heavyweight,KO/TKO,1,1:13,http://ufcstats.com/fight-details/3b83ec99accfd271,c51ba89947344bee9661ccd1c7c96d7a,2026-09-08 21:26:28.537286+00:00
Jessica Andrade,Sarah Moras,0,0,50 of 90,18 of 56,55%,32%,158 of 206,23 of 61,3 of 4,0 of 8,75%,0%,0,1,0,0,9:05,0:39,http://ufcstats.com/fight-details/d447919ec1a9f34c,http://ufcstats.com/event-details/36877f0e62b25b96,http://www.ufcstats.com/fighter-details/6a1901c62ab3870f,http://www.ufcstats.com/fighter-details/539ed332b3078821,Jessica Andrade,Women's Bantamweight,Decision - Unanimous,3,5:00,http://ufcstats.com/fight-details/d447919ec1a9f34c,c51ba89947344bee9661ccd1c7c96d7a,2026-09-08 21:26:40.466025+00:00
Dennis Bermudez,Jeremy Stephens,0,2,35 of 82,38 of 73,42%,52%,66 of 116,39 of 74,1 of 6,0 of 2,16%,0%,0,0,0,0,4:55,0:20,http://ufcstats.com/fight-details/4d3cbc7608c8958e,http://ufcstats.com/event-details/3be081c29bf734d9,http://www.ufcstats.com/fighter-details/6f242453c91a5af0,http://www.ufcstats.com/fighter-details/18968f97ad34f15c,Jeremy Stephens,Featherweight,KO/TKO,3,0:32,http://ufcstats.com/fight-details/4d3cbc7608c8958e,c51ba89947344bee9661ccd1c7c96d7a,2026-09-08 21:27:14.261224+00:00
Matt Brown,Tim Means,0,0,25 of 37,16 of 40,67%,40%,26 of 38,24 of 48,1 of 1,0 of 2,100%,0%,1,0,0,0,1:47,0:17,http://ufcstats.com/fight-details/c4a7f7d8eb8fe484,http://ufcstats.com/event-details/3be081c29bf734d9,http://www.ufcstats.com/fighter-details/31123249b0bbf52e,http://www.ufcstats.com/fighter-details/4b47e71384a9522f,Matt Brown,Welterweight,Submission,1,4:44,http://ufcstats.com/fight-details/c4a7f7d8eb8fe484,c51ba89947344bee9661ccd1c7c96d7a,2026-09-08 21:27:19.159355+00:00
Tecia Pennington,Angela Hill,0,0,32 of 80,27 of 68,40%,39%,86 of 144,66 of 110,2 of 12,0 of 0,16%,---,0,0,0,0,9:04,0:25,http://ufcstats.com/fight-details/3b6dfd089301d16e,http://ufcstats.com/event-details/a58114c6dd0add64,http://www.ufcstats.com/fighter-details/31ef8b67e13495b3,http://www.ufcstats.com/fighter-details/f0feeb2192937424,Tecia Pennington,Women's Strawweight,Decision - Unanimous,3,5:00,http://ufcstats.com/fight-details/3b6dfd089301d16e,c51ba89947344bee9661ccd1c7c96d7a,2026-09-08 21:28:14.777587+00:00
Efrain Escudero,Drew Dober,0,0,1 of 1,0 of 3,100%,0%,1 of 1,0 of 3,0 of 0,0 of 0,---,---,1,0,0,0,0:22,0:00,http://ufcstats.com/fight-details/47e8726b301f3f32,http://ufcstats.com/event-details/a58114c6dd0add64,http://www.ufcstats.com/fighter-details/83fd97284f4bb4a4,http://www.ufcstats.com/fighter-details/519e4fe37ce9ff75,Efrain Escudero,Lightweight,Submission,1,0:54,http://ufcstats.com/fight-details/47e8726b301f3f32,c51ba89947344bee9661ccd1c7c96d7a,2026-09-08 21:28:18.145313+00:00
Dustin Poirier,Yancy Medeiros,2,0,27 of 36,6 of 13,75%,46%,36 of 46,6 of 13,1 of 2,0 of 0,50%,---,1,0,0,0,0:00,1:28,http://ufcstats.com/fight-details/f930743af6564795,http://ufcstats.com/event-details/06dc1a58663579d2,http://www.ufcstats.com/fighter-details/029eaff01e6bb8f0,http://www.ufcstats.com/fighter-details/813550bc53b15fb0,Dustin Poirier,Lightweight,KO/TKO,1,2:38,http://ufcstats.com/fight-details/f930743af6564795,c51ba89947344bee9661ccd1c7c96d7a,2026-09-08 21:28:31.666838+00:00
Francisco Rivera,Alex Caceres,1,0,5 of 9,0 of 5,55%,0%,5 of 9,0 of 5,0 of 0,0 of 0,---,---,0,0,0,0,0:00,0:03,http://ufcstats.com/fight-details/c611e81778c0b1fc,http://ufcstats.com/event-details/06dc1a58663579d2,http://www.ufcstats.com/fighter-details/7ea4a9f07df33a45,http://www.ufcstats.com/fighter-details/7aa3d6964eff4877,Francisco Rivera,Bantamweight,KO/TKO,1,0:21,http://ufcstats.com/fight-details/c611e81778c0b1fc,c51ba89947344bee9661ccd1c7c96d7a,2026-09-08 21:28:36.790705+00:00
Shawn Jordan,Derrick Lewis,1,0,23 of 37,6 of 23,62%,26%,65 of 83,8 of 25,3 of 4,0 of 0,75%,---,0,0,0,0,3:29,0:56,http://ufcstats.com/fight-details/5b0fcecc55bebd5c,http://ufcstats.com/event-details/06dc1a58663579d2,http://www.ufcstats.com/fighter-details/ca2efc9d7d523c43,http://www.ufcstats.com/fighter-details/d3df1add9d9a7efb,Shawn Jordan,Heavyweight,KO/TKO,2,0:48,http://ufcstats.com/fight-details/5b0fcecc55bebd5c,c51ba89947344bee9661ccd1c7c96d7a,2026-09-08 21:28:38.526292+00:00
Nik Lentz,Charles Oliveira,0,1,37 of 69,64 of 84,53%,76%,58 of 95,84 of 105,2 of 10,1 of 2,20%,50%,1,2,0,0,6:21,1:58,http://ufcstats.com/fight-details/ff64fc34065565d0,http://ufcstats.com/event-details/aae0897825336b1a,http://www.ufcstats.com/fighter-details/6fb1ba67bef41b37,http://www.ufcstats.com/fighter-details/07225ba28ae309b6,Charles Oliveira,Featherweight,Submission,3,1:10,http://ufcstats.com/fight-details/ff64fc34065565d0,c51ba89947344bee9661ccd1c7c96d7a,2026-09-08 21:28:51.841402+00:00
Donald Cerrone,John Makdessi,0,0,71 of 171,72 of 129,41%,55%,71 of 171,72 of 129,0 of 0,0 of 0,---,---,0,0,0,0,0:00,0:00,http://ufcstats.com/fight-details/bee780601ad13583,http://ufcstats.com/event-details/4f7e290e71d60f87,http://www.ufcstats.com/fighter-details/1d00756835ca67c9,http://www.ufcstats.com/fighter-details/c21a036b4e012f1c,Donald Cerrone,Lightweight,KO/TKO,2,4:44,http://ufcstats.com/fight-details/bee780601ad13583,c51ba89947344bee9661ccd1c7c96d7a,2026-09-08 21:29:16.145759+00:00
Travis Browne,Andrei Arlovski,1,1,15 of 38,51 of 85,39%,60%,15 of 38,51 of 85,0 of 0,0 of 0,---,---,0,0,0,0,0:06,0:05,http://ufcstats.com/fight-details/652a73f4bf7f1932,http://ufcstats.com/event-details/4f7e290e71d60f87,http://www.ufcstats.com/fighter-details/3236bf606fe9fa5b,http://www.ufcstats.com/fighter-details/3738e68d2261e60f,Andrei Arlovski,Heavyweight,KO/TKO,1,4:41,http://ufcstats.com/fight-details/652a73f4bf7f1932,c51ba89947344bee9661ccd1c7c96d7a,2026-09-08 21:29:17.847263+00:00
Frankie Edgar,Urijah Faber,0,0,83 of 258,48 of 147,32%,32%,91 of 266,50 of 149,5 of 13,0 of 3,38%,0%,0,0,0,0,3:44,0:00,http://ufcstats.com/fight-details/7d60cb78ea70fae0,http://ufcstats.com/event-details/b1605ea39fba6af6,http://www.ufcstats.com/fighter-details/f2688492b9a525a3,http://www.ufcstats.com/fighter-details/78114b7199cef90c,Frankie Edgar,Featherweight,Decision - Unanimous,5,5:00,http://ufcstats.com/fight-details/7d60cb78ea70fae0,c51ba89947344bee9661ccd1c7c96d7a,2026-09-08 21:29:32.975224+00:00
Hyun Gyu Lim,Neil Magny,0,0,15 of 36,43 of 75,41%,57%,15 of 36,64 of 102,0 of 0,2 of 4,---,50%,0,0,0,1,0:33,3:09,http://ufcstats.com/fight-details/14a40f30e0cb22c9,http://ufcstats.com/event-details/b1605ea39fba6af6,http://www.ufcstats.com/fighter-details/203c957eac95dd87,http://www.ufcstats.com/fighter-details/84b3e7d38f2d2ec5,Neil Magny,Welterweight,KO/TKO,2,1:24,http://ufcstats.com/fight-details/14a40f30e0cb22c9,c51ba89947344bee9661ccd1c7c96d7a,2026-09-08 21:29:38.240744+00:00
Brad Tavares,Robert Whittaker,0,1,2 of 7,10 of 14,28%,71%,2 of 7,10 of 14,0 of 0,0 of 0,---,---,0,0,0,0,0:00,0:04,http://ufcstats.com/fight-details/7ec24848cac6c5a1,http://ufcstats.com/event-details/8a1b4330c7957961,http://www.ufcstats.com/fighter-details/0c6d9ea8306c029e,http://www.ufcstats.com/fighter-details/e1147d3d2dabe1ce,Robert Whittaker,Middleweight,KO/TKO,1,0:44,http://ufcstats.com/fight-details/7ec24848cac6c5a1,c51ba89947344bee9661ccd1c7c96d7a,2026-09-08 21:29:56.443194+00:00
Michael Bisping,CB Dollaway,0,1,75 of 202,47 of 131,37%,35%,80 of 207,49 of 134,0 of 0,2 of 8,---,25%,0,0,0,0,0:22,1:17,http://ufcstats.com/fight-details/ccbbf1ccd4513551,http://ufcstats.com/event-details/997b4f52f76a0b53,http://www.ufcstats.com/fighter-details/2b93ebd9f5417ad2,http://www.ufcstats.com/fighter-details/5d7bdab5e03e3216,Michael Bisping,Middleweight,Decision - Unanimous,3,5:00,http://ufcstats.com/fight-details/ccbbf1ccd4513551,c51ba89947344bee9661ccd1c7c96d7a,2026-09-08 21:30:20.414008+00:00
Cub Swanson,Max Holloway,0,0,56 of 136,82 of 198,41%,41%,58 of 138,86 of 202,0 of 3,0 of 0,0%,---,0,3,0,0,0:07,1:28,http://ufcstats.com/fight-details/f22d193f3ab42bc5,http://ufcstats.com/event-details/bc7cf284c1c2f16e,http://www.ufcstats.com/fighter-details/d247691a6c0e9034,http://www.ufcstats.com/fighter-details/150ff4cc642270b9,Max Holloway,Featherweight,Submission,3,3:58,http://ufcstats.com/fight-details/f22d193f3ab42bc5,c51ba89947344bee9661ccd1c7c96d7a,2026-09-08 21:30:42.489616+00:00
Jim Miller,Beneil Dariush,0,0,11 of 27,27 of 54,40%,50%,24 of 43,55 of 86,0 of 0,2 of 4,---,50%,3,1,1,0,0:17,11:57,http://ufcstats.com/fight-details/2bcb878e9d02b8f7,http://ufcstats.com/event-details/bc7cf284c1c2f16e,http://www.ufcstats.com/fighter-details/d1941565abf50b16,http://www.ufcstats.com/fighter-details/08af939f41b5a57b,Beneil Dariush,Lightweight,Decision - Unanimous,3,5:00,http://ufcstats.com/fight-details/2bcb878e9d02b8f7,c51ba89947344bee9661ccd1c7c96d7a,2026-09-08 21:30:46.122821+00:00
Ovince Saint Preux,Patrick Cummins,1,0,18 of 41,14 of 23,43%,60%,18 of 41,15 of 27,0 of 1,1 of 3,0%,33%,0,0,0,0,0:04,0:48,http://ufcstats.com/fight-details/c19f394f3c237789,http://ufcstats.com/event-details/bc7cf284c1c2f16e,http://www.ufcstats.com/fighter-details/50db8711c70196cd,http://www.ufcstats.com/fighter-details/e51e5cb722bd47a8,Ovince Saint Preux,Light Heavyweight,KO/TKO,1,4:54,http://ufcstats.com/fight-details/c19f394f3c237789,c51ba89947344bee9661ccd1c7c96d7a,2026-09-08 21:30:48.053073+00:00
George Sullivan,Tim Means,0,1,39 of 164,48 of 130,23%,36%,43 of 169,69 of 151,0 of 5,2 of 2,0%,100%,0,1,0,0,0:27,3:46,http://ufcstats.com/fight-details/bd246b9789f88e1c,http://ufcstats.com/event-details/bc7cf284c1c2f16e,http://www.ufcstats.com/fighter-details/6c7e25571490aa3b,http://www.ufcstats.com/fighter-details/4b47e71384a9522f,Tim Means,Welterweight,Submission,3,3:41,http://ufcstats.com/fight-details/bd246b9789f88e1c,c51ba89947344bee9661ccd1c7c96d7a,2026-09-08 21:30:53.293875+00:00
Clay Guida,Robert Peralta,0,0,27 of 64,24 of 84,42%,28%,44 of 85,41 of 103,6 of 11,0 of 0,54%,---,1,0,0,0,11:10,0:00,http://ufcstats.com/fight-details/0c25bb24dbb63655,http://ufcstats.com/event-details/16d09e800ad7ec79,http://www.ufcstats.com/fighter-details/c47df9303d318c67,http://www.ufcstats.com/fighter-details/960d6cae8879ba2b,Clay Guida,Featherweight,Decision - Unanimous,3,5:00,http://ufcstats.com/fight-details/0c25bb24dbb63655,c51ba89947344bee9661ccd1c7c96d7a,2026-09-08 21:31:29.317788+00:00
Dustin Poirier,Diego Ferreira,2,0,24 of 50,20 of 56,48%,35%,29 of 56,20 of 56,0 of 0,0 of 2,---,0%,0,0,0,0,0:46,0:58,http://ufcstats.com/fight-details/12c600dc64edb403,http://ufcstats.com/event-details/16d09e800ad7ec79,http://www.ufcstats.com/fighter-details/029eaff01e6bb8f0,http://www.ufcstats.com/fighter-details/f53d4f21d1b5f2dc,Dustin Poirier,Lightweight,KO/TKO,1,3:45,http://ufcstats.com/fight-details/12c600dc64edb403,c51ba89947344bee9661ccd1c7c96d7a,2026-09-08 21:31:31.049508+00:00
Demian Maia,Ryan LaFlare,0,0,36 of 69,25 of 91,52%,27%,76 of 121,54 of 121,5 of 14,0 of 0,35%,---,2,0,0,0,13:48,1:37,http://ufcstats.com/fight-details/bc096e8ae14582ec,http://ufcstats.com/event-details/fa534853eb195270,http://www.ufcstats.com/fighter-details/427b5953ac8e3a27,http://www.ufcstats.com/fighter-details/4c7781da8c6cae93,Demian Maia,Welterweight,Decision - Unanimous,5,5:00,http://ufcstats.com/fight-details/bc096e8ae14582ec,c51ba89947344bee9661ccd1c7c96d7a,2026-09-08 21:31:41.021243+00:00
Leandro Silva,Drew Dober,0,0,25 of 48,22 of 72,52%,30%,28 of 52,26 of 77,2 of 4,0 of 0,50%,---,1,0,0,0,1:35,1:10,http://ufcstats.com/fight-details/b068a4ee6d842606,http://ufcstats.com/event-details/fa534853eb195270,http://www.ufcstats.com/fighter-details/159da492e000afbf,http://www.ufcstats.com/fighter-details/519e4fe37ce9ff75,nc,Lightweight,Overturned,2,2:45,http://ufcstats.com/fight-details/b068a4ee6d842606,c51ba89947344bee9661ccd1c7c96d7a,2026-09-08 21:31:54.119559+00:00
Anthony Pettis,Rafael Dos Anjos,0,0,54 of 162,90 of 171,33%,52%,96 of 205,144 of 233,0 of 1,9 of 10,0%,90%,0,0,0,0,0:51,14:44,http://ufcstats.com/fight-details/39e6cba2480c6d82,http://ufcstats.com/event-details/f54200f1dfb9b5d4,http://www.ufcstats.com/fighter-details/cbb682f5fcc44bfc,http://www.ufcstats.com/fighter-details/6a2f7c151031653d,Rafael Dos Anjos,Lightweight,Decision - Unanimous,5,5:00,http://ufcstats.com/fight-details/39e6cba2480c6d82,c51ba89947344bee9661ccd1c7c96d7a,2026-09-08 21:32:02.782624+00:00
Johny Hendricks,Matt Brown,0,0,36 of 67,23 of 49,53%,46%,85 of 124,39 of 66,9 of 10,0 of 0,90%,---,0,0,0,0,11:08,0:21,http://ufcstats.com/fight-details/66aa57912b5c5170,http://ufcstats.com/event-details/f54200f1dfb9b5d4,http://www.ufcstats.com/fighter-details/0941df56f6ac954b,http://www.ufcstats.com/fighter-details/31123249b0bbf52e,Johny Hendricks,Welterweight,Decision - Unanimous,3,5:00,http://ufcstats.com/fight-details/66aa57912b5c5170,c51ba89947344bee9661ccd1c7c96d7a,2026-09-08 21:32:05.990335+00:00
Tony Ferguson,Gleison Tibau,0,0,11 of 38,2 of 20,28%,10%,17 of 45,2 of 20,1 of 1,0 of 1,100%,0%,2,0,0,0,0:46,0:00,http://ufcstats.com/fight-details/ffea776913451b6d,http://ufcstats.com/event-details/ad4e9055bf8cd04d,http://www.ufcstats.com/fighter-details/22a92d7f62195791,http://www.ufcstats.com/fighter-details/75e5fec9f72910ef,Tony Ferguson,Lightweight,Submission,1,2:37,http://ufcstats.com/fight-details/ffea776913451b6d,c51ba89947344bee9661ccd1c7c96d7a,2026-09-08 21:32:31.694641+00:00
Dhiego Lima,Tim Means,0,2,7 of 24,23 of 42,29%,54%,7 of 24,25 of 47,0 of 1,0 of 0,0%,---,0,0,0,0,0:02,0:22,http://ufcstats.com/fight-details/203b3098d892c3b1,http://ufcstats.com/event-details/ad4e9055bf8cd04d,http://www.ufcstats.com/fighter-details/e9213f53ddeca978,http://www.ufcstats.com/fighter-details/4b47e71384a9522f,Tim Means,Welterweight,KO/TKO,1,2:17,http://ufcstats.com/fight-details/203b3098d892c3b1,c51ba89947344bee9661ccd1c7c96d7a,2026-09-08 21:32:36.708107+00:00
Derrick Lewis,Ruan Potts,0,0,53 of 82,7 of 13,64%,53%,60 of 91,31 of 40,0 of 2,1 of 3,0%,33%,0,1,1,0,4:08,1:40,http://ufcstats.com/fight-details/f3e1c02ce14bccfe,http://ufcstats.com/event-details/ad4e9055bf8cd04d,http://www.ufcstats.com/fighter-details/d3df1add9d9a7efb,http://www.ufcstats.com/fighter-details/7e208569469c8bc8,Derrick Lewis,Heavyweight,KO/TKO,2,3:18,http://ufcstats.com/fight-details/f3e1c02ce14bccfe,c51ba89947344bee9661ccd1c7c96d7a,2026-09-08 21:32:38.254595+00:00
Antonio Silva,Frank Mir,0,1,1 of 3,10 of 18,33%,55%,1 of 3,10 of 18,0 of 0,0 of 0,---,---,0,0,0,0,0:00,0:06,http://ufcstats.com/fight-details/223f9a750428e1d0,http://ufcstats.com/event-details/0577808d22dfe79c,http://www.ufcstats.com/fighter-details/8349d55cdecd393a,http://www.ufcstats.com/fighter-details/1ff9589f9065a9ed,Frank Mir,Heavyweight,KO/TKO,1,1:40,http://ufcstats.com/fight-details/223f9a750428e1d0,c51ba89947344bee9661ccd1c7c96d7a,2026-09-08 21:32:44.903231+00:00
Edson Barboza,Michael Johnson,0,0,31 of 98,38 of 187,31%,20%,31 of 98,43 of 192,0 of 2,1 of 1,0%,100%,0,0,0,0,0:00,1:01,http://ufcstats.com/fight-details/d785f22c4cc99a3d,http://ufcstats.com/event-details/0577808d22dfe79c,http://www.ufcstats.com/fighter-details/64a50dad704d1d49,http://www.ufcstats.com/fighter-details/511e82663651438d,Michael Johnson,Lightweight,Decision - Unanimous,3,5:00,http://ufcstats.com/fight-details/d785f22c4cc99a3d,c51ba89947344bee9661ccd1c7c96d7a,2026-09-08 21:32:46.652486+00:00
Jessica Andrade,Marion Reneau,1,0,6 of 15,6 of 16,40%,37%,8 of 21,9 of 20,0 of 0,0 of 0,---,---,0,1,0,0,1:01,0:00,http://ufcstats.com/fight-details/76726a66840ccfa4,http://ufcstats.com/event-details/0577808d22dfe79c,http://www.ufcstats.com/fighter-details/6a1901c62ab3870f,http://www.ufcstats.com/fighter-details/c7d297714d9ab1a4,Marion Reneau,Women's Bantamweight,Submission,1,1:54,http://ufcstats.com/fight-details/76726a66840ccfa4,c51ba89947344bee9661ccd1c7c96d7a,2026-09-08 21:32:55.400487+00:00
Max Holloway,Cole Miller,0,0,57 of 176,31 of 132,32%,23%,66 of 186,35 of 137,1 of 1,0 of 2,100%,0%,0,0,0,0,2:33,0:31,http://ufcstats.com/fight-details/509bd83b00e4ab7c,http://ufcstats.com/event-details/f9c7fe2682af3802,http://www.ufcstats.com/fighter-details/150ff4cc642270b9,http://www.ufcstats.com/fighter-details/282fa667ff9c51ed,Max Holloway,Featherweight,Decision - Unanimous,3,5:00,http://ufcstats.com/fight-details/509bd83b00e4ab7c,c51ba89947344bee9661ccd1c7c96d7a,2026-09-08 21:33:07.335958+00:00
Neil Magny,Kiichi Kunimoto,0,0,76 of 112,10 of 28,67%,35%,142 of 181,20 of 40,3 of 4,1 of 4,75%,25%,1,0,0,0,5:26,3:13,http://ufcstats.com/fight-details/0bdb170e1fef36b6,http://ufcstats.com/event-details/f9c7fe2682af3802,http://www.ufcstats.com/fighter-details/84b3e7d38f2d2ec5,http://www.ufcstats.com/fighter-details/71df36d6d8cf0d74,Neil Magny,Welterweight,Submission,3,1:22,http://ufcstats.com/fight-details/0bdb170e1fef36b6,c51ba89947344bee9661ccd1c7c96d7a,2026-09-08 21:33:08.860631+00:00
Donald Cerrone,Benson Henderson,0,0,57 of 125,86 of 155,45%,55%,58 of 126,93 of 162,1 of 7,0 of 1,14%,0%,0,0,0,0,0:32,0:00,http://ufcstats.com/fight-details/93569f4876c20488,http://ufcstats.com/event-details/f9aa6376ae16bfb4,http://www.ufcstats.com/fighter-details/1d00756835ca67c9,http://www.ufcstats.com/fighter-details/2676b28836a5a836,Donald Cerrone,Lightweight,Decision - Unanimous,3,5:00,http://ufcstats.com/fight-details/93569f4876c20488,c51ba89947344bee9661ccd1c7c96d7a,2026-09-08 21:34:08.265243+00:00
Norman Parke,Gleison Tibau,0,0,43 of 140,38 of 127,30%,29%,44 of 141,38 of 127,0 of 10,2 of 6,0%,33%,0,0,0,0,1:08,2:01,http://ufcstats.com/fight-details/293919e355b362b1,http://ufcstats.com/event-details/f9aa6376ae16bfb4,http://www.ufcstats.com/fighter-details/14ff46596ad80609,http://www.ufcstats.com/fighter-details/75e5fec9f72910ef,Gleison Tibau,Lightweight,Decision - Split,3,5:00,http://ufcstats.com/fight-details/293919e355b362b1,c51ba89947344bee9661ccd1c7c96d7a,2026-09-08 21:34:11.939003+00:00
Donald Cerrone,Myles Jury,0,0,37 of 83,15 of 53,44%,28%,54 of 105,17 of 57,1 of 1,1 of 7,100%,14%,2,0,1,0,3:41,2:01,http://ufcstats.com/fight-details/f4d91498ca3f0a1f,http://ufcstats.com/event-details/a72d260b436924c4,http://www.ufcstats.com/fighter-details/1d00756835ca67c9,http://www.ufcstats.com/fighter-details/08e908ed6d18d6a0,Donald Cerrone,Lightweight,Decision - Unanimous,3,5:00,http://ufcstats.com/fight-details/f4d91498ca3f0a1f,c51ba89947344bee9661ccd1c7c96d7a,2026-09-08 21:34:30.672452+00:00
Brad Tavares,Nate Marquardt,0,0,50 of 119,30 of 64,42%,46%,57 of 126,34 of 69,1 of 1,0 of 7,100%,0%,0,0,0,0,0:29,1:27,http://ufcstats.com/fight-details/b2cda211e0e72811,http://ufcstats.com/event-details/a72d260b436924c4,http://www.ufcstats.com/fighter-details/0c6d9ea8306c029e,http://www.ufcstats.com/fighter-details/a8e6a69796280f17,Brad Tavares,Middleweight,Decision - Unanimous,3,5:00,http://ufcstats.com/fight-details/b2cda211e0e72811,c51ba89947344bee9661ccd1c7c96d7a,2026-09-08 21:34:32.225395+00:00
Darren Elkins,Hacran Dias,0,0,37 of 97,30 of 52,38%,57%,77 of 140,65 of 93,1 of 6,5 of 6,16%,83%,1,0,0,0,2:42,7:52,http://ufcstats.com/fight-details/9f5c84d05107f42b,http://ufcstats.com/event-details/4e5bbc4566049cbf,http://www.ufcstats.com/fighter-details/92a9aa9c93192871,http://www.ufcstats.com/fighter-details/ed209f6618c82e41,Hacran Dias,Featherweight,Decision - Unanimous,3,5:00,http://ufcstats.com/fight-details/9f5c84d05107f42b,c51ba89947344bee9661ccd1c7c96d7a,2026-09-08 21:35:03.778497+00:00
Marcio Alexandre Junior,Tim Means,0,0,36 of 80,43 of 68,45%,63%,60 of 109,53 of 79,1 of 4,1 of 2,25%,50%,0,0,0,0,1:45,2:17,http://ufcstats.com/fight-details/b9893ab3bed62e60,http://ufcstats.com/event-details/4e5bbc4566049cbf,http://www.ufcstats.com/fighter-details/d53482bef23235ba,http://www.ufcstats.com/fighter-details/4b47e71384a9522f,Tim Means,Welterweight,Decision - Split,3,5:00,http://ufcstats.com/fight-details/b9893ab3bed62e60,c51ba89947344bee9661ccd1c7c96d7a,2026-09-08 21:35:07.264463+00:00
Rafael Dos Anjos,Nate Diaz,0,0,77 of 119,13 of 104,64%,12%,129 of 175,51 of 145,2 of 2,0 of 0,100%,---,0,0,0,0,7:47,0:00,http://ufcstats.com/fight-details/d4bfe75b61d2cbc6,http://ufcstats.com/event-details/d4a12dfa4067742f,http://www.ufcstats.com/fighter-details/6a2f7c151031653d,http://www.ufcstats.com/fighter-details/8355922d564b152c,Rafael Dos Anjos,Lightweight,Decision - Unanimous,3,5:00,http://ufcstats.com/fight-details/d4bfe75b61d2cbc6,c51ba89947344bee9661ccd1c7c96d7a,2026-09-08 21:35:14.209822+00:00
Jamie Varner,Drew Dober,0,0,4 of 10,5 of 12,40%,41%,4 of 10,7 of 14,0 of 2,0 of 0,0%,---,0,1,0,0,0:00,0:40,http://ufcstats.com/fight-details/deaeb2383bbd32bf,http://ufcstats.com/event-details/d4a12dfa4067742f,http://www.ufcstats.com/fighter-details/a54fc2d6fc224dc3,http://www.ufcstats.com/fighter-details/519e4fe37ce9ff75,Drew Dober,Lightweight,Submission,1,1:52,http://ufcstats.com/fight-details/deaeb2383bbd32bf,c51ba89947344bee9661ccd1c7c96d7a,2026-09-08 21:35:24.328820+00:00
Jeremy Stephens,Charles Oliveira,0,0,48 of 79,43 of 67,60%,64%,55 of 88,74 of 100,0 of 0,2 of 7,---,28%,0,3,0,0,6:19,5:23,http://ufcstats.com/fight-details/18ba44e67d5c5f38,http://ufcstats.com/event-details/222d6b547de2e035,http://www.ufcstats.com/fighter-details/18968f97ad34f15c,http://www.ufcstats.com/fighter-details/07225ba28ae309b6,Charles Oliveira,Featherweight,Decision - Unanimous,3,5:00,http://ufcstats.com/fight-details/18ba44e67d5c5f38,c51ba89947344bee9661ccd1c7c96d7a,2026-09-08 21:35:35.917445+00:00
Emily Kagan,Angela Hill,0,1,41 of 91,107 of 159,45%,67%,60 of 113,140 of 199,2 of 12,0 of 1,16%,0%,0,0,0,1,5:36,4:22,http://ufcstats.com/fight-details/d643fc29c147d33c,http://ufcstats.com/event-details/222d6b547de2e035,http://www.ufcstats.com/fighter-details/c1ea9d56cd953586,http://www.ufcstats.com/fighter-details/f0feeb2192937424,Angela Hill,Women's Strawweight,Decision - Unanimous,3,5:00,http://ufcstats.com/fight-details/d643fc29c147d33c,c51ba89947344bee9661ccd1c7c96d7a,2026-09-08 21:35:51.064759+00:00
Frankie Edgar,Cub Swanson,0,0,93 of 202,31 of 86,46%,36%,259 of 405,62 of 119,7 of 13,0 of 0,53%,---,2,0,0,0,16:10,0:00,http://ufcstats.com/fight-details/8f9cfe0e283a6ccb,http://ufcstats.com/event-details/155a02a8b4311057,http://www.ufcstats.com/fighter-details/f2688492b9a525a3,http://www.ufcstats.com/fighter-details/d247691a6c0e9034,Frankie Edgar,Featherweight,Submission,5,4:56,http://ufcstats.com/fight-details/8f9cfe0e283a6ccb,c51ba89947344bee9661ccd1c7c96d7a,2026-09-08 21:36:15.046478+00:00
King Green,Edson Barboza,0,0,50 of 123,54 of 133,40%,40%,50 of 123,54 of 133,0 of 2,0 of 0,0%,---,0,0,0,0,0:02,0:00,http://ufcstats.com/fight-details/2f93de8b39ec4625,http://ufcstats.com/event-details/155a02a8b4311057,http://www.ufcstats.com/fighter-details/887961364be5ceb3,http://www.ufcstats.com/fighter-details/64a50dad704d1d49,Edson Barboza,Lightweight,Decision - Unanimous,3,5:00,http://ufcstats.com/fight-details/2f93de8b39ec4625,c51ba89947344bee9661ccd1c7c96d7a,2026-09-08 21:36:16.868765+00:00
Mauricio Rua,Ovince Saint Preux,0,1,2 of 3,9 of 15,66%,60%,2 of 3,9 of 15,0 of 0,0 of 0,---,---,0,0,0,0,0:00,0:06,http://ufcstats.com/fight-details/e8907b881151b79d,http://ufcstats.com/event-details/6ca68b636fbc1f18,http://www.ufcstats.com/fighter-details/140745cbbcb023ac,http://www.ufcstats.com/fighter-details/50db8711c70196cd,Ovince Saint Preux,Light Heavyweight,KO/TKO,1,0:34,http://ufcstats.com/fight-details/e8907b881151b79d,c51ba89947344bee9661ccd1c7c96d7a,2026-09-08 21:36:56.599223+00:00
Luke Rockhold,Michael Bisping,1,0,20 of 41,16 of 65,48%,24%,20 of 41,16 of 65,0 of 0,0 of 2,---,0%,1,0,0,0,0:17,0:11,http://ufcstats.com/fight-details/3d741cee0dffe165,http://ufcstats.com/event-details/371a1c91b24dec2b,http://www.ufcstats.com/fighter-details/00e11b5c8b7bfeeb,http://www.ufcstats.com/fighter-details/2b93ebd9f5417ad2,Luke Rockhold,Middleweight,Submission,2,0:57,http://ufcstats.com/fight-details/3d741cee0dffe165,c51ba89947344bee9661ccd1c7c96d7a,2026-09-08 21:37:15.618068+00:00
Darren Elkins,Lucas Martins,0,0,47 of 154,26 of 82,30%,31%,133 of 251,41 of 97,1 of 14,0 of 0,7%,---,0,1,0,0,8:03,0:26,http://ufcstats.com/fight-details/ffd3e3d37cba32da,http://ufcstats.com/event-details/53f02bbc41d99432,http://www.ufcstats.com/fighter-details/92a9aa9c93192871,http://www.ufcstats.com/fighter-details/7413b80dbb0f8f9f,Darren Elkins,Featherweight,Decision - Split,3,5:00,http://ufcstats.com/fight-details/ffd3e3d37cba32da,c51ba89947344bee9661ccd1c7c96d7a,2026-09-08 21:37:41.188800+00:00
William Macario,Neil Magny,0,0,24 of 77,65 of 146,31%,44%,25 of 78,114 of 199,0 of 1,2 of 4,0%,50%,0,0,0,0,0:36,2:52,http://ufcstats.com/fight-details/d1b2ce8ee57307c0,http://ufcstats.com/event-details/53f02bbc41d99432,http://www.ufcstats.com/fighter-details/ed74afc8b5b47a61,http://www.ufcstats.com/fighter-details/84b3e7d38f2d2ec5,Neil Magny,Welterweight,KO/TKO,3,2:40,http://ufcstats.com/fight-details/d1b2ce8ee57307c0,c51ba89947344bee9661ccd1c7c96d7a,2026-09-08 21:37:44.521976+00:00
Akira Corassani,Max Holloway,0,1,11 of 29,31 of 51,37%,60%,11 of 29,38 of 62,0 of 0,0 of 0,---,---,0,0,0,0,0:10,0:10,http://ufcstats.com/fight-details/ca16e203eb2bde60,http://ufcstats.com/event-details/8dc4f34c1f50d00d,http://www.ufcstats.com/fighter-details/3f52ce18fb98008f,http://www.ufcstats.com/fighter-details/150ff4cc642270b9,Max Holloway,Featherweight,KO/TKO,1,3:11,http://ufcstats.com/fight-details/ca16e203eb2bde60,c51ba89947344bee9661ccd1c7c96d7a,2026-09-08 21:38:20.046596+00:00
Donald Cerrone,Eddie Alvarez,1,0,88 of 166,48 of 138,53%,34%,101 of 182,64 of 157,0 of 2,0 of 5,0%,0%,0,0,0,0,1:57,0:38,http://ufcstats.com/fight-details/64eb4ae171613218,http://ufcstats.com/event-details/3bb030257966b022,http://www.ufcstats.com/fighter-details/1d00756835ca67c9,http://www.ufcstats.com/fighter-details/33a331684283900f,Donald Cerrone,Lightweight,Decision - Unanimous,3,5:00,http://ufcstats.com/fight-details/64eb4ae171613218,c51ba89947344bee9661ccd1c7c96d7a,2026-09-08 21:38:40.251330+00:00
Dustin Poirier,Conor McGregor,0,1,10 of 19,9 of 29,52%,31%,10 of 19,9 of 29,0 of 0,0 of 0,---,---,0,0,0,0,0:00,0:03,http://ufcstats.com/fight-details/6bcea00473e43a59,http://ufcstats.com/event-details/3bb030257966b022,http://www.ufcstats.com/fighter-details/029eaff01e6bb8f0,http://www.ufcstats.com/fighter-details/f4c49976c75c5ab2,Conor McGregor,Featherweight,KO/TKO,1,1:46,http://ufcstats.com/fight-details/6bcea00473e43a59,c51ba89947344bee9661ccd1c7c96d7a,2026-09-08 21:38:41.764988+00:00
Alex Caceres,Masanori Kanehara,0,0,24 of 78,32 of 69,30%,46%,33 of 87,102 of 145,0 of 0,2 of 4,---,50%,0,2,1,0,0:37,7:31,http://ufcstats.com/fight-details/b516beb27416e492,http://ufcstats.com/event-details/2dea80c069847321,http://www.ufcstats.com/fighter-details/7aa3d6964eff4877,http://www.ufcstats.com/fighter-details/f3a078277b3b8ff4,Masanori Kanehara,Bantamweight,Decision - Unanimous,3,5:00,http://ufcstats.com/fight-details/b516beb27416e492,c51ba89947344bee9661ccd1c7c96d7a,2026-09-08 21:39:09.625924+00:00
Antonio Silva,Andrei Arlovski,0,1,6 of 13,13 of 33,46%,39%,6 of 13,14 of 34,0 of 0,0 of 0,---,---,0,0,0,0,0:00,0:03,http://ufcstats.com/fight-details/61c9bbeb2806534b,http://ufcstats.com/event-details/a71feb7ea7592a71,http://www.ufcstats.com/fighter-details/8349d55cdecd393a,http://www.ufcstats.com/fighter-details/3738e68d2261e60f,Andrei Arlovski,Heavyweight,KO/TKO,1,2:59,http://ufcstats.com/fight-details/61c9bbeb2806534b,c51ba89947344bee9661ccd1c7c96d7a,2026-09-08 21:39:21.281900+00:00
Gleison Tibau,Piotr Hallmann,0,0,30 of 74,52 of 113,40%,46%,41 of 89,86 of 148,5 of 11,0 of 0,45%,---,0,0,0,0,5:40,1:38,http://ufcstats.com/fight-details/246f38c7855a6400,http://ufcstats.com/event-details/a71feb7ea7592a71,http://www.ufcstats.com/fighter-details/75e5fec9f72910ef,http://www.ufcstats.com/fighter-details/a3be148af5c7b088,Gleison Tibau,Lightweight,Decision - Split,3,5:00,http://ufcstats.com/fight-details/246f38c7855a6400,c51ba89947344bee9661ccd1c7c96d7a,2026-09-08 21:39:23.016539+00:00
Jessica Andrade,Larissa Pacheco,0,0,19 of 24,6 of 13,79%,46%,44 of 52,11 of 18,1 of 1,0 of 1,100%,0%,2,0,0,0,4:23,0:00,http://ufcstats.com/fight-details/2798c746fe93502a,http://ufcstats.com/event-details/a71feb7ea7592a71,http://www.ufcstats.com/fighter-details/6a1901c62ab3870f,http://www.ufcstats.com/fighter-details/16b89be2f5c16fba,Jessica Andrade,Women's Bantamweight,Submission,1,4:33,http://ufcstats.com/fight-details/2798c746fe93502a,c51ba89947344bee9661ccd1c7c96d7a,2026-09-08 21:39:29.688356+00:00
Matt Mitrione,Derrick Lewis,0,0,7 of 11,1 of 1,63%,100%,9 of 13,1 of 1,0 of 0,0 of 0,---,---,0,0,0,0,0:07,0:00,http://ufcstats.com/fight-details/fd4d5685c2e207b5,http://ufcstats.com/event-details/9bcfb40dbcd50568,http://www.ufcstats.com/fighter-details/ba280572acfba13f,http://www.ufcstats.com/fighter-details/d3df1add9d9a7efb,Matt Mitrione,Heavyweight,KO/TKO,1,0:41,http://ufcstats.com/fight-details/fd4d5685c2e207b5,c51ba89947344bee9661ccd1c7c96d7a,2026-09-08 21:39:44.936490+00:00
Benson Henderson,Rafael Dos Anjos,0,1,10 of 27,18 of 30,37%,60%,10 of 27,18 of 30,0 of 1,0 of 0,0%,---,0,0,0,0,0:02,0:02,http://ufcstats.com/fight-details/351532f2fe6804d1,http://ufcstats.com/event-details/063649e21bc9d6d5,http://www.ufcstats.com/fighter-details/2676b28836a5a836,http://www.ufcstats.com/fighter-details/6a2f7c151031653d,Rafael Dos Anjos,Lightweight,KO/TKO,1,2:31,http://ufcstats.com/fight-details/351532f2fe6804d1,c51ba89947344bee9661ccd1c7c96d7a,2026-09-08 21:40:14.892204+00:00
Max Holloway,Clay Collard,0,0,124 of 204,70 of 209,60%,33%,137 of 219,73 of 213,0 of 0,1 of 10,---,10%,0,0,0,1,2:35,1:48,http://ufcstats.com/fight-details/56fbc2a376569c13,http://ufcstats.com/event-details/063649e21bc9d6d5,http://www.ufcstats.com/fighter-details/150ff4cc642270b9,http://www.ufcstats.com/fighter-details/cc900c6a71ed23f3,Max Holloway,Catch Weight,KO/TKO,3,3:47,http://ufcstats.com/fight-details/56fbc2a376569c13,c51ba89947344bee9661ccd1c7c96d7a,2026-09-08 21:40:20.068286+00:00
Neil Magny,Alex Garcia,0,0,39 of 79,5 of 39,49%,12%,130 of 175,27 of 68,3 of 6,3 of 7,50%,42%,0,0,0,1,4:00,6:11,http://ufcstats.com/fight-details/954362efa4564d60,http://ufcstats.com/event-details/063649e21bc9d6d5,http://www.ufcstats.com/fighter-details/84b3e7d38f2d2ec5,http://www.ufcstats.com/fighter-details/a2b12c3f3d60ff69,Neil Magny,Welterweight,Decision - Unanimous,3,5:00,http://ufcstats.com/fight-details/954362efa4564d60,c51ba89947344bee9661ccd1c7c96d7a,2026-09-08 21:40:25.293833+00:00
Michael Bisping,Cung Le,1,0,92 of 270,38 of 110,34%,34%,92 of 270,38 of 110,0 of 0,0 of 0,---,---,0,0,0,0,0:03,0:00,http://ufcstats.com/fight-details/a57b9c636ac198be,http://ufcstats.com/event-details/770b9d4813c25902,http://www.ufcstats.com/fighter-details/2b93ebd9f5417ad2,http://www.ufcstats.com/fighter-details/d4f364dd076bb0e2,Michael Bisping,Middleweight,KO/TKO,4,0:57,http://ufcstats.com/fight-details/a57b9c636ac198be,c51ba89947344bee9661ccd1c7c96d7a,2026-09-08 21:40:35.527798+00:00
Ryan Bader,Ovince Saint Preux,0,0,24 of 72,24 of 91,33%,26%,77 of 137,30 of 97,9 of 21,2 of 2,42%,100%,1,0,0,0,10:07,1:45,http://ufcstats.com/fight-details/db209b782f35e0e6,http://ufcstats.com/event-details/fd7acf42bd6e7e95,http://www.ufcstats.com/fighter-details/c0ab242c40decc55,http://www.ufcstats.com/fighter-details/50db8711c70196cd,Ryan Bader,Light Heavyweight,Decision - Unanimous,5,5:00,http://ufcstats.com/fight-details/db209b782f35e0e6,c51ba89947344bee9661ccd1c7c96d7a,2026-09-08 21:40:54.006097+00:00
Tim Boetsch,Brad Tavares,2,0,14 of 28,24 of 56,50%,42%,40 of 56,37 of 70,1 of 5,0 of 1,20%,0%,0,0,0,0,0:36,4:19,http://ufcstats.com/fight-details/852442b380088fa5,http://ufcstats.com/event-details/fd7acf42bd6e7e95,http://www.ufcstats.com/fighter-details/c80095f6092271a7,http://www.ufcstats.com/fighter-details/0c6d9ea8306c029e,Tim Boetsch,Middleweight,KO/TKO,2,3:18,http://ufcstats.com/fight-details/852442b380088fa5,c51ba89947344bee9661ccd1c7c96d7a,2026-09-08 21:40:57.464205+00:00
Robbie Lawler,Matt Brown,0,0,80 of 200,82 of 242,40%,33%,87 of 207,89 of 250,2 of 2,2 of 8,100%,25%,0,0,0,0,3:57,1:10,http://ufcstats.com/fight-details/677910683d0fd88b,http://ufcstats.com/event-details/05fbfe628658c538,http://www.ufcstats.com/fighter-details/f2925e6db404bf1d,http://www.ufcstats.com/fighter-details/31123249b0bbf52e,Robbie Lawler,Welterweight,Decision - Unanimous,5,5:00,http://ufcstats.com/fight-details/677910683d0fd88b,c51ba89947344bee9661ccd1c7c96d7a,2026-09-08 21:41:13.225505+00:00
Clay Guida,Dennis Bermudez,0,0,28 of 79,47 of 114,35%,41%,39 of 95,66 of 135,0 of 3,2 of 7,0%,28%,0,1,0,0,0:16,2:11,http://ufcstats.com/fight-details/1258b6f1cb5eed64,http://ufcstats.com/event-details/05fbfe628658c538,http://www.ufcstats.com/fighter-details/c47df9303d318c67,http://www.ufcstats.com/fighter-details/6f242453c91a5af0,Dennis Bermudez,Featherweight,Submission,2,2:57,http://ufcstats.com/fight-details/1258b6f1cb5eed64,c51ba89947344bee9661ccd1c7c96d7a,2026-09-08 21:41:16.523934+00:00
Josh Thomson,King Green,0,0,45 of 120,59 of 141,37%,41%,45 of 120,63 of 145,0 of 5,0 of 2,0%,0%,0,0,0,0,0:19,0:53,http://ufcstats.com/fight-details/23124e6f3e7aa37d,http://ufcstats.com/event-details/05fbfe628658c538,http://www.ufcstats.com/fighter-details/a566371ba2ad7152,http://www.ufcstats.com/fighter-details/887961364be5ceb3,King Green,Lightweight,Decision - Split,3,5:00,http://ufcstats.com/fight-details/23124e6f3e7aa37d,c51ba89947344bee9661ccd1c7c96d7a,2026-09-08 21:41:18.344646+00:00
Hernani Perpetuo,Tim Means,0,0,61 of 189,85 of 210,32%,40%,63 of 191,85 of 211,0 of 3,1 of 4,0%,25%,0,0,0,0,0:02,0:33,http://ufcstats.com/fight-details/35cdd5e50d30f26e,http://ufcstats.com/event-details/05fbfe628658c538,http://www.ufcstats.com/fighter-details/575360be653ad6a6,http://www.ufcstats.com/fighter-details/4b47e71384a9522f,Tim Means,Welterweight,Decision - Unanimous,3,5:00,http://ufcstats.com/fight-details/35cdd5e50d30f26e,c51ba89947344bee9661ccd1c7c96d7a,2026-09-08 21:41:23.755760+00:00
Donald Cerrone,Jim Miller,1,0,37 of 78,30 of 65,47%,46%,41 of 82,34 of 69,0 of 2,1 of 6,0%,16%,0,0,0,0,0:21,0:35,http://ufcstats.com/fight-details/c8998aa536614a5a,http://ufcstats.com/event-details/79ded75550efc139,http://www.ufcstats.com/fighter-details/1d00756835ca67c9,http://www.ufcstats.com/fighter-details/d1941565abf50b16,Donald Cerrone,Lightweight,KO/TKO,2,3:31,http://ufcstats.com/fight-details/c8998aa536614a5a,c51ba89947344bee9661ccd1c7c96d7a,2026-09-08 21:41:54.177126+00:00
Edson Barboza,Evan Dunham,1,0,10 of 17,10 of 27,58%,37%,10 of 17,10 of 27,0 of 0,0 of 1,---,0%,0,0,0,0,0:02,0:02,http://ufcstats.com/fight-details/4e7c06f8b2b8c24b,http://ufcstats.com/event-details/79ded75550efc139,http://www.ufcstats.com/fighter-details/64a50dad704d1d49,http://www.ufcstats.com/fighter-details/e5c9de15bb58b1c6,Edson Barboza,Lightweight,KO/TKO,1,3:06,http://ufcstats.com/fight-details/4e7c06f8b2b8c24b,c51ba89947344bee9661ccd1c7c96d7a,2026-09-08 21:41:56.046352+00:00
Gleison Tibau,Pat Healy,0,0,44 of 93,54 of 132,47%,40%,87 of 143,86 of 168,4 of 6,0 of 3,66%,0%,0,0,0,0,4:32,2:13,http://ufcstats.com/fight-details/b0271fa12935bf88,http://ufcstats.com/event-details/79ded75550efc139,http://www.ufcstats.com/fighter-details/75e5fec9f72910ef,http://www.ufcstats.com/fighter-details/50d2f0018bcf9eef,Gleison Tibau,Lightweight,Decision - Unanimous,3,5:00,http://ufcstats.com/fight-details/b0271fa12935bf88,c51ba89947344bee9661ccd1c7c96d7a,2026-09-08 21:42:05.255589+00:00
Frankie Edgar,BJ Penn,0,0,90 of 162,13 of 66,55%,19%,159 of 236,60 of 116,3 of 3,0 of 0,100%,---,0,0,0,0,8:54,0:00,http://ufcstats.com/fight-details/bdcb43bf1daa790b,http://ufcstats.com/event-details/1c5879330d42255f,http://www.ufcstats.com/fighter-details/f2688492b9a525a3,http://www.ufcstats.com/fighter-details/73c7cfa551289285,Frankie Edgar,Featherweight,KO/TKO,3,4:16,http://ufcstats.com/fight-details/bdcb43bf1daa790b,c51ba89947344bee9661ccd1c7c96d7a,2026-09-08 21:42:15.318459+00:00
Derrick Lewis,Guto Inocente,0,0,6 of 16,6 of 8,37%,75%,7 of 17,8 of 10,1 of 2,0 of 0,50%,---,0,0,0,0,1:33,0:00,http://ufcstats.com/fight-details/e7081f3a0a982f9d,http://ufcstats.com/event-details/1c5879330d42255f,http://www.ufcstats.com/fighter-details/d3df1add9d9a7efb,http://www.ufcstats.com/fighter-details/e7fe5315b1efeb92,Derrick Lewis,Heavyweight,KO/TKO,1,3:30,http://ufcstats.com/fight-details/e7081f3a0a982f9d,c51ba89947344bee9661ccd1c7c96d7a,2026-09-08 21:42:20.499703+00:00
Urijah Faber,Alex Caceres,0,0,20 of 38,20 of 45,52%,44%,41 of 62,35 of 62,5 of 12,0 of 0,41%,---,1,0,0,0,6:46,0:31,http://ufcstats.com/fight-details/27c34f7a7e1c4d67,http://ufcstats.com/event-details/53adf5b845d91e4a,http://www.ufcstats.com/fighter-details/78114b7199cef90c,http://www.ufcstats.com/fighter-details/7aa3d6964eff4877,Urijah Faber,Bantamweight,Submission,3,1:09,http://ufcstats.com/fight-details/27c34f7a7e1c4d67,c51ba89947344bee9661ccd1c7c96d7a,2026-09-08 21:42:42.961114+00:00
Cub Swanson,Jeremy Stephens,0,0,87 of 219,65 of 228,39%,28%,103 of 236,76 of 239,0 of 0,2 of 8,---,25%,0,0,0,0,0:14,3:13,http://ufcstats.com/fight-details/46cfb41b00cb5ad8,http://ufcstats.com/event-details/c0ed7b208197e8de,http://www.ufcstats.com/fighter-details/d247691a6c0e9034,http://www.ufcstats.com/fighter-details/18968f97ad34f15c,Cub Swanson,Featherweight,Decision - Unanimous,5,5:00,http://ufcstats.com/fight-details/46cfb41b00cb5ad8,c51ba89947344bee9661ccd1c7c96d7a,2026-09-08 21:42:54.705095+00:00
Hatsu Hioki,Charles Oliveira,0,0,11 of 27,24 of 38,40%,63%,31 of 51,33 of 52,3 of 4,3 of 5,75%,60%,0,2,0,0,5:58,2:23,http://ufcstats.com/fight-details/a4759c52378f9d1a,http://ufcstats.com/event-details/ac9521250dc1a14c,http://www.ufcstats.com/fighter-details/ef7fa30364cbe7f2,http://www.ufcstats.com/fighter-details/07225ba28ae309b6,Charles Oliveira,Featherweight,Submission,2,4:32,http://ufcstats.com/fight-details/a4759c52378f9d1a,c51ba89947344bee9661ccd1c7c96d7a,2026-09-08 21:43:18.960594+00:00
Neil Magny,Rodrigo de Lima,1,0,30 of 55,5 of 14,54%,35%,31 of 57,30 of 41,2 of 2,1 of 3,100%,33%,0,2,0,1,0:39,3:42,http://ufcstats.com/fight-details/2bb2a2652fe38809,http://ufcstats.com/event-details/ac9521250dc1a14c,http://www.ufcstats.com/fighter-details/84b3e7d38f2d2ec5,http://www.ufcstats.com/fighter-details/a4dc47001f202bcd,Neil Magny,Welterweight,KO/TKO,2,2:32,http://ufcstats.com/fight-details/2bb2a2652fe38809,c51ba89947344bee9661ccd1c7c96d7a,2026-09-08 21:43:28.394949+00:00
Andrei Arlovski,Brendan Schaub,0,0,12 of 55,30 of 88,21%,34%,40 of 86,65 of 136,0 of 1,1 of 5,0%,20%,0,0,0,0,3:09,3:12,http://ufcstats.com/fight-details/f3ebce624bb154ae,http://ufcstats.com/event-details/5b5307450405abf0,http://www.ufcstats.com/fighter-details/3738e68d2261e60f,http://www.ufcstats.com/fighter-details/89a407032911e27e,Andrei Arlovski,Heavyweight,Decision - Split,3,5:00,http://ufcstats.com/fight-details/f3ebce624bb154ae,c51ba89947344bee9661ccd1c7c96d7a,2026-09-08 21:43:40.264370+00:00
Ovince Saint Preux,Ryan Jimmo,0,0,14 of 34,15 of 29,41%,51%,20 of 40,19 of 34,2 of 4,0 of 1,50%,0%,1,0,0,0,2:00,1:00,http://ufcstats.com/fight-details/db747a157e1f264b,http://ufcstats.com/event-details/5b5307450405abf0,http://www.ufcstats.com/fighter-details/50db8711c70196cd,http://www.ufcstats.com/fighter-details/bc3ec52ef70fc155,Ovince Saint Preux,Light Heavyweight,KO/TKO,2,2:10,http://ufcstats.com/fight-details/db747a157e1f264b,c51ba89947344bee9661ccd1c7c96d7a,2026-09-08 21:43:42.001370+00:00
Diego Sanchez,Ross Pearson,0,1,33 of 134,51 of 122,24%,41%,33 of 134,51 of 122,0 of 1,1 of 1,0%,100%,0,0,0,0,0:02,0:06,http://ufcstats.com/fight-details/8d7ea177efadc718,http://ufcstats.com/event-details/1fcfc3709fe58151,http://www.ufcstats.com/fighter-details/82e7929bf6c2b689,http://www.ufcstats.com/fighter-details/4f732e58ed907eff,Diego Sanchez,Lightweight,Decision - Split,3,5:00,http://ufcstats.com/fight-details/8d7ea177efadc718,c51ba89947344bee9661ccd1c7c96d7a,2026-09-08 21:43:56.976603+00:00
Rafael Dos Anjos,Jason High,1,0,36 of 68,24 of 64,52%,37%,53 of 85,26 of 67,2 of 2,3 of 3,100%,100%,3,0,0,0,1:52,2:53,http://ufcstats.com/fight-details/b97d2f97d109cfc8,http://ufcstats.com/event-details/1fcfc3709fe58151,http://www.ufcstats.com/fighter-details/6a2f7c151031653d,http://www.ufcstats.com/fighter-details/e5d03e4d966126bd,Rafael Dos Anjos,Lightweight,KO/TKO,2,3:36,http://ufcstats.com/fight-details/b97d2f97d109cfc8,c51ba89947344bee9661ccd1c7c96d7a,2026-09-08 21:44:01.659296+00:00
Demian Maia,Alexander Yakovlev,1,0,29 of 73,22 of 43,39%,51%,83 of 128,24 of 45,2 of 3,1 of 2,66%,50%,0,0,0,1,8:09,1:28,http://ufcstats.com/fight-details/f9109d1e7c4ff9aa,http://ufcstats.com/event-details/59aaf2730b84698a,http://www.ufcstats.com/fighter-details/427b5953ac8e3a27,http://www.ufcstats.com/fighter-details/d06f8869449ba7bd,Demian Maia,Welterweight,Decision - Unanimous,3,5:00,http://ufcstats.com/fight-details/f9109d1e7c4ff9aa,c51ba89947344bee9661ccd1c7c96d7a,2026-09-08 21:44:22.763207+00:00
Nick Hein,Drew Dober,0,0,50 of 105,49 of 127,47%,38%,87 of 148,97 of 178,2 of 6,0 of 4,33%,0%,0,0,0,0,4:17,2:59,http://ufcstats.com/fight-details/042fee3d05e105fa,http://ufcstats.com/event-details/b757c73f443d4fca,http://www.ufcstats.com/fighter-details/2816ced060a21be3,http://www.ufcstats.com/fighter-details/519e4fe37ce9ff75,Nick Hein,Lightweight,Decision - Unanimous,3,5:00,http://ufcstats.com/fight-details/042fee3d05e105fa,c51ba89947344bee9661ccd1c7c96d7a,2026-09-08 21:44:46.775137+00:00
Matt Brown,Erick Silva,0,1,118 of 166,25 of 54,71%,46%,161 of 213,39 of 71,5 of 5,0 of 3,100%,0%,4,1,0,0,3:48,3:47,http://ufcstats.com/fight-details/f8cceeabeb2afd4d,http://ufcstats.com/event-details/579fcdfcabd23a7b,http://www.ufcstats.com/fighter-details/31123249b0bbf52e,http://www.ufcstats.com/fighter-details/5866fc86183a9fb8,Matt Brown,Welterweight,KO/TKO,3,2:11,http://ufcstats.com/fight-details/f8cceeabeb2afd4d,c51ba89947344bee9661ccd1c7c96d7a,2026-09-08 21:45:21.233579+00:00
Neil Magny,Tim Means,0,0,29 of 77,30 of 66,37%,45%,52 of 105,53 of 89,4 of 9,3 of 4,44%,75%,0,1,0,0,5:20,1:02,http://ufcstats.com/fight-details/107079f548338ac3,http://ufcstats.com/event-details/579fcdfcabd23a7b,http://www.ufcstats.com/fighter-details/84b3e7d38f2d2ec5,http://www.ufcstats.com/fighter-details/4b47e71384a9522f,Neil Magny,Welterweight,Decision - Unanimous,3,5:00,http://ufcstats.com/fight-details/107079f548338ac3,c51ba89947344bee9661ccd1c7c96d7a,2026-09-08 21:45:26.260855+00:00
Jim Miller,Yancy Medeiros,0,0,5 of 19,9 of 27,26%,33%,6 of 20,9 of 27,0 of 1,0 of 0,0%,---,1,0,0,0,0:28,0:24,http://ufcstats.com/fight-details/484cf23d5110ca04,http://ufcstats.com/event-details/4f2fcbefb668689d,http://www.ufcstats.com/fighter-details/d1941565abf50b16,http://www.ufcstats.com/fighter-details/813550bc53b15fb0,Jim Miller,Lightweight,Submission,1,3:18,http://ufcstats.com/fight-details/484cf23d5110ca04,c51ba89947344bee9661ccd1c7c96d7a,2026-09-08 21:45:50.520667+00:00
Max Holloway,Andre Fili,0,0,47 of 149,44 of 139,31%,31%,57 of 161,46 of 141,0 of 0,3 of 12,---,25%,2,0,0,0,0:00,3:13,http://ufcstats.com/fight-details/5b0cc074c657ebd4,http://ufcstats.com/event-details/4f2fcbefb668689d,http://www.ufcstats.com/fighter-details/150ff4cc642270b9,http://www.ufcstats.com/fighter-details/8fd808923cffff82,Max Holloway,Featherweight,Submission,3,3:39,http://ufcstats.com/fight-details/5b0cc074c657ebd4,c51ba89947344bee9661ccd1c7c96d7a,2026-09-08 21:45:52.351114+00:00
Donald Cerrone,Edson Barboza,1,0,11 of 20,28 of 54,55%,51%,11 of 20,28 of 54,0 of 1,0 of 0,0%,---,2,0,0,0,0:22,0:00,http://ufcstats.com/fight-details/4e3ccffe18641d9c,http://ufcstats.com/event-details/a421465acbe59c77,http://www.ufcstats.com/fighter-details/1d00756835ca67c9,http://www.ufcstats.com/fighter-details/64a50dad704d1d49,Donald Cerrone,Lightweight,Submission,1,3:15,http://ufcstats.com/fight-details/4e3ccffe18641d9c,c51ba89947344bee9661ccd1c7c96d7a,2026-09-08 21:46:09.049110+00:00
Brad Tavares,Yoel Romero,0,0,21 of 70,31 of 48,30%,64%,35 of 87,63 of 81,0 of 3,7 of 12,0%,58%,0,0,0,0,1:08,6:48,http://ufcstats.com/fight-details/f5445d367e7dbb2b,http://ufcstats.com/event-details/a421465acbe59c77,http://www.ufcstats.com/fighter-details/0c6d9ea8306c029e,http://www.ufcstats.com/fighter-details/f77c68bb4be8516d,Yoel Romero,Middleweight,Decision - Unanimous,3,5:00,http://ufcstats.com/fight-details/f5445d367e7dbb2b,c51ba89947344bee9661ccd1c7c96d7a,2026-09-08 21:46:10.804459+00:00
Rafael Dos Anjos,Khabib Nurmagomedov,0,0,20 of 56,36 of 97,35%,37%,40 of 76,72 of 135,0 of 1,6 of 12,0%,50%,0,0,0,0,0:14,9:47,http://ufcstats.com/fight-details/9d1722fb8b83a92a,http://ufcstats.com/event-details/a421465acbe59c77,http://www.ufcstats.com/fighter-details/6a2f7c151031653d,http://www.ufcstats.com/fighter-details/032cc3922d871c7f,Khabib Nurmagomedov,Lightweight,Decision - Unanimous,3,5:00,http://ufcstats.com/fight-details/9d1722fb8b83a92a,c51ba89947344bee9661ccd1c7c96d7a,2026-09-08 21:46:12.754536+00:00
Derrick Lewis,Jack May,0,0,22 of 27,5 of 6,81%,83%,26 of 31,23 of 24,1 of 1,1 of 3,100%,33%,0,0,0,1,1:48,1:51,http://ufcstats.com/fight-details/a283975bf9355757,http://ufcstats.com/event-details/a421465acbe59c77,http://www.ufcstats.com/fighter-details/d3df1add9d9a7efb,http://www.ufcstats.com/fighter-details/2c6e81426dd7573c,Derrick Lewis,Heavyweight,KO/TKO,1,4:23,http://ufcstats.com/fight-details/a283975bf9355757,c51ba89947344bee9661ccd1c7c96d7a,2026-09-08 21:46:26.660170+00:00
Michael Bisping,Tim Kennedy,0,0,40 of 137,51 of 106,29%,48%,53 of 151,76 of 141,0 of 0,5 of 11,---,45%,0,0,0,0,0:03,12:01,http://ufcstats.com/fight-details/3a5b53d1123d9f7e,http://ufcstats.com/event-details/f9f07bb5a43535ed,http://www.ufcstats.com/fighter-details/2b93ebd9f5417ad2,http://www.ufcstats.com/fighter-details/3c660c90d48fc80d,Tim Kennedy,Middleweight,Decision - Unanimous,5,5:00,http://ufcstats.com/fight-details/3a5b53d1123d9f7e,c51ba89947344bee9661ccd1c7c96d7a,2026-09-08 21:46:29.979351+00:00
Dustin Poirier,Akira Corassani,1,0,45 of 89,24 of 66,50%,36%,46 of 90,24 of 66,0 of 1,0 of 1,0%,0%,1,0,0,0,0:44,0:11,http://ufcstats.com/fight-details/3e6b5cb3c37bef3b,http://ufcstats.com/event-details/f9f07bb5a43535ed,http://www.ufcstats.com/fighter-details/029eaff01e6bb8f0,http://www.ufcstats.com/fighter-details/3f52ce18fb98008f,Dustin Poirier,Featherweight,KO/TKO,2,0:42,http://ufcstats.com/fight-details/3e6b5cb3c37bef3b,c51ba89947344bee9661ccd1c7c96d7a,2026-09-08 21:46:36.832251+00:00
Clay Guida,Tatsuya Kawajiri,1,0,47 of 68,19 of 51,69%,37%,92 of 113,36 of 68,3 of 10,1 of 5,30%,20%,0,1,0,0,8:59,2:46,http://ufcstats.com/fight-details/a2e1e35e4e84e08d,http://ufcstats.com/event-details/d632d156c0549e07,http://www.ufcstats.com/fighter-details/c47df9303d318c67,http://www.ufcstats.com/fighter-details/80d918336163b80c,Clay Guida,Featherweight,Decision - Unanimous,3,5:00,http://ufcstats.com/fight-details/a2e1e35e4e84e08d,c51ba89947344bee9661ccd1c7c96d7a,2026-09-08 21:46:55.358450+00:00
Diego Sanchez,Myles Jury,0,0,25 of 93,46 of 119,26%,38%,37 of 105,54 of 129,0 of 0,3 of 3,---,100%,2,0,0,0,0:49,3:07,http://ufcstats.com/fight-details/d4d4aded862ace46,http://ufcstats.com/event-details/179f1948dc234f1f,http://www.ufcstats.com/fighter-details/82e7929bf6c2b689,http://www.ufcstats.com/fighter-details/08e908ed6d18d6a0,Myles Jury,Lightweight,Decision - Unanimous,3,5:00,http://ufcstats.com/fight-details/d4d4aded862ace46,c51ba89947344bee9661ccd1c7c96d7a,2026-09-08 21:47:34.669766+00:00
Ovince Saint Preux,Nikita Krylov,0,0,1 of 1,1 of 4,100%,25%,1 of 1,1 of 4,1 of 1,0 of 0,100%,---,1,0,0,0,1:01,0:00,http://ufcstats.com/fight-details/2d050cb1f7d8789a,http://ufcstats.com/event-details/179f1948dc234f1f,http://www.ufcstats.com/fighter-details/50db8711c70196cd,http://www.ufcstats.com/fighter-details/1091d4d957141094,Ovince Saint Preux,Light Heavyweight,Submission,1,1:29,http://ufcstats.com/fight-details/2d050cb1f7d8789a,c51ba89947344bee9661ccd1c7c96d7a,2026-09-08 21:47:38.147029+00:00
Raquel Pennington,Jessica Andrade,0,0,82 of 167,66 of 158,49%,41%,87 of 172,90 of 185,2 of 3,3 of 8,66%,37%,2,0,0,0,1:20,6:22,http://ufcstats.com/fight-details/99170b2f2496e479,http://ufcstats.com/event-details/179f1948dc234f1f,http://www.ufcstats.com/fighter-details/fc169c387b4b465d,http://www.ufcstats.com/fighter-details/6a1901c62ab3870f,Jessica Andrade,Women's Bantamweight,Decision - Split,3,5:00,http://ufcstats.com/fight-details/99170b2f2496e479,c51ba89947344bee9661ccd1c7c96d7a,2026-09-08 21:47:42.038139+00:00
Michael Johnson,Melvin Guillard,0,0,48 of 146,22 of 103,32%,21%,51 of 153,22 of 103,1 of 4,0 of 1,25%,0%,0,0,0,0,1:14,0:00,http://ufcstats.com/fight-details/73f55778c5c55c2f,http://ufcstats.com/event-details/ebc1f40e00e0c481,http://www.ufcstats.com/fighter-details/511e82663651438d,http://www.ufcstats.com/fighter-details/ccd1299e0345e0ce,Michael Johnson,Lightweight,Decision - Unanimous,3,5:00,http://ufcstats.com/fight-details/73f55778c5c55c2f,c51ba89947344bee9661ccd1c7c96d7a,2026-09-08 21:47:57.299599+00:00
Rory MacDonald,Demian Maia,0,0,75 of 213,51 of 120,35%,42%,77 of 215,81 of 152,0 of 0,2 of 22,---,9%,0,0,0,0,0:07,5:00,http://ufcstats.com/fight-details/29657325bfc1d590,http://ufcstats.com/event-details/3138fab619faf4d1,http://www.ufcstats.com/fighter-details/cbd5d3cdd862e90e,http://www.ufcstats.com/fighter-details/427b5953ac8e3a27,Rory MacDonald,Welterweight,Decision - Unanimous,3,5:00,http://ufcstats.com/fight-details/29657325bfc1d590,c51ba89947344bee9661ccd1c7c96d7a,2026-09-08 21:48:32.035784+00:00
Charles Oliveira,Andy Ogle,0,0,23 of 43,21 of 49,53%,42%,57 of 79,34 of 62,3 of 8,1 of 2,37%,50%,2,0,0,0,6:08,4:28,http://ufcstats.com/fight-details/b96e1222eb1a0faf,http://ufcstats.com/event-details/51b0bb73a1da34bc,http://www.ufcstats.com/fighter-details/07225ba28ae309b6,http://www.ufcstats.com/fighter-details/b6c4451cb13c9303,Charles Oliveira,Featherweight,Submission,3,2:40,http://ufcstats.com/fight-details/b96e1222eb1a0faf,c51ba89947344bee9661ccd1c7c96d7a,2026-09-08 21:48:55.214300+00:00
Frank Mir,Alistair Overeem,0,1,3 of 23,62 of 74,13%,83%,5 of 26,139 of 157,1 of 3,0 of 0,33%,---,1,0,0,0,0:29,8:37,http://ufcstats.com/fight-details/651bdd9e17a58c5d,http://ufcstats.com/event-details/fc31f896cde2bc2e,http://www.ufcstats.com/fighter-details/1ff9589f9065a9ed,http://www.ufcstats.com/fighter-details/b4ad3a06ee4d660c,Alistair Overeem,Heavyweight,Decision - Unanimous,3,5:00,http://ufcstats.com/fight-details/651bdd9e17a58c5d,c51ba89947344bee9661ccd1c7c96d7a,2026-09-08 21:49:14.284650+00:00
Neil Magny,Gasan Umalatov,0,0,71 of 218,34 of 76,32%,44%,105 of 259,38 of 80,1 of 7,2 of 8,14%,25%,0,0,0,0,2:41,2:16,http://ufcstats.com/fight-details/7a91b26b3e231fff,http://ufcstats.com/event-details/fc31f896cde2bc2e,http://www.ufcstats.com/fighter-details/84b3e7d38f2d2ec5,http://www.ufcstats.com/fighter-details/7a39bbac8cc0fa70,Neil Magny,Welterweight,Decision - Unanimous,3,5:00,http://ufcstats.com/fight-details/7a91b26b3e231fff,c51ba89947344bee9661ccd1c7c96d7a,2026-09-08 21:49:29.907173+00:00
Donald Cerrone,Adriano Martins,1,0,16 of 37,13 of 29,43%,44%,16 of 37,13 of 29,1 of 1,0 of 0,100%,---,0,0,0,0,0:06,0:00,http://ufcstats.com/fight-details/ca8e482388e7ac82,http://ufcstats.com/event-details/a8d521d913df4e31,http://www.ufcstats.com/fighter-details/1d00756835ca67c9,http://www.ufcstats.com/fighter-details/7dcf06c1967801c1,Donald Cerrone,Lightweight,KO/TKO,1,4:40,http://ufcstats.com/fight-details/ca8e482388e7ac82,c51ba89947344bee9661ccd1c7c96d7a,2026-09-08 21:49:36.753262+00:00
Darren Elkins,Jeremy Stephens,0,0,21 of 137,40 of 117,15%,34%,26 of 142,40 of 117,0 of 9,1 of 1,0%,100%,4,0,0,0,1:14,1:09,http://ufcstats.com/fight-details/6fdcd1caa0e9d239,http://ufcstats.com/event-details/a8d521d913df4e31,http://www.ufcstats.com/fighter-details/92a9aa9c93192871,http://www.ufcstats.com/fighter-details/18968f97ad34f15c,Jeremy Stephens,Featherweight,Decision - Unanimous,3,5:00,http://ufcstats.com/fight-details/6fdcd1caa0e9d239,c51ba89947344bee9661ccd1c7c96d7a,2026-09-08 21:49:38.462407+00:00
Alex Caceres,Sergio Pettis,1,0,53 of 164,49 of 177,32%,27%,56 of 168,49 of 177,1 of 1,1 of 2,100%,50%,1,0,0,0,1:33,0:12,http://ufcstats.com/fight-details/6a7f68feb5c0755d,http://ufcstats.com/event-details/a8d521d913df4e31,http://www.ufcstats.com/fighter-details/7aa3d6964eff4877,http://www.ufcstats.com/fighter-details/de75d1c45a39e221,Alex Caceres,Bantamweight,Submission,3,4:39,http://ufcstats.com/fight-details/6a7f68feb5c0755d,c51ba89947344bee9661ccd1c7c96d7a,2026-09-08 21:49:40.217843+00:00
Lorenz Larkin,Brad Tavares,0,0,39 of 113,45 of 112,34%,40%,43 of 117,62 of 132,0 of 0,2 of 9,---,22%,0,0,1,0,0:42,3:11,http://ufcstats.com/fight-details/8d6392d59e1ca099,http://ufcstats.com/event-details/30a09e43f15f1d75,http://www.ufcstats.com/fighter-details/9450848a71d53776,http://www.ufcstats.com/fighter-details/0c6d9ea8306c029e,Brad Tavares,Middleweight,Decision - Unanimous,3,5:00,http://ufcstats.com/fight-details/8d6392d59e1ca099,c51ba89947344bee9661ccd1c7c96d7a,2026-09-08 21:49:55.395567+00:00
Max Holloway,Will Chope,2,0,74 of 139,33 of 121,53%,27%,79 of 145,34 of 122,0 of 0,0 of 5,---,0%,0,0,0,0,0:16,1:01,http://ufcstats.com/fight-details/4b69545737f1902a,http://ufcstats.com/event-details/e5c9de15bb58b1c6,http://www.ufcstats.com/fighter-details/150ff4cc642270b9,http://www.ufcstats.com/fighter-details/db5dc7cb80d7d418,Max Holloway,Featherweight,KO/TKO,2,2:27,http://ufcstats.com/fight-details/4b69545737f1902a,c51ba89947344bee9661ccd1c7c96d7a,2026-09-08 21:50:23.730655+00:00
Jim Miller,Fabricio Camoes,0,0,6 of 25,11 of 23,24%,47%,9 of 28,16 of 28,1 of 1,0 of 0,100%,---,1,0,0,0,0:12,1:18,http://ufcstats.com/fight-details/39be68189f2d5074,http://ufcstats.com/event-details/83d0de122f2f9664,http://www.ufcstats.com/fighter-details/d1941565abf50b16,http://www.ufcstats.com/fighter-details/7abe471b61725980,Jim Miller,Lightweight,Submission,1,3:42,http://ufcstats.com/fight-details/39be68189f2d5074,c51ba89947344bee9661ccd1c7c96d7a,2026-09-08 21:50:40.624608+00:00
Dustin Poirier,Diego Brandao,1,0,44 of 87,16 of 48,50%,33%,48 of 94,17 of 49,0 of 0,1 of 2,---,50%,0,0,0,0,0:33,0:13,http://ufcstats.com/fight-details/5e4f358e0bcc2f15,http://ufcstats.com/event-details/83d0de122f2f9664,http://www.ufcstats.com/fighter-details/029eaff01e6bb8f0,http://www.ufcstats.com/fighter-details/c2e3e67b5911bfb7,Dustin Poirier,Featherweight,KO/TKO,1,4:54,http://ufcstats.com/fight-details/5e4f358e0bcc2f15,c51ba89947344bee9661ccd1c7c96d7a,2026-09-08 21:50:42.558343+00:00
Gleison Tibau,Michael Johnson,0,1,12 of 63,22 of 85,19%,25%,17 of 68,23 of 86,0 of 2,0 of 0,0%,---,0,0,0,0,0:59,0:02,http://ufcstats.com/fight-details/b1fd21231f0604e1,http://ufcstats.com/event-details/83d0de122f2f9664,http://www.ufcstats.com/fighter-details/75e5fec9f72910ef,http://www.ufcstats.com/fighter-details/511e82663651438d,Michael Johnson,Lightweight,KO/TKO,2,1:32,http://ufcstats.com/fight-details/b1fd21231f0604e1,c51ba89947344bee9661ccd1c7c96d7a,2026-09-08 21:50:46.263454+00:00
Danny Castillo,Edson Barboza,0,1,55 of 125,43 of 123,44%,34%,67 of 140,43 of 125,1 of 10,0 of 1,10%,0%,1,1,0,0,3:02,0:54,http://ufcstats.com/fight-details/a5c76ead1a2767b6,http://ufcstats.com/event-details/480b702debcb5433,http://www.ufcstats.com/fighter-details/d1e7fc58d4225cdf,http://www.ufcstats.com/fighter-details/64a50dad704d1d49,Edson Barboza,Lightweight,Decision - Majority,3,5:00,http://ufcstats.com/fight-details/a5c76ead1a2767b6,c51ba89947344bee9661ccd1c7c96d7a,2026-09-08 21:51:05.315715+00:00
King Green,Pat Healy,0,0,80 of 138,59 of 227,57%,25%,93 of 152,105 of 285,3 of 6,2 of 9,50%,22%,0,0,0,0,2:30,3:05,http://ufcstats.com/fight-details/f5fb4435faf1ca04,http://ufcstats.com/event-details/480b702debcb5433,http://www.ufcstats.com/fighter-details/887961364be5ceb3,http://www.ufcstats.com/fighter-details/50d2f0018bcf9eef,King Green,Lightweight,Decision - Unanimous,3,5:00,http://ufcstats.com/fight-details/f5fb4435faf1ca04,c51ba89947344bee9661ccd1c7c96d7a,2026-09-08 21:51:07.046217+00:00
Sean Spencer,Drew Dober,0,0,105 of 270,61 of 226,38%,26%,109 of 274,67 of 236,0 of 1,0 of 11,0%,0%,0,0,0,0,0:52,3:04,http://ufcstats.com/fight-details/64e1197b8d5d0706,http://ufcstats.com/event-details/9a967e8e43dcef63,http://www.ufcstats.com/fighter-details/ab850a77a0fa487d,http://www.ufcstats.com/fighter-details/519e4fe37ce9ff75,Sean Spencer,Welterweight,Decision - Unanimous,3,5:00,http://ufcstats.com/fight-details/64e1197b8d5d0706,c51ba89947344bee9661ccd1c7c96d7a,2026-09-08 21:51:52.439219+00:00
Donald Cerrone,Evan Dunham,1,0,32 of 67,24 of 72,47%,33%,34 of 69,29 of 77,1 of 2,0 of 4,50%,0%,1,0,1,1,2:19,1:30,http://ufcstats.com/fight-details/67222a0d79c83086,http://ufcstats.com/event-details/28f3c2258a1d8874,http://www.ufcstats.com/fighter-details/1d00756835ca67c9,http://www.ufcstats.com/fighter-details/e5c9de15bb58b1c6,Donald Cerrone,Lightweight,Submission,2,3:49,http://ufcstats.com/fight-details/67222a0d79c83086,c51ba89947344bee9661ccd1c7c96d7a,2026-09-08 21:52:06.933502+00:00
Rony Jason,Jeremy Stephens,0,1,1 of 5,3 of 3,20%,100%,1 of 5,3 of 3,0 of 0,0 of 0,---,---,0,0,0,0,0:00,0:02,http://ufcstats.com/fight-details/2e042964c6498e7a,http://ufcstats.com/event-details/5d7c18191b8aa432,http://www.ufcstats.com/fighter-details/b71ce838b01f2cad,http://www.ufcstats.com/fighter-details/18968f97ad34f15c,Jeremy Stephens,Featherweight,KO/TKO,1,0:40,http://ufcstats.com/fight-details/2e042964c6498e7a,c51ba89947344bee9661ccd1c7c96d7a,2026-09-08 21:52:29.478785+00:00
King Green,James Krause,1,0,20 of 54,22 of 64,37%,34%,20 of 54,22 of 64,0 of 0,0 of 0,---,---,0,0,0,0,0:00,0:00,http://ufcstats.com/fight-details/2bcb1b0b05e2c739,http://ufcstats.com/event-details/35dc6220b113b7ec,http://www.ufcstats.com/fighter-details/887961364be5ceb3,http://www.ufcstats.com/fighter-details/8f6a18831a120817,King Green,Lightweight,KO/TKO,1,3:50,http://ufcstats.com/fight-details/2bcb1b0b05e2c739,c51ba89947344bee9661ccd1c7c96d7a,2026-09-08 21:52:50.565096+00:00
Neil Magny,Seth Baczynski,0,0,31 of 65,28 of 70,47%,40%,104 of 143,46 of 91,2 of 3,3 of 11,66%,27%,0,0,0,0,2:21,8:25,http://ufcstats.com/fight-details/6017ccf5fa09da34,http://ufcstats.com/event-details/35dc6220b113b7ec,http://www.ufcstats.com/fighter-details/84b3e7d38f2d2ec5,http://www.ufcstats.com/fighter-details/fd5b6598a3b70c0a,Seth Baczynski,Welterweight,Decision - Unanimous,3,5:00,http://ufcstats.com/fight-details/6017ccf5fa09da34,c51ba89947344bee9661ccd1c7c96d7a,2026-09-08 21:53:01.228984+00:00
Rosi Sexton,Jessica Andrade,0,0,88 of 245,206 of 344,35%,59%,111 of 272,215 of 356,1 of 8,1 of 2,12%,50%,0,0,0,0,0:34,1:42,http://ufcstats.com/fight-details/5364d1537fc7d5aa,http://ufcstats.com/event-details/60884f31ead1609c,http://www.ufcstats.com/fighter-details/5dfe71ade71f3a4b,http://www.ufcstats.com/fighter-details/6a1901c62ab3870f,Jessica Andrade,Women's Bantamweight,Decision - Unanimous,3,5:00,http://ufcstats.com/fight-details/5364d1537fc7d5aa,c51ba89947344bee9661ccd1c7c96d7a,2026-09-08 21:53:19.757807+00:00
Gilbert Melendez,Diego Sanchez,0,1,96 of 250,42 of 176,38%,23%,98 of 253,42 of 176,1 of 1,1 of 6,100%,16%,0,2,0,0,0:34,0:48,http://ufcstats.com/fight-details/340d5e6f22ff6ac4,http://ufcstats.com/event-details/eae4aec1a5a8ff01,http://www.ufcstats.com/fighter-details/aa5b4eff51bdc7d1,http://www.ufcstats.com/fighter-details/82e7929bf6c2b689,Gilbert Melendez,Lightweight,Decision - Unanimous,3,5:00,http://ufcstats.com/fight-details/340d5e6f22ff6ac4,c51ba89947344bee9661ccd1c7c96d7a,2026-09-08 21:53:32.052995+00:00
Demian Maia,Jake Shields,0,0,24 of 75,35 of 112,32%,31%,98 of 160,97 of 188,3 of 7,1 of 12,42%,8%,0,0,0,1,5:19,11:44,http://ufcstats.com/fight-details/a41ba2624191bf23,http://ufcstats.com/event-details/43612456979e5d5e,http://www.ufcstats.com/fighter-details/427b5953ac8e3a27,http://www.ufcstats.com/fighter-details/fe435e440b5de0ff,Jake Shields,Welterweight,Decision - Split,5,5:00,http://ufcstats.com/fight-details/a41ba2624191bf23,c51ba89947344bee9661ccd1c7c96d7a,2026-09-08 21:53:52.547718+00:00
Roland Delorme,Alex Caceres,1,0,47 of 115,106 of 162,40%,65%,70 of 140,116 of 174,1 of 9,0 of 0,11%,---,1,0,1,2,1:44,4:24,http://ufcstats.com/fight-details/a605d4153c7dbd84,http://ufcstats.com/event-details/df5a77121ba84a5d,http://www.ufcstats.com/fighter-details/173acb3f920082b8,http://www.ufcstats.com/fighter-details/7aa3d6964eff4877,Alex Caceres,Bantamweight,Decision - Split,3,5:00,http://ufcstats.com/fight-details/a605d4153c7dbd84,c51ba89947344bee9661ccd1c7c96d7a,2026-09-08 21:54:31.040588+00:00
Frank Mir,Josh Barnett,0,1,9 of 16,26 of 38,56%,68%,20 of 29,33 of 46,0 of 0,0 of 0,---,---,0,0,0,0,0:00,1:10,http://ufcstats.com/fight-details/aac887ea8a83d7a4,http://ufcstats.com/event-details/980b4e712489098e,http://www.ufcstats.com/fighter-details/1ff9589f9065a9ed,http://www.ufcstats.com/fighter-details/ad3f53c454cbbead,Josh Barnett,Heavyweight,KO/TKO,1,1:56,http://ufcstats.com/fight-details/aac887ea8a83d7a4,c51ba89947344bee9661ccd1c7c96d7a,2026-09-08 21:54:58.364147+00:00
Chad Mendes,Clay Guida,1,0,32 of 66,17 of 99,48%,17%,40 of 74,19 of 101,3 of 5,0 of 4,60%,0%,1,0,0,0,3:07,0:05,http://ufcstats.com/fight-details/fef6b147d5fb90bd,http://ufcstats.com/event-details/980b4e712489098e,http://www.ufcstats.com/fighter-details/b5b684eac99ae0a3,http://www.ufcstats.com/fighter-details/c47df9303d318c67,Chad Mendes,Featherweight,KO/TKO,3,0:30,http://ufcstats.com/fight-details/fef6b147d5fb90bd,c51ba89947344bee9661ccd1c7c96d7a,2026-09-08 21:55:00.214586+00:00
Erik Koch,Dustin Poirier,0,2,32 of 74,54 of 92,43%,58%,50 of 93,74 of 112,0 of 0,2 of 6,---,33%,5,2,0,0,3:29,7:31,http://ufcstats.com/fight-details/af51920a3e176995,http://ufcstats.com/event-details/980b4e712489098e,http://www.ufcstats.com/fighter-details/99bd87a300079ed9,http://www.ufcstats.com/fighter-details/029eaff01e6bb8f0,Dustin Poirier,Featherweight,Decision - Unanimous,3,5:00,http://ufcstats.com/fight-details/af51920a3e176995,c51ba89947344bee9661ccd1c7c96d7a,2026-09-08 21:55:04.212614+00:00
Jamie Varner,Gleison Tibau,0,0,37 of 76,26 of 55,48%,47%,63 of 104,55 of 84,1 of 3,2 of 4,33%,50%,1,0,0,0,1:58,5:41,http://ufcstats.com/fight-details/7b13fdc889028e66,http://ufcstats.com/event-details/980b4e712489098e,http://www.ufcstats.com/fighter-details/a54fc2d6fc224dc3,http://www.ufcstats.com/fighter-details/75e5fec9f72910ef,Gleison Tibau,Lightweight,Decision - Split,3,5:00,http://ufcstats.com/fight-details/7b13fdc889028e66,c51ba89947344bee9661ccd1c7c96d7a,2026-09-08 21:55:05.955453+00:00
Donald Cerrone,Rafael Dos Anjos,0,1,40 of 80,39 of 109,50%,35%,43 of 83,58 of 128,1 of 1,2 of 6,100%,33%,0,0,0,0,1:00,3:50,http://ufcstats.com/fight-details/ca17e1385ef98e57,http://ufcstats.com/event-details/e5c38954c006f15c,http://www.ufcstats.com/fighter-details/1d00756835ca67c9,http://www.ufcstats.com/fighter-details/6a2f7c151031653d,Rafael Dos Anjos,Lightweight,Decision - Unanimous,3,5:00,http://ufcstats.com/fight-details/ca17e1385ef98e57,c51ba89947344bee9661ccd1c7c96d7a,2026-09-08 21:55:21.411773+00:00
Brad Tavares,Robert McDaniel,0,0,30 of 79,14 of 56,37%,25%,38 of 87,35 of 78,0 of 1,1 of 3,0%,33%,0,0,0,0,1:37,4:41,http://ufcstats.com/fight-details/8ab4682a544f3c49,http://ufcstats.com/event-details/e5c38954c006f15c,http://www.ufcstats.com/fighter-details/0c6d9ea8306c029e,http://www.ufcstats.com/fighter-details/5cafbc97dba2e797,Brad Tavares,Middleweight,Decision - Unanimous,3,5:00,http://ufcstats.com/fight-details/8ab4682a544f3c49,c51ba89947344bee9661ccd1c7c96d7a,2026-09-08 21:55:28.980038+00:00
Darren Elkins,Hatsu Hioki,0,0,48 of 144,31 of 69,33%,44%,100 of 205,73 of 114,2 of 5,1 of 1,40%,100%,0,0,0,1,7:00,1:30,http://ufcstats.com/fight-details/dd1131c208475365,http://ufcstats.com/event-details/e5c38954c006f15c,http://www.ufcstats.com/fighter-details/92a9aa9c93192871,http://www.ufcstats.com/fighter-details/ef7fa30364cbe7f2,Darren Elkins,Featherweight,Decision - Unanimous,3,5:00,http://ufcstats.com/fight-details/dd1131c208475365,c51ba89947344bee9661ccd1c7c96d7a,2026-09-08 21:55:34.135694+00:00
Matt Brown,Mike Pyle,1,0,10 of 18,0 of 3,55%,0%,10 of 18,0 of 3,0 of 0,0 of 0,---,---,0,0,0,0,0:06,0:00,http://ufcstats.com/fight-details/85ee3b5995874141,http://ufcstats.com/event-details/cf1a88371c8cb690,http://www.ufcstats.com/fighter-details/31123249b0bbf52e,http://www.ufcstats.com/fighter-details/f5990c11974d8e9c,Matt Brown,Welterweight,KO/TKO,1,0:29,http://ufcstats.com/fight-details/85ee3b5995874141,c51ba89947344bee9661ccd1c7c96d7a,2026-09-08 21:55:47.302726+00:00
Joe Lauzon,Michael Johnson,0,2,25 of 109,116 of 255,22%,45%,28 of 112,119 of 259,0 of 4,2 of 2,0%,100%,0,0,0,0,0:28,1:01,http://ufcstats.com/fight-details/320580a92d5c2924,http://ufcstats.com/event-details/cf1a88371c8cb690,http://www.ufcstats.com/fighter-details/3bad7ef643840f67,http://www.ufcstats.com/fighter-details/511e82663651438d,Michael Johnson,Lightweight,Decision - Unanimous,3,5:00,http://ufcstats.com/fight-details/320580a92d5c2924,c51ba89947344bee9661ccd1c7c96d7a,2026-09-08 21:55:50.910022+00:00
Conor McGregor,Max Holloway,0,0,53 of 153,23 of 93,34%,24%,71 of 173,32 of 104,4 of 5,0 of 0,80%,---,0,0,0,0,6:26,0:00,http://ufcstats.com/fight-details/5d839e4eda09d6e4,http://ufcstats.com/event-details/cf1a88371c8cb690,http://www.ufcstats.com/fighter-details/f4c49976c75c5ab2,http://www.ufcstats.com/fighter-details/150ff4cc642270b9,Conor McGregor,Featherweight,Decision - Unanimous,3,5:00,http://ufcstats.com/fight-details/5d839e4eda09d6e4,c51ba89947344bee9661ccd1c7c96d7a,2026-09-08 21:55:54.385078+00:00
Cody Donovan,Ovince Saint Preux,0,0,10 of 15,6 of 11,66%,54%,18 of 23,8 of 13,0 of 3,0 of 0,0%,---,0,0,0,0,1:12,0:10,http://ufcstats.com/fight-details/5135e078b807f9a2,http://ufcstats.com/event-details/cf1a88371c8cb690,http://www.ufcstats.com/fighter-details/7bc96507e4b38d3b,http://www.ufcstats.com/fighter-details/50db8711c70196cd,Ovince Saint Preux,Light Heavyweight,KO/TKO,1,2:07,http://ufcstats.com/fight-details/5135e078b807f9a2,c51ba89947344bee9661ccd1c7c96d7a,2026-09-08 21:56:01.538853+00:00
Sergio Moraes,Neil Magny,0,0,13 of 20,7 of 29,65%,24%,13 of 20,9 of 31,1 of 1,0 of 0,100%,---,1,0,0,0,1:06,0:21,http://ufcstats.com/fight-details/3846db1456151f80,http://ufcstats.com/event-details/ebc5af72ad5a28cb,http://www.ufcstats.com/fighter-details/1bcaac2d99b90fce,http://www.ufcstats.com/fighter-details/84b3e7d38f2d2ec5,Sergio Moraes,Welterweight,Submission,1,3:13,http://ufcstats.com/fight-details/3846db1456151f80,c51ba89947344bee9661ccd1c7c96d7a,2026-09-08 21:56:18.440757+00:00
Liz Carmouche,Jessica Andrade,0,0,50 of 83,10 of 15,60%,66%,114 of 166,14 of 20,3 of 3,1 of 1,100%,100%,1,1,0,0,7:53,0:21,http://ufcstats.com/fight-details/c543563958093446,http://ufcstats.com/event-details/5330fe7e4c3af81c,http://www.ufcstats.com/fighter-details/51a0c09cbe9b8472,http://www.ufcstats.com/fighter-details/6a1901c62ab3870f,Liz Carmouche,Women's Bantamweight,KO/TKO,2,3:57,http://ufcstats.com/fight-details/c543563958093446,c51ba89947344bee9661ccd1c7c96d7a,2026-09-08 21:56:34.214102+00:00
Danny Castillo,Tim Means,0,0,25 of 79,38 of 93,31%,40%,59 of 115,126 of 184,6 of 8,0 of 0,75%,---,0,0,0,1,5:36,0:41,http://ufcstats.com/fight-details/dbd0ffc84699ad6b,http://ufcstats.com/event-details/5330fe7e4c3af81c,http://www.ufcstats.com/fighter-details/d1e7fc58d4225cdf,http://www.ufcstats.com/fighter-details/4b47e71384a9522f,Danny Castillo,Lightweight,Decision - Unanimous,3,5:00,http://ufcstats.com/fight-details/dbd0ffc84699ad6b,c51ba89947344bee9661ccd1c7c96d7a,2026-09-08 21:56:37.646966+00:00
Frankie Edgar,Charles Oliveira,0,0,81 of 146,38 of 125,55%,30%,114 of 182,59 of 146,2 of 5,0 of 4,40%,0%,0,1,0,0,5:01,0:01,http://ufcstats.com/fight-details/6453b20a65c62cfe,http://ufcstats.com/event-details/e0b74df14f52cd15,http://www.ufcstats.com/fighter-details/f2688492b9a525a3,http://www.ufcstats.com/fighter-details/07225ba28ae309b6,Frankie Edgar,Featherweight,Decision - Unanimous,3,5:00,http://ufcstats.com/fight-details/6453b20a65c62cfe,c51ba89947344bee9661ccd1c7c96d7a,2026-09-08 21:56:53.169138+00:00
Edson Barboza,Rafaello Oliveira,1,0,49 of 89,19 of 42,55%,45%,49 of 89,19 of 42,0 of 0,0 of 5,---,0%,0,0,0,0,0:12,0:02,http://ufcstats.com/fight-details/005723fb99440272,http://ufcstats.com/event-details/e0b74df14f52cd15,http://www.ufcstats.com/fighter-details/64a50dad704d1d49,http://www.ufcstats.com/fighter-details/15b1b21cd743d652,Edson Barboza,Lightweight,KO/TKO,2,1:44,http://ufcstats.com/fight-details/005723fb99440272,c51ba89947344bee9661ccd1c7c96d7a,2026-09-08 21:57:05.542683+00:00
Donald Cerrone,KJ Noons,0,0,78 of 152,42 of 122,51%,34%,130 of 213,56 of 136,4 of 7,0 of 0,57%,---,0,0,0,0,5:47,0:00,http://ufcstats.com/fight-details/3f19bab8de698eb0,http://ufcstats.com/event-details/3c241737a6069b9f,http://www.ufcstats.com/fighter-details/1d00756835ca67c9,http://www.ufcstats.com/fighter-details/b7ffa72aa148599a,Donald Cerrone,Lightweight,Decision - Unanimous,3,5:00,http://ufcstats.com/fight-details/3f19bab8de698eb0,c51ba89947344bee9661ccd1c7c96d7a,2026-09-08 21:58:02.177412+00:00
Dennis Bermudez,Max Holloway,0,0,73 of 225,75 of 193,32%,38%,78 of 231,79 of 197,4 of 9,0 of 1,44%,0%,0,0,0,0,3:29,0:09,http://ufcstats.com/fight-details/149a0b38fa02e647,http://ufcstats.com/event-details/3c241737a6069b9f,http://www.ufcstats.com/fighter-details/6f242453c91a5af0,http://www.ufcstats.com/fighter-details/150ff4cc642270b9,Dennis Bermudez,Featherweight,Decision - Split,3,5:00,http://ufcstats.com/fight-details/149a0b38fa02e647,c51ba89947344bee9661ccd1c7c96d7a,2026-09-08 21:58:05.562836+00:00
Jeremy Stephens,Estevan Payan,0,0,49 of 88,25 of 94,55%,26%,82 of 123,46 of 118,6 of 10,0 of 0,60%,---,1,1,0,0,9:04,0:17,http://ufcstats.com/fight-details/172dfd6cab9b627b,http://ufcstats.com/event-details/3c241737a6069b9f,http://www.ufcstats.com/fighter-details/18968f97ad34f15c,http://www.ufcstats.com/fighter-details/d0a5ef38a7778ac2,Jeremy Stephens,Featherweight,Decision - Unanimous,3,5:00,http://ufcstats.com/fight-details/172dfd6cab9b627b,c51ba89947344bee9661ccd1c7c96d7a,2026-09-08 21:58:14.056140+00:00
Rafael Dos Anjos,Evan Dunham,0,0,66 of 183,68 of 270,36%,25%,86 of 204,90 of 295,0 of 2,3 of 7,0%,42%,0,0,0,0,0:42,2:40,http://ufcstats.com/fight-details/05f8696303709939,http://ufcstats.com/event-details/030f08370fd1c2bb,http://www.ufcstats.com/fighter-details/6a2f7c151031653d,http://www.ufcstats.com/fighter-details/e5c9de15bb58b1c6,Rafael Dos Anjos,Lightweight,Decision - Unanimous,3,5:00,http://ufcstats.com/fight-details/05f8696303709939,c51ba89947344bee9661ccd1c7c96d7a,2026-09-08 21:58:20.834162+00:00
Gleison Tibau,John Cholish,0,0,21 of 67,9 of 26,31%,34%,23 of 69,9 of 26,2 of 4,0 of 1,50%,0%,1,0,0,0,1:28,0:07,http://ufcstats.com/fight-details/edc4e54d5258eea8,http://ufcstats.com/event-details/030f08370fd1c2bb,http://www.ufcstats.com/fighter-details/75e5fec9f72910ef,http://www.ufcstats.com/fighter-details/03c9994c5b8958ec,Gleison Tibau,Lightweight,Submission,2,2:34,http://ufcstats.com/fight-details/edc4e54d5258eea8,c51ba89947344bee9661ccd1c7c96d7a,2026-09-08 21:58:27.352320+00:00
Michael Bisping,Alan Belcher,0,0,93 of 225,29 of 150,41%,19%,94 of 226,29 of 150,0 of 0,0 of 3,---,0%,0,0,0,0,0:08,0:00,http://ufcstats.com/fight-details/1ac61e415deca2fe,http://ufcstats.com/event-details/ea0ad155451ed1f5,http://www.ufcstats.com/fighter-details/2b93ebd9f5417ad2,http://www.ufcstats.com/fighter-details/4130a743d9d22163,Michael Bisping,Middleweight,Decision - Unanimous,3,4:31,http://ufcstats.com/fight-details/1ac61e415deca2fe,c51ba89947344bee9661ccd1c7c96d7a,2026-09-08 21:58:47.031091+00:00
Jim Miller,Pat Healy,0,0,27 of 57,53 of 95,47%,55%,41 of 71,135 of 184,1 of 1,5 of 7,100%,71%,0,2,1,0,3:01,7:06,http://ufcstats.com/fight-details/bb59b82bddc96cca,http://ufcstats.com/event-details/ea0ad155451ed1f5,http://www.ufcstats.com/fighter-details/d1941565abf50b16,http://www.ufcstats.com/fighter-details/50d2f0018bcf9eef,nc,Lightweight,Overturned,3,4:02,http://ufcstats.com/fight-details/bb59b82bddc96cca,c51ba89947344bee9661ccd1c7c96d7a,2026-09-08 21:58:52.249593+00:00
Gian Villante,Ovince Saint Preux,0,0,28 of 50,47 of 84,56%,55%,35 of 57,57 of 94,0 of 4,0 of 2,0%,0%,0,0,0,0,1:12,0:42,http://ufcstats.com/fight-details/523e8ca343a0becc,http://ufcstats.com/event-details/ea0ad155451ed1f5,http://www.ufcstats.com/fighter-details/fcd448a2fe1a23cc,http://www.ufcstats.com/fighter-details/50db8711c70196cd,Ovince Saint Preux,Light Heavyweight,Decision - Majority,3,0:33,http://ufcstats.com/fight-details/523e8ca343a0becc,c51ba89947344bee9661ccd1c7c96d7a,2026-09-08 21:58:55.731902+00:00
Frank Mir,Daniel Cormier,0,0,24 of 60,59 of 96,40%,61%,53 of 89,102 of 139,0 of 0,0 of 1,---,0%,0,0,0,0,0:18,7:34,http://ufcstats.com/fight-details/4dd561df1ca58ab8,http://ufcstats.com/event-details/aa79d5399571068e,http://www.ufcstats.com/fighter-details/1ff9589f9065a9ed,http://www.ufcstats.com/fighter-details/d967f0128c323de6,Daniel Cormier,Heavyweight,Decision - Unanimous,3,5:00,http://ufcstats.com/fight-details/4dd561df1ca58ab8,c51ba89947344bee9661ccd1c7c96d7a,2026-09-08 21:59:07.913526+00:00
Matt Brown,Jordan Mein,0,1,40 of 84,24 of 58,47%,41%,41 of 85,25 of 59,0 of 1,0 of 0,0%,---,1,0,0,0,0:35,1:28,http://ufcstats.com/fight-details/004885f7983f4658,http://ufcstats.com/event-details/aa79d5399571068e,http://www.ufcstats.com/fighter-details/31123249b0bbf52e,http://www.ufcstats.com/fighter-details/2aa49b3766a59bcd,Matt Brown,Welterweight,KO/TKO,2,1:00,http://ufcstats.com/fight-details/004885f7983f4658,c51ba89947344bee9661ccd1c7c96d7a,2026-09-08 21:59:11.303717+00:00
Chad Mendes,Darren Elkins,1,0,7 of 14,2 of 29,50%,6%,7 of 14,2 of 29,0 of 0,0 of 0,---,---,0,0,0,0,0:03,0:00,http://ufcstats.com/fight-details/d13ea6559225991f,http://ufcstats.com/event-details/aa79d5399571068e,http://www.ufcstats.com/fighter-details/b5b684eac99ae0a3,http://www.ufcstats.com/fighter-details/92a9aa9c93192871,Chad Mendes,Featherweight,KO/TKO,1,1:08,http://ufcstats.com/fight-details/d13ea6559225991f,c51ba89947344bee9661ccd1c7c96d7a,2026-09-08 21:59:13.016801+00:00
Tim Means,Jorge Masvidal,0,0,43 of 133,50 of 132,32%,37%,68 of 161,71 of 157,0 of 1,6 of 8,0%,75%,0,0,1,0,0:18,7:21,http://ufcstats.com/fight-details/786033c27fdaa020,http://ufcstats.com/event-details/aa79d5399571068e,http://www.ufcstats.com/fighter-details/4b47e71384a9522f,http://www.ufcstats.com/fighter-details/47b9e0e7703a4868,Jorge Masvidal,Lightweight,Decision - Unanimous,3,5:00,http://ufcstats.com/fight-details/786033c27fdaa020,c51ba89947344bee9661ccd1c7c96d7a,2026-09-08 21:59:20.417990+00:00
Reza Madadi,Michael Johnson,0,1,34 of 46,20 of 64,73%,31%,79 of 98,21 of 66,4 of 6,0 of 0,66%,---,2,0,0,0,6:07,1:49,http://ufcstats.com/fight-details/bc0779b232828e67,http://ufcstats.com/event-details/6291ac0a3726732f,http://www.ufcstats.com/fighter-details/e25bcbcdaf6537a1,http://www.ufcstats.com/fighter-details/511e82663651438d,Reza Madadi,Lightweight,Submission,3,1:33,http://ufcstats.com/fight-details/bc0779b232828e67,c51ba89947344bee9661ccd1c7c96d7a,2026-09-08 22:00:01.372464+00:00
Antonio Carvalho,Darren Elkins,0,1,9 of 27,14 of 54,33%,25%,13 of 31,19 of 59,0 of 0,0 of 2,---,0%,0,0,0,0,0:06,0:22,http://ufcstats.com/fight-details/7b9de06ef8c09ba6,http://ufcstats.com/event-details/f1b2a4365799c48b,http://www.ufcstats.com/fighter-details/fef3d17e27e916e7,http://www.ufcstats.com/fighter-details/92a9aa9c93192871,Darren Elkins,Featherweight,KO/TKO,1,3:06,http://ufcstats.com/fight-details/7b9de06ef8c09ba6,c51ba89947344bee9661ccd1c7c96d7a,2026-09-08 22:00:24.819549+00:00
Takanori Gomi,Diego Sanchez,0,0,81 of 180,65 of 145,45%,44%,81 of 180,68 of 149,0 of 0,2 of 5,---,40%,0,1,0,0,0:03,0:20,http://ufcstats.com/fight-details/1acde2739237c4f8,http://ufcstats.com/event-details/83c6c3e0f8bde8ee,http://www.ufcstats.com/fighter-details/3be081c29bf734d9,http://www.ufcstats.com/fighter-details/82e7929bf6c2b689,Diego Sanchez,Lightweight,Decision - Split,3,5:00,http://ufcstats.com/fight-details/1acde2739237c4f8,c51ba89947344bee9661ccd1c7c96d7a,2026-09-08 22:00:40.276840+00:00
Riki Fukuda,Brad Tavares,0,0,69 of 172,116 of 254,40%,45%,75 of 182,131 of 270,1 of 1,0 of 0,100%,---,0,0,0,0,1:00,0:00,http://ufcstats.com/fight-details/c79c00f5443c2f6e,http://ufcstats.com/event-details/83c6c3e0f8bde8ee,http://www.ufcstats.com/fighter-details/7c35f869033901ae,http://www.ufcstats.com/fighter-details/0c6d9ea8306c029e,Brad Tavares,Middleweight,Decision - Unanimous,3,5:00,http://ufcstats.com/fight-details/c79c00f5443c2f6e,c51ba89947344bee9661ccd1c7c96d7a,2026-09-08 22:00:47.156566+00:00
Alex Caceres,Kyung Ho Kang,0,0,30 of 56,16 of 43,53%,37%,80 of 112,33 of 69,0 of 0,5 of 9,---,55%,0,0,3,2,4:55,6:17,http://ufcstats.com/fight-details/be70a2f68f6ad3e7,http://ufcstats.com/event-details/83c6c3e0f8bde8ee,http://www.ufcstats.com/fighter-details/7aa3d6964eff4877,http://www.ufcstats.com/fighter-details/a7897d200692ab64,nc,Bantamweight,Overturned,3,5:00,http://ufcstats.com/fight-details/be70a2f68f6ad3e7,c51ba89947344bee9661ccd1c7c96d7a,2026-09-08 22:00:52.166737+00:00
Jon Manley,Neil Magny,0,0,17 of 85,65 of 120,20%,54%,35 of 112,97 of 158,1 of 13,4 of 5,7%,80%,0,0,0,1,5:28,5:06,http://ufcstats.com/fight-details/919ddc634c54ad20,http://ufcstats.com/event-details/09c44b317c98bf96,http://www.ufcstats.com/fighter-details/a0602dd050bebefc,http://www.ufcstats.com/fighter-details/84b3e7d38f2d2ec5,Neil Magny,Welterweight,Decision - Unanimous,3,5:00,http://ufcstats.com/fight-details/919ddc634c54ad20,c51ba89947344bee9661ccd1c7c96d7a,2026-09-08 22:01:14.597165+00:00
Cub Swanson,Dustin Poirier,0,0,58 of 126,58 of 140,46%,41%,80 of 150,70 of 158,2 of 2,2 of 9,100%,22%,0,0,0,0,3:01,4:01,http://ufcstats.com/fight-details/493b7a8e3253b133,http://ufcstats.com/event-details/4679a38cced7c64a,http://www.ufcstats.com/fighter-details/d247691a6c0e9034,http://www.ufcstats.com/fighter-details/029eaff01e6bb8f0,Cub Swanson,Featherweight,Decision - Unanimous,3,5:00,http://ufcstats.com/fight-details/493b7a8e3253b133,c51ba89947344bee9661ccd1c7c96d7a,2026-09-08 22:01:21.258004+00:00
Jose Aldo,Frankie Edgar,0,0,76 of 253,60 of 272,30%,22%,76 of 253,63 of 275,0 of 0,2 of 11,---,18%,0,0,0,0,0:05,0:57,http://ufcstats.com/fight-details/1c4e4b3358089960,http://ufcstats.com/event-details/601cf40c09090853,http://www.ufcstats.com/fighter-details/d0f3959b4a9747e6,http://www.ufcstats.com/fighter-details/f2688492b9a525a3,Jose Aldo,Featherweight,Decision - Unanimous,5,5:00,http://ufcstats.com/fight-details/1c4e4b3358089960,c51ba89947344bee9661ccd1c7c96d7a,2026-09-08 22:01:42.466891+00:00
Jon Fitch,Demian Maia,0,0,6 of 16,12 of 17,37%,70%,36 of 55,63 of 74,0 of 0,7 of 17,---,41%,1,3,0,0,0:34,12:54,http://ufcstats.com/fight-details/171eb38b335030d3,http://ufcstats.com/event-details/601cf40c09090853,http://www.ufcstats.com/fighter-details/6f018c039b4d5d80,http://www.ufcstats.com/fighter-details/427b5953ac8e3a27,Demian Maia,Welterweight,Decision - Unanimous,3,5:00,http://ufcstats.com/fight-details/171eb38b335030d3,c51ba89947344bee9661ccd1c7c96d7a,2026-09-08 22:01:47.982450+00:00
Gleison Tibau,Evan Dunham,0,0,37 of 169,91 of 237,21%,38%,37 of 169,98 of 245,2 of 9,0 of 9,22%,0%,1,0,0,0,1:49,1:33,http://ufcstats.com/fight-details/1d43112d98de273a,http://ufcstats.com/event-details/601cf40c09090853,http://www.ufcstats.com/fighter-details/75e5fec9f72910ef,http://www.ufcstats.com/fighter-details/e5c9de15bb58b1c6,Evan Dunham,Lightweight,Decision - Split,3,5:00,http://ufcstats.com/fight-details/1d43112d98de273a,c51ba89947344bee9661ccd1c7c96d7a,2026-09-08 22:01:50.942445+00:00
Jacob Volkmann,King Green,0,0,6 of 51,54 of 90,11%,60%,11 of 60,69 of 106,4 of 12,1 of 1,33%,100%,0,1,0,2,5:38,4:34,http://ufcstats.com/fight-details/cd03bff050e53625,http://ufcstats.com/event-details/601cf40c09090853,http://www.ufcstats.com/fighter-details/6f81b6de2557739a,http://www.ufcstats.com/fighter-details/887961364be5ceb3,King Green,Lightweight,Submission,3,4:25,http://ufcstats.com/fight-details/cd03bff050e53625,c51ba89947344bee9661ccd1c7c96d7a,2026-09-08 22:01:54.424109+00:00
Anthony Pettis,Donald Cerrone,1,0,18 of 28,4 of 12,64%,33%,18 of 28,4 of 12,0 of 0,0 of 0,---,---,0,0,0,0,0:02,0:00,http://ufcstats.com/fight-details/bddf441908777c0c,http://ufcstats.com/event-details/738acab0c6934dd8,http://www.ufcstats.com/fighter-details/cbb682f5fcc44bfc,http://www.ufcstats.com/fighter-details/1d00756835ca67c9,Anthony Pettis,Lightweight,KO/TKO,1,2:35,http://ufcstats.com/fight-details/bddf441908777c0c,c51ba89947344bee9661ccd1c7c96d7a,2026-09-08 22:02:06.049147+00:00
Clay Guida,Hatsu Hioki,0,0,26 of 112,41 of 99,23%,41%,40 of 136,74 of 138,3 of 6,0 of 0,50%,---,0,1,0,0,8:34,0:10,http://ufcstats.com/fight-details/76690fbdcaa85c21,http://ufcstats.com/event-details/738acab0c6934dd8,http://www.ufcstats.com/fighter-details/c47df9303d318c67,http://www.ufcstats.com/fighter-details/ef7fa30364cbe7f2,Clay Guida,Featherweight,Decision - Split,3,5:00,http://ufcstats.com/fight-details/76690fbdcaa85c21,c51ba89947344bee9661ccd1c7c96d7a,2026-09-08 22:02:11.006101+00:00
Vitor Belfort,Michael Bisping,1,0,18 of 53,14 of 66,33%,21%,19 of 54,14 of 66,0 of 0,0 of 1,---,0%,0,0,0,0,0:06,0:00,http://ufcstats.com/fight-details/b51d691b9f5603a8,http://ufcstats.com/event-details/56f4b81ec4db61af,http://www.ufcstats.com/fighter-details/0ee783aa00e468f0,http://www.ufcstats.com/fighter-details/2b93ebd9f5417ad2,Vitor Belfort,Middleweight,KO/TKO,2,1:27,http://ufcstats.com/fight-details/b51d691b9f5603a8,c51ba89947344bee9661ccd1c7c96d7a,2026-09-08 22:02:22.686936+00:00
Edson Barboza,Lucas Martins,1,0,26 of 45,12 of 31,57%,38%,29 of 49,12 of 31,0 of 0,0 of 0,---,---,0,0,0,0,0:10,0:00,http://ufcstats.com/fight-details/470f6fdd47f671fd,http://ufcstats.com/event-details/56f4b81ec4db61af,http://www.ufcstats.com/fighter-details/64a50dad704d1d49,http://www.ufcstats.com/fighter-details/7413b80dbb0f8f9f,Edson Barboza,Lightweight,KO/TKO,1,2:38,http://ufcstats.com/fight-details/470f6fdd47f671fd,c51ba89947344bee9661ccd1c7c96d7a,2026-09-08 22:02:34.548015+00:00
Jim Miller,Joe Lauzon,0,0,91 of 204,35 of 123,44%,28%,96 of 210,40 of 128,1 of 1,0 of 1,100%,0%,2,3,0,1,3:11,2:06,http://ufcstats.com/fight-details/5d7a720a2e2f4749,http://ufcstats.com/event-details/c6e6926a81adcd00,http://www.ufcstats.com/fighter-details/d1941565abf50b16,http://www.ufcstats.com/fighter-details/3bad7ef643840f67,Jim Miller,Lightweight,Decision - Unanimous,3,5:00,http://ufcstats.com/fight-details/5d7a720a2e2f4749,c51ba89947344bee9661ccd1c7c96d7a,2026-09-08 22:02:44.594227+00:00
Michael Johnson,Myles Jury,0,0,6 of 41,56 of 121,14%,46%,10 of 45,125 of 209,0 of 0,3 of 6,---,50%,0,1,0,0,0:00,10:32,http://ufcstats.com/fight-details/85f67de8e9dc5689,http://ufcstats.com/event-details/c6e6926a81adcd00,http://www.ufcstats.com/fighter-details/511e82663651438d,http://www.ufcstats.com/fighter-details/08e908ed6d18d6a0,Myles Jury,Lightweight,Decision - Unanimous,3,5:00,http://ufcstats.com/fight-details/85f67de8e9dc5689,c51ba89947344bee9661ccd1c7c96d7a,2026-09-08 22:02:56.792604+00:00
Leonard Garcia,Max Holloway,0,1,89 of 359,120 of 269,24%,44%,92 of 367,122 of 273,2 of 4,0 of 0,50%,---,0,0,0,0,1:37,0:08,http://ufcstats.com/fight-details/a551d93167533459,http://ufcstats.com/event-details/c6e6926a81adcd00,http://www.ufcstats.com/fighter-details/917e53fa0adea0d3,http://www.ufcstats.com/fighter-details/150ff4cc642270b9,Max Holloway,Featherweight,Decision - Split,3,5:00,http://ufcstats.com/fight-details/a551d93167533459,c51ba89947344bee9661ccd1c7c96d7a,2026-09-08 22:03:00.305893+00:00
Dustin Poirier,Jonathan Brookins,0,0,35 of 73,26 of 54,47%,48%,38 of 76,26 of 54,0 of 2,0 of 2,0%,0%,1,0,0,0,1:09,0:27,http://ufcstats.com/fight-details/e88c59ad88e9dc27,http://ufcstats.com/event-details/c6da1c24fe473418,http://www.ufcstats.com/fighter-details/029eaff01e6bb8f0,http://www.ufcstats.com/fighter-details/b0a6124751a56bc4,Dustin Poirier,Featherweight,Submission,1,4:15,http://ufcstats.com/fight-details/e88c59ad88e9dc27,c51ba89947344bee9661ccd1c7c96d7a,2026-09-08 22:03:11.314273+00:00
Mike Swick,Matt Brown,0,1,9 of 29,25 of 39,31%,64%,19 of 42,37 of 52,0 of 2,1 of 1,0%,100%,0,2,0,0,3:00,0:59,http://ufcstats.com/fight-details/405cbbcaa79db24b,http://ufcstats.com/event-details/d1e6a6536ee62517,http://www.ufcstats.com/fighter-details/9fe85152f351e737,http://www.ufcstats.com/fighter-details/31123249b0bbf52e,Matt Brown,Welterweight,KO/TKO,2,2:31,http://ufcstats.com/fight-details/405cbbcaa79db24b,c51ba89947344bee9661ccd1c7c96d7a,2026-09-08 22:03:49.828192+00:00
Yves Edwards,Jeremy Stephens,1,0,8 of 21,5 of 21,38%,23%,12 of 26,6 of 22,0 of 1,0 of 1,0%,0%,0,0,0,0,0:06,0:02,http://ufcstats.com/fight-details/9caaca5748ea9086,http://ufcstats.com/event-details/d1e6a6536ee62517,http://www.ufcstats.com/fighter-details/5f04e3d58d9ce982,http://www.ufcstats.com/fighter-details/18968f97ad34f15c,Yves Edwards,Lightweight,KO/TKO,1,1:55,http://ufcstats.com/fight-details/9caaca5748ea9086,c51ba89947344bee9661ccd1c7c96d7a,2026-09-08 22:03:51.573664+00:00
Mark Bocek,Rafael Dos Anjos,0,0,19 of 59,54 of 134,32%,40%,33 of 73,90 of 172,0 of 11,4 of 5,0%,80%,1,0,0,0,3:42,4:08,http://ufcstats.com/fight-details/a65cf6951e097273,http://ufcstats.com/event-details/d41937647eae9a34,http://www.ufcstats.com/fighter-details/cf9d24e4bd0cf2ce,http://www.ufcstats.com/fighter-details/6a2f7c151031653d,Rafael Dos Anjos,Lightweight,Decision - Unanimous,3,5:00,http://ufcstats.com/fight-details/a65cf6951e097273,c51ba89947344bee9661ccd1c7c96d7a,2026-09-08 22:04:10.503546+00:00
Steven Siler,Darren Elkins,0,0,15 of 48,44 of 91,31%,48%,61 of 96,103 of 159,0 of 0,6 of 7,---,85%,1,6,0,0,0:14,11:19,http://ufcstats.com/fight-details/e843a7a6f49db3bb,http://ufcstats.com/event-details/d41937647eae9a34,http://www.ufcstats.com/fighter-details/d188a3b817860ec6,http://www.ufcstats.com/fighter-details/92a9aa9c93192871,Darren Elkins,Featherweight,Decision - Unanimous,3,5:00,http://ufcstats.com/fight-details/e843a7a6f49db3bb,c51ba89947344bee9661ccd1c7c96d7a,2026-09-08 22:04:24.145532+00:00
Alex Caceres,Motonobu Tezuka,0,0,64 of 124,22 of 75,51%,29%,83 of 143,40 of 108,0 of 0,2 of 12,---,16%,0,0,0,0,1:11,3:43,http://ufcstats.com/fight-details/01993fb1d4b34b21,http://ufcstats.com/event-details/319fa1bd3176bded,http://www.ufcstats.com/fighter-details/7aa3d6964eff4877,http://www.ufcstats.com/fighter-details/d34636a85f0f4c90,Alex Caceres,Bantamweight,Decision - Split,3,5:00,http://ufcstats.com/fight-details/01993fb1d4b34b21,c51ba89947344bee9661ccd1c7c96d7a,2026-09-08 22:04:37.881091+00:00
Demian Maia,Rick Story,0,0,5 of 8,3 of 5,62%,60%,9 of 12,10 of 12,3 of 5,0 of 0,60%,---,1,0,0,0,2:14,0:00,http://ufcstats.com/fight-details/219610bc6e7d9196,http://ufcstats.com/event-details/96d173b7f92aa520,http://www.ufcstats.com/fighter-details/427b5953ac8e3a27,http://www.ufcstats.com/fighter-details/5b5307450405abf0,Demian Maia,Welterweight,Submission,1,2:30,http://ufcstats.com/fight-details/219610bc6e7d9196,c51ba89947344bee9661ccd1c7c96d7a,2026-09-08 22:04:53.406526+00:00
Gleison Tibau,Francisco Trinaldo,0,1,36 of 63,45 of 97,57%,46%,96 of 134,70 of 129,5 of 6,0 of 0,83%,---,2,2,0,0,6:38,4:09,http://ufcstats.com/fight-details/297a3fe0edd6f1c5,http://ufcstats.com/event-details/96d173b7f92aa520,http://www.ufcstats.com/fighter-details/75e5fec9f72910ef,http://www.ufcstats.com/fighter-details/a8283a4f415e1eb9,Gleison Tibau,Lightweight,Decision - Unanimous,3,5:00,http://ufcstats.com/fight-details/297a3fe0edd6f1c5,c51ba89947344bee9661ccd1c7c96d7a,2026-09-08 22:04:56.905665+00:00
Michael Johnson,Danny Castillo,1,1,17 of 36,17 of 35,47%,48%,18 of 38,29 of 47,0 of 0,0 of 1,---,0%,0,1,0,0,0:03,4:02,http://ufcstats.com/fight-details/3195350c98c9491d,http://ufcstats.com/event-details/6a0b80a24f22e152,http://www.ufcstats.com/fighter-details/511e82663651438d,http://www.ufcstats.com/fighter-details/d1e7fc58d4225cdf,Michael Johnson,Lightweight,KO/TKO,2,1:06,http://ufcstats.com/fight-details/3195350c98c9491d,c51ba89947344bee9661ccd1c7c96d7a,2026-09-08 22:05:14.234269+00:00
Tom Watson,Brad Tavares,0,0,65 of 127,83 of 173,51%,47%,72 of 134,92 of 183,0 of 2,5 of 12,0%,41%,0,0,0,0,1:07,5:25,http://ufcstats.com/fight-details/e34d313fbe1c28f1,http://ufcstats.com/event-details/6cbb7661c3258617,http://www.ufcstats.com/fighter-details/6809c31286b08d97,http://www.ufcstats.com/fighter-details/0c6d9ea8306c029e,Brad Tavares,Middleweight,Decision - Split,3,5:00,http://ufcstats.com/fight-details/e34d313fbe1c28f1,c51ba89947344bee9661ccd1c7c96d7a,2026-09-08 22:05:39.713919+00:00
Michael Bisping,Brian Stann,0,0,64 of 141,57 of 141,45%,40%,88 of 168,72 of 158,4 of 13,0 of 0,30%,---,0,0,0,1,4:31,1:07,http://ufcstats.com/fight-details/c97d0a476c2e7cb5,http://ufcstats.com/event-details/53e533db1b8e9712,http://www.ufcstats.com/fighter-details/2b93ebd9f5417ad2,http://www.ufcstats.com/fighter-details/579fcdfcabd23a7b,Michael Bisping,Middleweight,Decision - Unanimous,3,5:00,http://ufcstats.com/fight-details/c97d0a476c2e7cb5,c51ba89947344bee9661ccd1c7c96d7a,2026-09-08 22:05:49.766189+00:00
Cub Swanson,Charles Oliveira,1,0,9 of 21,6 of 18,42%,33%,9 of 21,10 of 22,0 of 0,1 of 2,---,50%,0,0,0,0,0:02,0:46,http://ufcstats.com/fight-details/307b12b9f08a4cbf,http://ufcstats.com/event-details/53e533db1b8e9712,http://www.ufcstats.com/fighter-details/d247691a6c0e9034,http://www.ufcstats.com/fighter-details/07225ba28ae309b6,Cub Swanson,Featherweight,KO/TKO,1,2:40,http://ufcstats.com/fight-details/307b12b9f08a4cbf,c51ba89947344bee9661ccd1c7c96d7a,2026-09-08 22:05:53.213109+00:00
Benson Henderson,Frankie Edgar,0,1,64 of 167,66 of 182,38%,36%,67 of 170,70 of 186,0 of 1,2 of 6,0%,33%,1,2,0,0,0:07,2:59,http://ufcstats.com/fight-details/7ddf71a85fbb0e4c,http://ufcstats.com/event-details/3c48019bc387b80c,http://www.ufcstats.com/fighter-details/2676b28836a5a836,http://www.ufcstats.com/fighter-details/f2688492b9a525a3,Benson Henderson,Lightweight,Decision - Split,5,5:00,http://ufcstats.com/fight-details/7ddf71a85fbb0e4c,c51ba89947344bee9661ccd1c7c96d7a,2026-09-08 22:06:08.808150+00:00
Donald Cerrone,Melvin Guillard,1,1,4 of 9,10 of 28,44%,35%,4 of 9,10 of 28,0 of 0,0 of 0,---,---,0,0,0,0,0:02,0:04,http://ufcstats.com/fight-details/7c07a71fa1882bf4,http://ufcstats.com/event-details/3c48019bc387b80c,http://www.ufcstats.com/fighter-details/1d00756835ca67c9,http://www.ufcstats.com/fighter-details/ccd1299e0345e0ce,Donald Cerrone,Lightweight,KO/TKO,1,1:16,http://ufcstats.com/fight-details/7c07a71fa1882bf4,c51ba89947344bee9661ccd1c7c96d7a,2026-09-08 22:06:10.312322+00:00
Justin Lawrence,Max Holloway,0,1,32 of 90,29 of 124,35%,23%,32 of 92,29 of 124,1 of 4,0 of 0,25%,---,0,0,0,0,0:09,0:05,http://ufcstats.com/fight-details/42f11b82d67585af,http://ufcstats.com/event-details/3c48019bc387b80c,http://www.ufcstats.com/fighter-details/879f6cae48d25baa,http://www.ufcstats.com/fighter-details/150ff4cc642270b9,Max Holloway,Featherweight,KO/TKO,2,4:49,http://ufcstats.com/fight-details/42f11b82d67585af,c51ba89947344bee9661ccd1c7c96d7a,2026-09-08 22:06:15.357626+00:00
Rafael Dos Anjos,Anthony Njokuani,0,0,51 of 85,32 of 87,60%,36%,68 of 108,37 of 92,6 of 17,0 of 0,35%,---,0,0,0,0,6:42,0:00,http://ufcstats.com/fight-details/34e67c2b110f6b6a,http://ufcstats.com/event-details/d3b5ad3b15a64a18,http://www.ufcstats.com/fighter-details/6a2f7c151031653d,http://www.ufcstats.com/fighter-details/6bf5a7d3e081ade2,Rafael Dos Anjos,Lightweight,Decision - Unanimous,3,5:00,http://ufcstats.com/fight-details/34e67c2b110f6b6a,c51ba89947344bee9661ccd1c7c96d7a,2026-09-08 22:07:16.043964+00:00
Damacio Page,Alex Caceres,0,0,7 of 22,9 of 12,31%,75%,56 of 76,16 of 21,2 of 2,0 of 0,100%,---,0,3,1,1,5:27,0:13,http://ufcstats.com/fight-details/d6dcbf543d7e303d,http://ufcstats.com/event-details/d3b5ad3b15a64a18,http://www.ufcstats.com/fighter-details/c96e2ae6021144a1,http://www.ufcstats.com/fighter-details/7aa3d6964eff4877,Alex Caceres,Bantamweight,Submission,2,1:27,http://ufcstats.com/fight-details/d6dcbf543d7e303d,c51ba89947344bee9661ccd1c7c96d7a,2026-09-08 22:07:17.693146+00:00
Dong Hyun Kim,Demian Maia,0,0,8 of 8,1 of 1,100%,100%,8 of 8,3 of 3,0 of 0,1 of 3,---,33%,0,0,0,0,0:00,0:40,http://ufcstats.com/fight-details/61cb2ca1469c83ba,http://ufcstats.com/event-details/e8efeb9cf33b1941,http://www.ufcstats.com/fighter-details/9bcf8603ceb25680,http://www.ufcstats.com/fighter-details/427b5953ac8e3a27,Demian Maia,Welterweight,KO/TKO,1,0:47,http://ufcstats.com/fight-details/61cb2ca1469c83ba,c51ba89947344bee9661ccd1c7c96d7a,2026-09-08 22:07:33.262314+00:00
Gleison Tibau,Khabib Nurmagomedov,0,0,28 of 87,25 of 101,32%,24%,46 of 110,33 of 112,1 of 6,0 of 13,16%,0%,0,0,0,0,0:17,4:25,http://ufcstats.com/fight-details/ded18af0e4eae2f7,http://ufcstats.com/event-details/e8efeb9cf33b1941,http://www.ufcstats.com/fighter-details/75e5fec9f72910ef,http://www.ufcstats.com/fighter-details/032cc3922d871c7f,Khabib Nurmagomedov,Lightweight,Decision - Unanimous,3,5:00,http://ufcstats.com/fight-details/ded18af0e4eae2f7,c51ba89947344bee9661ccd1c7c96d7a,2026-09-08 22:07:40.112795+00:00
Gray Maynard,Clay Guida,0,0,49 of 225,45 of 321,21%,14%,52 of 229,49 of 327,1 of 9,0 of 3,11%,0%,1,0,0,0,1:10,0:47,http://ufcstats.com/fight-details/18efcec3c51750e9,http://ufcstats.com/event-details/505934897b8b4824,http://www.ufcstats.com/fighter-details/7d96bc577e5178b2,http://www.ufcstats.com/fighter-details/c47df9303d318c67,Gray Maynard,Lightweight,Decision - Split,5,5:00,http://ufcstats.com/fight-details/18efcec3c51750e9,c51ba89947344bee9661ccd1c7c96d7a,2026-09-08 22:08:09.329988+00:00
Matt Brown,Luis Ramos,0,0,52 of 88,20 of 61,59%,32%,74 of 110,26 of 72,0 of 3,1 of 5,0%,20%,0,0,0,0,0:14,3:44,http://ufcstats.com/fight-details/a497d4a83afe6f2d,http://ufcstats.com/event-details/505934897b8b4824,http://www.ufcstats.com/fighter-details/31123249b0bbf52e,http://www.ufcstats.com/fighter-details/7bc475b0fc2020ab,Matt Brown,Welterweight,KO/TKO,2,4:20,http://ufcstats.com/fight-details/a497d4a83afe6f2d,c51ba89947344bee9661ccd1c7c96d7a,2026-09-08 22:08:25.075451+00:00
Tim Means,Justin Salas,2,0,26 of 42,5 of 8,61%,62%,30 of 46,5 of 8,0 of 0,0 of 4,---,0%,0,0,0,0,0:20,0:00,http://ufcstats.com/fight-details/1984570de7f0c89e,http://ufcstats.com/event-details/49590e0508b2c19f,http://www.ufcstats.com/fighter-details/4b47e71384a9522f,http://www.ufcstats.com/fighter-details/9b198c73e3d0d289,Tim Means,Lightweight,KO/TKO,1,1:06,http://ufcstats.com/fight-details/1984570de7f0c89e,c51ba89947344bee9661ccd1c7c96d7a,2026-09-08 22:08:44.646554+00:00
Jonathan Brookins,Charles Oliveira,0,0,27 of 74,42 of 76,36%,55%,27 of 74,48 of 82,1 of 2,1 of 2,50%,50%,1,1,0,0,1:07,0:59,http://ufcstats.com/fight-details/0b5c7c95b0316276,http://ufcstats.com/event-details/96087e90d900f0ef,http://www.ufcstats.com/fighter-details/b0a6124751a56bc4,http://www.ufcstats.com/fighter-details/07225ba28ae309b6,Charles Oliveira,Featherweight,Submission,2,2:42,http://ufcstats.com/fight-details/0b5c7c95b0316276,c51ba89947344bee9661ccd1c7c96d7a,2026-09-08 22:08:55.840587+00:00
Max Holloway,Pat Schilling,1,0,118 of 267,27 of 108,44%,25%,119 of 268,27 of 108,0 of 0,0 of 17,---,0%,0,0,0,0,0:57,1:01,http://ufcstats.com/fight-details/fe1ce9e3a38a734b,http://ufcstats.com/event-details/96087e90d900f0ef,http://www.ufcstats.com/fighter-details/150ff4cc642270b9,http://www.ufcstats.com/fighter-details/de12bd65e2f46478,Max Holloway,Featherweight,Decision - Unanimous,3,5:00,http://ufcstats.com/fight-details/fe1ce9e3a38a734b,c51ba89947344bee9661ccd1c7c96d7a,2026-09-08 22:08:57.548023+00:00
Junior Dos Santos,Frank Mir,1,0,59 of 89,17 of 37,66%,45%,63 of 97,17 of 37,0 of 0,0 of 4,---,0%,0,0,0,0,0:17,0:09,http://ufcstats.com/fight-details/41e6ace08a2679e1,http://ufcstats.com/event-details/4985113c0928aa62,http://www.ufcstats.com/fighter-details/63def5a5662a6917,http://www.ufcstats.com/fighter-details/1ff9589f9065a9ed,Junior Dos Santos,Heavyweight,KO/TKO,2,3:04,http://ufcstats.com/fight-details/41e6ace08a2679e1,c51ba89947344bee9661ccd1c7c96d7a,2026-09-08 22:09:11.559712+00:00
Diego Brandao,Darren Elkins,0,0,23 of 47,36 of 88,48%,40%,46 of 79,115 of 187,0 of 0,1 of 6,---,16%,0,1,0,0,4:09,6:32,http://ufcstats.com/fight-details/b187bdcc2ceba00f,http://ufcstats.com/event-details/4985113c0928aa62,http://www.ufcstats.com/fighter-details/c2e3e67b5911bfb7,http://www.ufcstats.com/fighter-details/92a9aa9c93192871,Darren Elkins,Featherweight,Decision - Unanimous,3,5:00,http://ufcstats.com/fight-details/b187bdcc2ceba00f,c51ba89947344bee9661ccd1c7c96d7a,2026-09-08 22:09:20.174243+00:00
Edson Barboza,Jamie Varner,0,1,11 of 17,20 of 35,64%,57%,11 of 17,33 of 57,0 of 0,2 of 2,---,100%,0,0,0,0,0:00,1:09,http://ufcstats.com/fight-details/9cdeb62aa9092713,http://ufcstats.com/event-details/4985113c0928aa62,http://www.ufcstats.com/fighter-details/64a50dad704d1d49,http://www.ufcstats.com/fighter-details/a54fc2d6fc224dc3,Jamie Varner,Lightweight,KO/TKO,1,3:23,http://ufcstats.com/fight-details/9cdeb62aa9092713,c51ba89947344bee9661ccd1c7c96d7a,2026-09-08 22:09:21.806339+00:00
Chan Sung Jung,Dustin Poirier,0,0,74 of 154,56 of 127,48%,44%,149 of 240,70 of 146,4 of 4,0 of 4,100%,0%,3,0,0,2,5:02,3:52,http://ufcstats.com/fight-details/a8ec9c513d28c25c,http://ufcstats.com/event-details/8caca5857ce0e30b,http://www.ufcstats.com/fighter-details/c451d67c09c55418,http://www.ufcstats.com/fighter-details/029eaff01e6bb8f0,Chan Sung Jung,Featherweight,Submission,4,1:07,http://ufcstats.com/fight-details/a8ec9c513d28c25c,c51ba89947344bee9661ccd1c7c96d7a,2026-09-08 22:09:33.778125+00:00
Donald Cerrone,Jeremy Stephens,0,0,87 of 192,46 of 115,45%,40%,87 of 192,50 of 119,1 of 3,0 of 3,33%,0%,0,0,0,0,0:30,0:01,http://ufcstats.com/fight-details/49818fb1520ce956,http://ufcstats.com/event-details/8caca5857ce0e30b,http://www.ufcstats.com/fighter-details/1d00756835ca67c9,http://www.ufcstats.com/fighter-details/18968f97ad34f15c,Donald Cerrone,Lightweight,Decision - Unanimous,3,5:00,http://ufcstats.com/fight-details/49818fb1520ce956,c51ba89947344bee9661ccd1c7c96d7a,2026-09-08 22:09:37.482688+00:00
Brad Tavares,Dongi Yang,0,0,39 of 159,32 of 83,24%,38%,47 of 167,44 of 95,2 of 3,1 of 3,66%,33%,0,0,0,0,2:18,0:33,http://ufcstats.com/fight-details/3b1461ff02a3f98e,http://ufcstats.com/event-details/8caca5857ce0e30b,http://www.ufcstats.com/fighter-details/0c6d9ea8306c029e,http://www.ufcstats.com/fighter-details/aed06011bf62237b,Brad Tavares,Middleweight,Decision - Unanimous,3,5:00,http://ufcstats.com/fight-details/3b1461ff02a3f98e,c51ba89947344bee9661ccd1c7c96d7a,2026-09-08 22:09:44.346036+00:00
Rafael Dos Anjos,Kamal Shalorus,1,0,5 of 10,2 of 12,50%,16%,11 of 17,2 of 12,0 of 0,0 of 1,---,0%,1,0,0,0,0:35,0:00,http://ufcstats.com/fight-details/ade59be2e9bc1108,http://ufcstats.com/event-details/8caca5857ce0e30b,http://www.ufcstats.com/fighter-details/6a2f7c151031653d,http://www.ufcstats.com/fighter-details/ece280745f8727b8,Rafael Dos Anjos,Lightweight,Submission,1,1:40,http://ufcstats.com/fight-details/ade59be2e9bc1108,c51ba89947344bee9661ccd1c7c96d7a,2026-09-08 22:09:49.440970+00:00
Nate Diaz,Jim Miller,0,0,46 of 98,25 of 71,46%,35%,97 of 154,27 of 73,0 of 1,1 of 5,0%,20%,2,0,2,0,2:37,1:15,http://ufcstats.com/fight-details/db51d17ea03da745,http://ufcstats.com/event-details/5898357a45a73674,http://www.ufcstats.com/fighter-details/8355922d564b152c,http://www.ufcstats.com/fighter-details/d1941565abf50b16,Nate Diaz,Lightweight,Submission,2,4:09,http://ufcstats.com/fight-details/db51d17ea03da745,c51ba89947344bee9661ccd1c7c96d7a,2026-09-08 22:09:56.011277+00:00
Tony Ferguson,Michael Johnson,0,1,45 of 176,67 of 183,25%,36%,45 of 176,67 of 183,0 of 1,0 of 2,0%,0%,0,0,0,0,0:00,0:01,http://ufcstats.com/fight-details/1f290005cc147afb,http://ufcstats.com/event-details/5898357a45a73674,http://www.ufcstats.com/fighter-details/22a92d7f62195791,http://www.ufcstats.com/fighter-details/511e82663651438d,Michael Johnson,Lightweight,Decision - Unanimous,3,5:00,http://ufcstats.com/fight-details/1f290005cc147afb,c51ba89947344bee9661ccd1c7c96d7a,2026-09-08 22:10:03.082310+00:00
Matt Brown,Stephen Thompson,0,0,36 of 77,67 of 133,46%,50%,91 of 148,78 of 146,5 of 13,0 of 0,38%,---,1,0,1,1,8:03,0:48,http://ufcstats.com/fight-details/bf5a5b23a49fa17c,http://ufcstats.com/event-details/155bfc7ed36622df,http://www.ufcstats.com/fighter-details/31123249b0bbf52e,http://www.ufcstats.com/fighter-details/4a28cb716c19157a,Matt Brown,Welterweight,Decision - Unanimous,3,5:00,http://ufcstats.com/fight-details/bf5a5b23a49fa17c,c51ba89947344bee9661ccd1c7c96d7a,2026-09-08 22:10:30.302896+00:00
Frankie Edgar,Benson Henderson,0,0,68 of 190,87 of 264,35%,32%,81 of 204,100 of 277,5 of 12,1 of 1,41%,100%,0,3,0,0,2:07,0:37,http://ufcstats.com/fight-details/43b494c32b7f18cb,http://ufcstats.com/event-details/8377c5572cb356f3,http://www.ufcstats.com/fighter-details/f2688492b9a525a3,http://www.ufcstats.com/fighter-details/2676b28836a5a836,Benson Henderson,Lightweight,Decision - Unanimous,5,5:00,http://ufcstats.com/fight-details/43b494c32b7f18cb,c51ba89947344bee9661ccd1c7c96d7a,2026-09-08 22:11:22.744141+00:00
Diego Sanchez,Jake Ellenberger,0,1,29 of 114,62 of 124,25%,50%,63 of 158,78 of 141,0 of 1,2 of 8,0%,25%,0,0,0,0,1:08,1:39,http://ufcstats.com/fight-details/3e50773520e7a218,http://ufcstats.com/event-details/0a97691039c4bbfb,http://www.ufcstats.com/fighter-details/82e7929bf6c2b689,http://www.ufcstats.com/fighter-details/d81ac739417d7f53,Jake Ellenberger,Welterweight,Decision - Unanimous,3,5:00,http://ufcstats.com/fight-details/3e50773520e7a218,c51ba89947344bee9661ccd1c7c96d7a,2026-09-08 22:11:44.876653+00:00
Tim Means,Bernardo Magalhaes,0,0,83 of 170,28 of 68,48%,41%,98 of 186,30 of 70,0 of 0,0 of 11,---,0%,0,0,0,1,1:00,0:10,http://ufcstats.com/fight-details/638a999dab6fe310,http://ufcstats.com/event-details/0a97691039c4bbfb,http://www.ufcstats.com/fighter-details/4b47e71384a9522f,http://www.ufcstats.com/fighter-details/7a613f78dd7ee8f8,Tim Means,Lightweight,Decision - Unanimous,3,5:00,http://ufcstats.com/fight-details/638a999dab6fe310,c51ba89947344bee9661ccd1c7c96d7a,2026-09-08 22:11:58.336625+00:00
Dustin Poirier,Max Holloway,0,0,11 of 25,11 of 32,44%,34%,15 of 29,11 of 32,1 of 3,0 of 0,33%,---,3,0,0,0,1:28,0:07,http://ufcstats.com/fight-details/099a2db0470d456b,http://ufcstats.com/event-details/df2cf66d8c0123db,http://www.ufcstats.com/fighter-details/029eaff01e6bb8f0,http://www.ufcstats.com/fighter-details/150ff4cc642270b9,Dustin Poirier,Featherweight,Submission,1,3:23,http://ufcstats.com/fight-details/099a2db0470d456b,c51ba89947344bee9661ccd1c7c96d7a,2026-09-08 22:12:10.149779+00:00
Alex Caceres,Edwin Figueroa,0,1,55 of 89,41 of 81,61%,50%,76 of 113,53 of 95,1 of 1,0 of 0,100%,---,7,0,0,0,6:02,2:22,http://ufcstats.com/fight-details/d019250cc6d93527,http://ufcstats.com/event-details/df2cf66d8c0123db,http://www.ufcstats.com/fighter-details/7aa3d6964eff4877,http://www.ufcstats.com/fighter-details/bbfca6d5c27d9cd8,Edwin Figueroa,Bantamweight,Decision - Split,3,5:00,http://ufcstats.com/fight-details/d019250cc6d93527,c51ba89947344bee9661ccd1c7c96d7a,2026-09-08 22:12:11.915971+00:00
Matt Brown,Chris Cope,1,0,48 of 71,20 of 82,67%,24%,48 of 71,24 of 87,1 of 3,0 of 0,33%,---,0,0,0,0,1:20,1:09,http://ufcstats.com/fight-details/bd340a13bc3df8a1,http://ufcstats.com/event-details/df2cf66d8c0123db,http://www.ufcstats.com/fighter-details/31123249b0bbf52e,http://www.ufcstats.com/fighter-details/8c8c92a12621d7e0,Matt Brown,Welterweight,KO/TKO,2,1:19,http://ufcstats.com/fight-details/bd340a13bc3df8a1,c51ba89947344bee9661ccd1c7c96d7a,2026-09-08 22:12:13.645311+00:00
Chael Sonnen,Michael Bisping,0,0,40 of 97,30 of 86,41%,34%,135 of 203,102 of 163,4 of 7,1 of 3,57%,33%,0,0,0,0,7:30,4:11,http://ufcstats.com/fight-details/81c5c897717a1ef6,http://ufcstats.com/event-details/c3c23c99477c041b,http://www.ufcstats.com/fighter-details/48d1f690b763934c,http://www.ufcstats.com/fighter-details/2b93ebd9f5417ad2,Chael Sonnen,Middleweight,Decision - Unanimous,3,5:00,http://ufcstats.com/fight-details/81c5c897717a1ef6,c51ba89947344bee9661ccd1c7c96d7a,2026-09-08 22:12:23.471785+00:00
Demian Maia,Chris Weidman,0,0,51 of 169,58 of 166,30%,34%,60 of 178,68 of 178,0 of 7,4 of 6,0%,66%,0,0,0,0,0:00,1:38,http://ufcstats.com/fight-details/ba75be28158d424c,http://ufcstats.com/event-details/c3c23c99477c041b,http://www.ufcstats.com/fighter-details/427b5953ac8e3a27,http://www.ufcstats.com/fighter-details/3a8176e15b9887c1,Chris Weidman,Middleweight,Decision - Unanimous,3,5:00,http://ufcstats.com/fight-details/ba75be28158d424c,c51ba89947344bee9661ccd1c7c96d7a,2026-09-08 22:12:25.114270+00:00
Charles Oliveira,Eric Wisely,0,0,6 of 12,2 of 4,50%,50%,7 of 13,3 of 5,1 of 1,0 of 0,100%,---,2,0,0,0,0:35,0:06,http://ufcstats.com/fight-details/7a4e5bcd7336d203,http://ufcstats.com/event-details/c3c23c99477c041b,http://www.ufcstats.com/fighter-details/07225ba28ae309b6,http://www.ufcstats.com/fighter-details/53f84637dfffab7a,Charles Oliveira,Featherweight,Submission,1,1:43,http://ufcstats.com/fight-details/7a4e5bcd7336d203,c51ba89947344bee9661ccd1c7c96d7a,2026-09-08 22:12:31.682565+00:00
Michael Johnson,Shane Roller,0,0,64 of 136,56 of 92,47%,60%,77 of 149,72 of 110,1 of 1,1 of 12,100%,8%,0,0,1,0,4:26,3:53,http://ufcstats.com/fight-details/e8a167bb84082832,http://ufcstats.com/event-details/c3c23c99477c041b,http://www.ufcstats.com/fighter-details/511e82663651438d,http://www.ufcstats.com/fighter-details/75e0d3cc2262b732,Michael Johnson,Lightweight,Decision - Unanimous,3,5:00,http://ufcstats.com/fight-details/e8a167bb84082832,c51ba89947344bee9661ccd1c7c96d7a,2026-09-08 22:12:33.504856+00:00
Melvin Guillard,Jim Miller,0,0,16 of 26,4 of 12,61%,33%,21 of 31,5 of 13,0 of 0,1 of 3,---,33%,0,1,0,0,0:01,0:59,http://ufcstats.com/fight-details/90d50fb7e2bf789e,http://ufcstats.com/event-details/4d74641fac830182,http://www.ufcstats.com/fighter-details/ccd1299e0345e0ce,http://www.ufcstats.com/fighter-details/d1941565abf50b16,Jim Miller,Lightweight,Submission,1,3:04,http://ufcstats.com/fight-details/90d50fb7e2bf789e,c51ba89947344bee9661ccd1c7c96d7a,2026-09-08 22:12:39.645217+00:00
Edson Barboza,Terry Etim,1,0,47 of 129,26 of 105,36%,24%,47 of 129,26 of 105,0 of 0,2 of 6,---,33%,0,0,0,0,0:01,0:16,http://ufcstats.com/fight-details/11e7f12ecb2d1597,http://ufcstats.com/event-details/18524b46c570730b,http://www.ufcstats.com/fighter-details/64a50dad704d1d49,http://www.ufcstats.com/fighter-details/33011768c3c4dc9a,Edson Barboza,Lightweight,KO/TKO,3,2:02,http://ufcstats.com/fight-details/11e7f12ecb2d1597,c51ba89947344bee9661ccd1c7c96d7a,2026-09-08 22:13:05.053524+00:00
Nate Diaz,Donald Cerrone,0,0,238 of 362,96 of 182,65%,52%,260 of 391,104 of 193,0 of 2,0 of 0,0%,---,0,0,0,0,1:04,0:05,http://ufcstats.com/fight-details/d940ffe543c4e38b,http://ufcstats.com/event-details/91720876db0ee468,http://www.ufcstats.com/fighter-details/8355922d564b152c,http://www.ufcstats.com/fighter-details/1d00756835ca67c9,Nate Diaz,Lightweight,Decision - Unanimous,3,5:00,http://ufcstats.com/fight-details/d940ffe543c4e38b,c51ba89947344bee9661ccd1c7c96d7a,2026-09-08 22:13:18.561744+00:00
Frank Mir,Antonio Rodrigo Nogueira,0,0,6 of 8,21 of 27,75%,77%,7 of 9,42 of 48,1 of 2,0 of 1,50%,0%,1,1,1,1,1:12,1:50,http://ufcstats.com/fight-details/92d0c39f0df77c7e,http://ufcstats.com/event-details/6d7886b094b471ac,http://www.ufcstats.com/fighter-details/1ff9589f9065a9ed,http://www.ufcstats.com/fighter-details/ee9d73f4fee9cbdd,Frank Mir,Heavyweight,Submission,1,3:38,http://ufcstats.com/fight-details/92d0c39f0df77c7e,c51ba89947344bee9661ccd1c7c96d7a,2026-09-08 22:13:37.867630+00:00
Michael Bisping,Jason Miller,0,0,102 of 192,27 of 119,53%,22%,150 of 244,38 of 131,0 of 0,1 of 11,---,9%,0,0,0,0,3:12,2:29,http://ufcstats.com/fight-details/f182b13c6e07dfb1,http://ufcstats.com/event-details/1f5f75658551f2d3,http://www.ufcstats.com/fighter-details/2b93ebd9f5417ad2,http://www.ufcstats.com/fighter-details/b2f88c04c4dd43ce,Michael Bisping,Middleweight,KO/TKO,3,3:34,http://ufcstats.com/fight-details/f182b13c6e07dfb1,c51ba89947344bee9661ccd1c7c96d7a,2026-09-08 22:13:58.204549+00:00
Gleison Tibau,Rafael Dos Anjos,0,0,56 of 128,25 of 96,43%,26%,64 of 136,39 of 110,2 of 4,0 of 8,50%,0%,0,0,0,0,1:44,2:01,http://ufcstats.com/fight-details/a117805ab030b194,http://ufcstats.com/event-details/0ec821423baa26bd,http://www.ufcstats.com/fighter-details/75e5fec9f72910ef,http://www.ufcstats.com/fighter-details/6a2f7c151031653d,Gleison Tibau,Lightweight,Decision - Split,3,5:00,http://ufcstats.com/fight-details/a117805ab030b194,c51ba89947344bee9661ccd1c7c96d7a,2026-09-08 22:14:32.031875+00:00
Matt Brown,Seth Baczynski,0,0,19 of 34,17 of 49,55%,34%,28 of 43,22 of 55,1 of 1,1 of 5,100%,20%,0,1,1,0,0:56,2:42,http://ufcstats.com/fight-details/421842986f10851e,http://ufcstats.com/event-details/0ec821423baa26bd,http://www.ufcstats.com/fighter-details/31123249b0bbf52e,http://www.ufcstats.com/fighter-details/fd5b6598a3b70c0a,Seth Baczynski,Welterweight,Submission,2,0:42,http://ufcstats.com/fight-details/421842986f10851e,c51ba89947344bee9661ccd1c7c96d7a,2026-09-08 22:14:35.977205+00:00
Clay Guida,Benson Henderson,0,1,11 of 40,40 of 89,27%,44%,35 of 65,102 of 158,2 of 9,2 of 7,22%,28%,4,0,0,0,2:47,7:27,http://ufcstats.com/fight-details/5254658d4e4126c9,http://ufcstats.com/event-details/1c061eb6e29eaa0a,http://www.ufcstats.com/fighter-details/c47df9303d318c67,http://www.ufcstats.com/fighter-details/2676b28836a5a836,Benson Henderson,Lightweight,Decision - Unanimous,3,5:00,http://ufcstats.com/fight-details/5254658d4e4126c9,c51ba89947344bee9661ccd1c7c96d7a,2026-09-08 22:14:42.831051+00:00
Dustin Poirier,Pablo Garza,0,0,17 of 47,14 of 34,36%,41%,31 of 63,24 of 44,1 of 1,0 of 2,100%,0%,1,1,0,0,2:55,0:00,http://ufcstats.com/fight-details/db690563ae7fa070,http://ufcstats.com/event-details/1c061eb6e29eaa0a,http://www.ufcstats.com/fighter-details/029eaff01e6bb8f0,http://www.ufcstats.com/fighter-details/8e5bfd4e82352340,Dustin Poirier,Featherweight,Submission,2,1:32,http://ufcstats.com/fight-details/db690563ae7fa070,c51ba89947344bee9661ccd1c7c96d7a,2026-09-08 22:14:44.470100+00:00
Alex Caceres,Cole Escovedo,0,0,102 of 174,24 of 58,58%,41%,110 of 182,28 of 63,0 of 0,2 of 4,---,50%,1,0,0,0,0:51,1:55,http://ufcstats.com/fight-details/9eed1b277c76f576,http://ufcstats.com/event-details/1c061eb6e29eaa0a,http://www.ufcstats.com/fighter-details/7aa3d6964eff4877,http://www.ufcstats.com/fighter-details/5df17b3620145578,Alex Caceres,Bantamweight,Decision - Unanimous,3,5:00,http://ufcstats.com/fight-details/9eed1b277c76f576,c51ba89947344bee9661ccd1c7c96d7a,2026-09-08 22:14:53.284034+00:00
Dennis Siver,Donald Cerrone,0,2,12 of 21,9 of 23,57%,39%,14 of 23,9 of 23,0 of 2,0 of 0,0%,---,0,1,0,0,0:38,0:10,http://ufcstats.com/fight-details/f141416b02a31f4e,http://ufcstats.com/event-details/8788beb528894f33,http://www.ufcstats.com/fighter-details/5f87a5c00b3d17ed,http://www.ufcstats.com/fighter-details/1d00756835ca67c9,Donald Cerrone,Lightweight,Submission,1,2:22,http://ufcstats.com/fight-details/f141416b02a31f4e,c51ba89947344bee9661ccd1c7c96d7a,2026-09-08 22:15:27.678704+00:00
Frankie Edgar,Gray Maynard,1,1,61 of 176,42 of 170,34%,24%,64 of 179,52 of 180,0 of 11,0 of 2,0%,0%,0,0,0,0,0:15,0:16,http://ufcstats.com/fight-details/8a660069ae42edc2,http://ufcstats.com/event-details/7d5b12de1625984e,http://www.ufcstats.com/fighter-details/f2688492b9a525a3,http://www.ufcstats.com/fighter-details/7d96bc577e5178b2,Frankie Edgar,Lightweight,KO/TKO,4,3:54,http://ufcstats.com/fight-details/8a660069ae42edc2,c51ba89947344bee9661ccd1c7c96d7a,2026-09-08 22:15:39.475814+00:00
Demian Maia,Jorge Santiago,0,0,24 of 67,18 of 56,35%,32%,95 of 159,29 of 70,4 of 11,0 of 1,36%,0%,0,0,0,0,9:15,0:29,http://ufcstats.com/fight-details/5f4284409503d874,http://ufcstats.com/event-details/7d5b12de1625984e,http://www.ufcstats.com/fighter-details/427b5953ac8e3a27,http://www.ufcstats.com/fighter-details/f8dc544e7077d014,Demian Maia,Middleweight,Decision - Unanimous,3,5:00,http://ufcstats.com/fight-details/5f4284409503d874,c51ba89947344bee9661ccd1c7c96d7a,2026-09-08 22:15:48.070567+00:00
Anthony Pettis,Jeremy Stephens,0,0,21 of 47,17 of 47,44%,36%,89 of 117,65 of 96,6 of 9,3 of 8,66%,37%,0,0,0,1,6:54,3:29,http://ufcstats.com/fight-details/24d92c89c893db42,http://ufcstats.com/event-details/7d5b12de1625984e,http://www.ufcstats.com/fighter-details/cbb682f5fcc44bfc,http://www.ufcstats.com/fighter-details/18968f97ad34f15c,Anthony Pettis,Lightweight,Decision - Split,3,5:00,http://ufcstats.com/fight-details/24d92c89c893db42,c51ba89947344bee9661ccd1c7c96d7a,2026-09-08 22:15:49.820376+00:00
Zhang Tiequan,Darren Elkins,0,0,2 of 18,27 of 49,11%,55%,2 of 18,175 of 218,0 of 0,1 of 6,---,16%,3,3,0,0,0:45,13:06,http://ufcstats.com/fight-details/a730a20ab0c61499,http://ufcstats.com/event-details/7d5b12de1625984e,http://www.ufcstats.com/fighter-details/c23e3d4875340d8d,http://www.ufcstats.com/fighter-details/92a9aa9c93192871,Darren Elkins,Featherweight,Decision - Unanimous,3,5:00,http://ufcstats.com/fight-details/a730a20ab0c61499,c51ba89947344bee9661ccd1c7c96d7a,2026-09-08 22:15:53.175709+00:00
Michael Johnson,Paul Sass,0,0,8 of 26,2 of 16,30%,12%,9 of 27,2 of 16,0 of 0,0 of 3,---,0%,0,3,0,0,0:39,0:05,http://ufcstats.com/fight-details/6aa873e65d880322,http://ufcstats.com/event-details/44f9c777fed7ca03,http://www.ufcstats.com/fighter-details/511e82663651438d,http://www.ufcstats.com/fighter-details/7b143a54451263d9,Paul Sass,Lightweight,Submission,1,3:00,http://ufcstats.com/fight-details/6aa873e65d880322,c51ba89947344bee9661ccd1c7c96d7a,2026-09-08 22:16:08.843914+00:00
Ross Pearson,Edson Barboza,0,1,60 of 186,55 of 190,32%,28%,62 of 188,55 of 190,0 of 6,0 of 1,0%,0%,0,0,0,0,0:39,0:01,http://ufcstats.com/fight-details/fa3294fe655440dd,http://ufcstats.com/event-details/18968f97ad34f15c,http://www.ufcstats.com/fighter-details/4f732e58ed907eff,http://www.ufcstats.com/fighter-details/64a50dad704d1d49,Edson Barboza,Lightweight,Decision - Split,3,5:00,http://ufcstats.com/fight-details/fa3294fe655440dd,c51ba89947344bee9661ccd1c7c96d7a,2026-09-08 22:17:03.732156+00:00
Jim Miller,Benson Henderson,0,0,14 of 44,65 of 132,31%,49%,24 of 55,119 of 195,0 of 0,7 of 7,---,100%,6,2,0,0,0:03,10:23,http://ufcstats.com/fight-details/5169aaf0ce80d1f8,http://ufcstats.com/event-details/4c8d6fde2dde07c4,http://www.ufcstats.com/fighter-details/d1941565abf50b16,http://www.ufcstats.com/fighter-details/2676b28836a5a836,Benson Henderson,Lightweight,Decision - Unanimous,3,5:00,http://ufcstats.com/fight-details/5169aaf0ce80d1f8,c51ba89947344bee9661ccd1c7c96d7a,2026-09-08 22:17:24.247717+00:00
Donald Cerrone,Charles Oliveira,0,0,30 of 60,10 of 29,50%,34%,32 of 63,10 of 29,0 of 0,0 of 0,---,---,0,0,0,0,0:12,0:00,http://ufcstats.com/fight-details/295c2e1ae2d54287,http://ufcstats.com/event-details/4c8d6fde2dde07c4,http://www.ufcstats.com/fighter-details/1d00756835ca67c9,http://www.ufcstats.com/fighter-details/07225ba28ae309b6,Donald Cerrone,Lightweight,KO/TKO,1,3:01,http://ufcstats.com/fight-details/295c2e1ae2d54287,c51ba89947344bee9661ccd1c7c96d7a,2026-09-08 22:17:25.956217+00:00
Jimy Hettes,Alex Caceres,0,0,2 of 7,13 of 25,28%,52%,31 of 44,25 of 38,5 of 9,0 of 0,55%,---,2,0,1,2,4:28,2:10,http://ufcstats.com/fight-details/345f0bd50451a321,http://ufcstats.com/event-details/4c8d6fde2dde07c4,http://www.ufcstats.com/fighter-details/893d51aaf024eddd,http://www.ufcstats.com/fighter-details/7aa3d6964eff4877,Jimy Hettes,Featherweight,Submission,2,3:12,http://ufcstats.com/fight-details/345f0bd50451a321,c51ba89947344bee9661ccd1c7c96d7a,2026-09-08 22:17:36.205364+00:00
George Sotiropoulos,Rafael Dos Anjos,0,1,2 of 24,2 of 10,8%,20%,2 of 24,2 of 10,0 of 0,0 of 0,---,---,0,0,0,0,0:00,0:03,http://ufcstats.com/fight-details/65171ae917df102f,http://ufcstats.com/event-details/83fd97284f4bb4a4,http://www.ufcstats.com/fighter-details/896c322f56b8be5a,http://www.ufcstats.com/fighter-details/6a2f7c151031653d,Rafael Dos Anjos,Lightweight,KO/TKO,1,0:59,http://ufcstats.com/fight-details/65171ae917df102f,c51ba89947344bee9661ccd1c7c96d7a,2026-09-08 22:18:16.222660+00:00
Brad Tavares,Aaron Simpson,0,0,13 of 33,43 of 66,39%,65%,41 of 62,127 of 156,1 of 4,2 of 15,25%,13%,0,2,0,0,0:58,11:00,http://ufcstats.com/fight-details/ec20620c294a49a4,http://ufcstats.com/event-details/83fd97284f4bb4a4,http://www.ufcstats.com/fighter-details/0c6d9ea8306c029e,http://www.ufcstats.com/fighter-details/d5f820c11a121050,Aaron Simpson,Middleweight,Decision - Unanimous,3,5:00,http://ufcstats.com/fight-details/ec20620c294a49a4,c51ba89947344bee9661ccd1c7c96d7a,2026-09-08 22:18:19.622873+00:00
Matt Brown,John Howard,0,0,38 of 83,20 of 35,45%,57%,96 of 145,29 of 46,3 of 4,5 of 11,75%,45%,3,0,0,1,3:34,6:39,http://ufcstats.com/fight-details/5ad0a7ec5e99955b,http://ufcstats.com/event-details/d023ae89a2a4a41e,http://www.ufcstats.com/fighter-details/31123249b0bbf52e,http://www.ufcstats.com/fighter-details/fc31f896cde2bc2e,Matt Brown,Welterweight,Decision - Unanimous,3,5:00,http://ufcstats.com/fight-details/5ad0a7ec5e99955b,c51ba89947344bee9661ccd1c7c96d7a,2026-09-08 22:18:29.873427+00:00
Nik Lentz,Charles Oliveira,0,1,14 of 33,31 of 59,42%,52%,19 of 40,61 of 93,2 of 7,1 of 2,28%,50%,2,3,0,2,2:21,2:15,http://ufcstats.com/fight-details/91daeeeea0a83e49,http://ufcstats.com/event-details/d023ae89a2a4a41e,http://www.ufcstats.com/fighter-details/6fb1ba67bef41b37,http://www.ufcstats.com/fighter-details/07225ba28ae309b6,nc,Lightweight,Overturned,2,1:48,http://ufcstats.com/fight-details/91daeeeea0a83e49,c51ba89947344bee9661ccd1c7c96d7a,2026-09-08 22:18:40.070794+00:00
Michael Johnson,Edward Faaloloto,1,0,27 of 73,17 of 43,36%,39%,29 of 75,21 of 47,1 of 1,0 of 0,100%,---,0,0,0,0,1:05,0:11,http://ufcstats.com/fight-details/daa06084bcc66645,http://ufcstats.com/event-details/d023ae89a2a4a41e,http://www.ufcstats.com/fighter-details/511e82663651438d,http://www.ufcstats.com/fighter-details/6224e8d0a34264eb,Michael Johnson,Lightweight,KO/TKO,1,4:42,http://ufcstats.com/fight-details/daa06084bcc66645,c51ba89947344bee9661ccd1c7c96d7a,2026-09-08 22:18:43.486171+00:00
Mark Munoz,Demian Maia,0,0,44 of 81,32 of 78,54%,41%,75 of 115,40 of 87,3 of 7,0 of 7,42%,0%,1,2,0,0,5:22,1:52,http://ufcstats.com/fight-details/6dc666fd76a3b280,http://ufcstats.com/event-details/aac5ac38148f0528,http://www.ufcstats.com/fighter-details/179f1948dc234f1f,http://www.ufcstats.com/fighter-details/427b5953ac8e3a27,Mark Munoz,Middleweight,Decision - Unanimous,3,5:00,http://ufcstats.com/fight-details/6dc666fd76a3b280,c51ba89947344bee9661ccd1c7c96d7a,2026-09-08 22:18:49.941728+00:00
Vagner Rocha,Donald Cerrone,0,0,46 of 106,86 of 145,43%,59%,47 of 108,87 of 146,1 of 7,0 of 1,14%,0%,0,0,0,0,0:56,0:40,http://ufcstats.com/fight-details/9f69f6420f21080a,http://ufcstats.com/event-details/aac5ac38148f0528,http://www.ufcstats.com/fighter-details/d403b1a6f278c95e,http://www.ufcstats.com/fighter-details/1d00756835ca67c9,Donald Cerrone,Lightweight,Decision - Unanimous,3,5:00,http://ufcstats.com/fight-details/9f69f6420f21080a,c51ba89947344bee9661ccd1c7c96d7a,2026-09-08 22:18:53.631589+00:00
Dustin Poirier,Jason Young,0,0,77 of 146,57 of 161,52%,35%,84 of 154,102 of 208,5 of 9,0 of 0,55%,---,0,0,0,0,4:40,0:51,http://ufcstats.com/fight-details/b3a0fc0a945a31f7,http://ufcstats.com/event-details/aac5ac38148f0528,http://www.ufcstats.com/fighter-details/029eaff01e6bb8f0,http://www.ufcstats.com/fighter-details/f59e9e49ef85b469,Dustin Poirier,Featherweight,Decision - Unanimous,3,5:00,http://ufcstats.com/fight-details/b3a0fc0a945a31f7,c51ba89947344bee9661ccd1c7c96d7a,2026-09-08 22:19:02.523020+00:00
Darren Elkins,Michihiro Omigawa,0,0,78 of 288,65 of 141,27%,46%,79 of 289,77 of 158,1 of 4,1 of 2,25%,50%,0,0,0,0,0:05,1:28,http://ufcstats.com/fight-details/29bf7862fb1c28d6,http://ufcstats.com/event-details/aac5ac38148f0528,http://www.ufcstats.com/fighter-details/92a9aa9c93192871,http://www.ufcstats.com/fighter-details/9f842be1a5337be6,Darren Elkins,Featherweight,Decision - Unanimous,3,5:00,http://ufcstats.com/fight-details/29bf7862fb1c28d6,c51ba89947344bee9661ccd1c7c96d7a,2026-09-08 22:19:06.009421+00:00
Clay Guida,Anthony Pettis,0,0,19 of 65,14 of 51,29%,27%,63 of 112,42 of 80,5 of 8,0 of 0,62%,---,0,1,1,0,10:17,0:43,http://ufcstats.com/fight-details/e9fc9dcc549c7f3b,http://ufcstats.com/event-details/3ba3b5cc94498437,http://www.ufcstats.com/fighter-details/c47df9303d318c67,http://www.ufcstats.com/fighter-details/cbb682f5fcc44bfc,Clay Guida,Lightweight,Decision - Unanimous,3,5:00,http://ufcstats.com/fight-details/e9fc9dcc549c7f3b,c51ba89947344bee9661ccd1c7c96d7a,2026-09-08 22:19:11.022545+00:00
Danny Downes,Jeremy Stephens,0,0,32 of 88,55 of 88,36%,62%,48 of 107,87 of 121,0 of 0,6 of 8,---,75%,1,3,0,0,0:28,8:18,http://ufcstats.com/fight-details/7240a9432bf2af67,http://ufcstats.com/event-details/3ba3b5cc94498437,http://www.ufcstats.com/fighter-details/a66395395b5f1394,http://www.ufcstats.com/fighter-details/18968f97ad34f15c,Jeremy Stephens,Lightweight,Decision - Unanimous,3,5:00,http://ufcstats.com/fight-details/7240a9432bf2af67,c51ba89947344bee9661ccd1c7c96d7a,2026-09-08 22:19:17.786330+00:00
Frank Mir,Roy Nelson,0,0,46 of 65,21 of 51,70%,41%,82 of 103,46 of 77,6 of 8,0 of 1,75%,0%,0,0,0,0,7:23,4:01,http://ufcstats.com/fight-details/c553753c64379c39,http://ufcstats.com/event-details/b732b326c362fb62,http://www.ufcstats.com/fighter-details/1ff9589f9065a9ed,http://www.ufcstats.com/fighter-details/3f7c14c7eca7195d,Frank Mir,Heavyweight,Decision - Unanimous,3,5:00,http://ufcstats.com/fight-details/c553753c64379c39,c51ba89947344bee9661ccd1c7c96d7a,2026-09-08 22:19:31.710854+00:00
Gleison Tibau,Rafaello Oliveira,1,0,19 of 56,12 of 48,33%,25%,38 of 77,15 of 51,3 of 3,0 of 3,100%,0%,2,0,0,0,2:21,0:14,http://ufcstats.com/fight-details/6299412d7bbfbce6,http://ufcstats.com/event-details/b732b326c362fb62,http://www.ufcstats.com/fighter-details/75e5fec9f72910ef,http://www.ufcstats.com/fighter-details/15b1b21cd743d652,Gleison Tibau,Lightweight,Submission,2,3:28,http://ufcstats.com/fight-details/6299412d7bbfbce6,c51ba89947344bee9661ccd1c7c96d7a,2026-09-08 22:19:42.043087+00:00
Alex Caceres,Mackens Semerzier,0,0,2 of 7,9 of 10,28%,90%,5 of 10,24 of 28,0 of 0,3 of 5,---,60%,0,1,0,0,0:00,2:52,http://ufcstats.com/fight-details/28f57f60a46654f6,http://ufcstats.com/event-details/8a59d346dc976a10,http://www.ufcstats.com/fighter-details/7aa3d6964eff4877,http://www.ufcstats.com/fighter-details/51b1e2fd9872005b,Mackens Semerzier,Featherweight,Submission,1,3:18,http://ufcstats.com/fight-details/28f57f60a46654f6,c51ba89947344bee9661ccd1c7c96d7a,2026-09-08 22:20:19.832384+00:00
Jim Miller,Kamal Shalorus,1,0,43 of 131,26 of 130,32%,20%,76 of 172,34 of 138,1 of 1,1 of 3,100%,33%,2,0,0,0,3:26,1:00,http://ufcstats.com/fight-details/2a28ce0035468735,http://ufcstats.com/event-details/1411c630ba711b64,http://www.ufcstats.com/fighter-details/d1941565abf50b16,http://www.ufcstats.com/fighter-details/ece280745f8727b8,Jim Miller,Lightweight,KO/TKO,3,2:15,http://ufcstats.com/fight-details/2a28ce0035468735,c51ba89947344bee9661ccd1c7c96d7a,2026-09-08 22:20:36.755117+00:00
Edson Barboza,Anthony Njokuani,0,0,46 of 151,72 of 188,30%,38%,48 of 153,78 of 194,2 of 2,1 of 1,100%,100%,0,0,0,0,0:46,0:27,http://ufcstats.com/fight-details/42e7cc48c31d8f29,http://ufcstats.com/event-details/1411c630ba711b64,http://www.ufcstats.com/fighter-details/64a50dad704d1d49,http://www.ufcstats.com/fighter-details/6bf5a7d3e081ade2,Edson Barboza,Lightweight,Decision - Unanimous,3,5:00,http://ufcstats.com/fight-details/42e7cc48c31d8f29,c51ba89947344bee9661ccd1c7c96d7a,2026-09-08 22:20:44.213717+00:00
Kurt Pellegrino,Gleison Tibau,0,0,47 of 120,44 of 103,39%,42%,97 of 171,81 of 149,1 of 6,2 of 7,16%,28%,0,0,0,0,3:11,2:52,http://ufcstats.com/fight-details/e595cb4bfc26193b,http://ufcstats.com/event-details/1411c630ba711b64,http://www.ufcstats.com/fighter-details/aa1952ec0b3dd8e1,http://www.ufcstats.com/fighter-details/75e5fec9f72910ef,Gleison Tibau,Lightweight,Decision - Split,3,5:00,http://ufcstats.com/fight-details/e595cb4bfc26193b,c51ba89947344bee9661ccd1c7c96d7a,2026-09-08 22:20:47.681771+00:00
Diego Sanchez,Martin Kampmann,0,1,51 of 202,77 of 200,25%,38%,51 of 202,79 of 202,1 of 15,0 of 0,6%,---,0,0,0,0,1:37,0:21,http://ufcstats.com/fight-details/42536a8cf2eda678,http://ufcstats.com/event-details/a54fc2d6fc224dc3,http://www.ufcstats.com/fighter-details/82e7929bf6c2b689,http://www.ufcstats.com/fighter-details/8b69839f3555a67b,Diego Sanchez,Welterweight,Decision - Unanimous,3,5:00,http://ufcstats.com/fight-details/42536a8cf2eda678,c51ba89947344bee9661ccd1c7c96d7a,2026-09-08 22:20:56.311259+00:00
Michael Bisping,Jorge Rivera,1,0,50 of 123,8 of 53,40%,15%,57 of 132,9 of 54,3 of 8,0 of 0,37%,---,0,0,0,0,1:17,0:00,http://ufcstats.com/fight-details/0f461c4ddf70eff9,http://ufcstats.com/event-details/88a9bc81271ccd89,http://www.ufcstats.com/fighter-details/2b93ebd9f5417ad2,http://www.ufcstats.com/fighter-details/cb46dface0e28a2c,Michael Bisping,Middleweight,KO/TKO,2,1:54,http://ufcstats.com/fight-details/0f461c4ddf70eff9,c51ba89947344bee9661ccd1c7c96d7a,2026-09-08 22:21:18.509128+00:00
Donald Cerrone,Paul Kelly,0,0,37 of 74,22 of 75,50%,29%,62 of 101,29 of 82,3 of 4,0 of 0,75%,---,1,2,0,0,3:31,0:00,http://ufcstats.com/fight-details/6b7033df94818cee,http://ufcstats.com/event-details/65ddc8a9ac4e8531,http://www.ufcstats.com/fighter-details/1d00756835ca67c9,http://www.ufcstats.com/fighter-details/aac5ac38148f0528,Donald Cerrone,Lightweight,Submission,2,3:48,http://ufcstats.com/fight-details/6b7033df94818cee,c51ba89947344bee9661ccd1c7c96d7a,2026-09-08 22:21:46.983662+00:00
Frankie Edgar,Gray Maynard,0,3,95 of 226,71 of 212,42%,33%,97 of 228,93 of 236,3 of 11,3 of 17,27%,17%,2,1,0,0,1:25,2:14,http://ufcstats.com/fight-details/91bb64656e13a1d4,http://ufcstats.com/event-details/d1152823307d7e7c,http://www.ufcstats.com/fighter-details/f2688492b9a525a3,http://www.ufcstats.com/fighter-details/7d96bc577e5178b2,Frankie Edgar,Lightweight,Decision - Split,5,5:00,http://ufcstats.com/fight-details/91bb64656e13a1d4,c51ba89947344bee9661ccd1c7c96d7a,2026-09-08 22:22:18.575942+00:00
Clay Guida,Takanori Gomi,0,0,12 of 61,14 of 81,19%,17%,16 of 69,14 of 81,3 of 9,0 of 0,33%,---,2,0,0,0,1:48,0:32,http://ufcstats.com/fight-details/f327f8e59acfab1b,http://ufcstats.com/event-details/d1152823307d7e7c,http://www.ufcstats.com/fighter-details/c47df9303d318c67,http://www.ufcstats.com/fighter-details/3be081c29bf734d9,Clay Guida,Lightweight,Submission,2,4:27,http://ufcstats.com/fight-details/f327f8e59acfab1b,c51ba89947344bee9661ccd1c7c96d7a,2026-09-08 22:22:25.579285+00:00
Jeremy Stephens,Marcus Davis,1,0,25 of 68,17 of 76,36%,22%,51 of 96,58 of 122,0 of 4,2 of 4,0%,50%,2,0,0,0,1:01,4:22,http://ufcstats.com/fight-details/df42fd9af4740d24,http://ufcstats.com/event-details/d1152823307d7e7c,http://www.ufcstats.com/fighter-details/18968f97ad34f15c,http://www.ufcstats.com/fighter-details/b7d524c77c27389b,Jeremy Stephens,Lightweight,KO/TKO,3,2:33,http://ufcstats.com/fight-details/df42fd9af4740d24,c51ba89947344bee9661ccd1c7c96d7a,2026-09-08 22:22:27.334113+00:00
Dustin Poirier,Josh Grispi,0,0,77 of 148,16 of 43,52%,37%,106 of 181,35 of 63,0 of 0,2 of 9,---,22%,0,2,1,0,7:48,2:42,http://ufcstats.com/fight-details/b13e3620949300c5,http://ufcstats.com/event-details/d1152823307d7e7c,http://www.ufcstats.com/fighter-details/029eaff01e6bb8f0,http://www.ufcstats.com/fighter-details/60ba33c3f555a7a3,Dustin Poirier,Featherweight,Decision - Unanimous,3,5:00,http://ufcstats.com/fight-details/b13e3620949300c5,c51ba89947344bee9661ccd1c7c96d7a,2026-09-08 22:22:29.076787+00:00
Phil Baroni,Brad Tavares,1,1,11 of 16,22 of 31,68%,70%,23 of 29,25 of 34,0 of 0,0 of 3,---,0%,1,0,0,0,1:49,0:44,http://ufcstats.com/fight-details/fbc7d73f7bf60b9c,http://ufcstats.com/event-details/d1152823307d7e7c,http://www.ufcstats.com/fighter-details/1652f3213655b935,http://www.ufcstats.com/fighter-details/0c6d9ea8306c029e,Brad Tavares,Middleweight,KO/TKO,1,4:20,http://ufcstats.com/fight-details/fbc7d73f7bf60b9c,c51ba89947344bee9661ccd1c7c96d7a,2026-09-08 22:22:30.805949+00:00
Jim Miller,Charles Oliveira,0,0,1 of 6,5 of 8,16%,62%,6 of 11,8 of 12,1 of 1,0 of 1,100%,0%,2,0,0,0,1:32,0:00,http://ufcstats.com/fight-details/77785292d4df807c,http://ufcstats.com/event-details/132f860d02953f4c,http://www.ufcstats.com/fighter-details/d1941565abf50b16,http://www.ufcstats.com/fighter-details/07225ba28ae309b6,Jim Miller,Lightweight,Submission,1,1:59,http://ufcstats.com/fight-details/77785292d4df807c,c51ba89947344bee9661ccd1c7c96d7a,2026-09-08 22:22:42.689714+00:00
Jonathan Brookins,Michael Johnson,0,1,32 of 67,30 of 62,47%,48%,57 of 95,38 of 70,3 of 13,0 of 1,23%,0%,0,0,0,1,9:47,1:15,http://ufcstats.com/fight-details/dca2a0eb4cd3deac,http://ufcstats.com/event-details/5d7bdab5e03e3216,http://www.ufcstats.com/fighter-details/b0a6124751a56bc4,http://www.ufcstats.com/fighter-details/511e82663651438d,Jonathan Brookins,Lightweight,Decision - Unanimous,3,5:00,http://ufcstats.com/fight-details/dca2a0eb4cd3deac,c51ba89947344bee9661ccd1c7c96d7a,2026-09-08 22:22:59.444147+00:00
Kendall Grove,Demian Maia,0,0,18 of 68,42 of 79,26%,53%,50 of 106,71 of 111,0 of 0,5 of 13,---,38%,0,1,0,0,0:00,8:16,http://ufcstats.com/fight-details/dee976dde74e7e05,http://ufcstats.com/event-details/5d7bdab5e03e3216,http://www.ufcstats.com/fighter-details/234f3767ff0e5701,http://www.ufcstats.com/fighter-details/427b5953ac8e3a27,Demian Maia,Middleweight,Decision - Unanimous,3,5:00,http://ufcstats.com/fight-details/dee976dde74e7e05,c51ba89947344bee9661ccd1c7c96d7a,2026-09-08 22:23:03.276535+00:00
Matt Brown,Brian Foster,0,0,13 of 21,25 of 44,61%,56%,23 of 32,36 of 63,1 of 1,3 of 3,100%,100%,1,2,1,1,1:50,3:19,http://ufcstats.com/fight-details/15cae38f1326adfb,http://ufcstats.com/event-details/dd992d569aaebee6,http://www.ufcstats.com/fighter-details/31123249b0bbf52e,http://www.ufcstats.com/fighter-details/3dc3022232b79c7a,Brian Foster,Welterweight,Submission,2,2:11,http://ufcstats.com/fight-details/15cae38f1326adfb,c51ba89947344bee9661ccd1c7c96d7a,2026-09-08 22:23:27.940792+00:00
Mike Lullo,Edson Barboza,0,2,12 of 45,43 of 69,26%,62%,68 of 104,44 of 70,0 of 5,2 of 2,0%,100%,1,0,0,0,0:10,5:13,http://ufcstats.com/fight-details/8b87b341bcd130ee,http://ufcstats.com/event-details/dd992d569aaebee6,http://www.ufcstats.com/fighter-details/e26882820f9e8df5,http://www.ufcstats.com/fighter-details/64a50dad704d1d49,Edson Barboza,Lightweight,KO/TKO,3,0:26,http://ufcstats.com/fight-details/8b87b341bcd130ee,c51ba89947344bee9661ccd1c7c96d7a,2026-09-08 22:23:33.066223+00:00
Diego Sanchez,Paulo Thiago,0,0,48 of 112,36 of 65,42%,55%,73 of 139,49 of 86,2 of 8,1 of 3,25%,33%,0,4,0,0,9:14,1:32,http://ufcstats.com/fight-details/635763ab6b5f0bf0,http://ufcstats.com/event-details/afdb76fbd86f6d11,http://www.ufcstats.com/fighter-details/82e7929bf6c2b689,http://www.ufcstats.com/fighter-details/30a09e43f15f1d75,Diego Sanchez,Welterweight,Decision - Unanimous,3,5:00,http://ufcstats.com/fight-details/635763ab6b5f0bf0,c51ba89947344bee9661ccd1c7c96d7a,2026-09-08 22:24:01.966902+00:00
Michael Bisping,Yoshihiro Akiyama,0,0,118 of 267,50 of 177,44%,28%,119 of 268,50 of 177,0 of 5,0 of 1,0%,0%,0,0,0,0,0:02,0:00,http://ufcstats.com/fight-details/ab341b7bb01cdc89,http://ufcstats.com/event-details/d512d9f204059f57,http://www.ufcstats.com/fighter-details/2b93ebd9f5417ad2,http://www.ufcstats.com/fighter-details/b0550072e5f0afa7,Michael Bisping,Middleweight,Decision - Unanimous,3,5:00,http://ufcstats.com/fight-details/ab341b7bb01cdc89,c51ba89947344bee9661ccd1c7c96d7a,2026-09-08 22:24:19.468192+00:00
Frank Mir,Mirko Filipovic,1,0,25 of 79,19 of 69,31%,27%,45 of 100,33 of 89,0 of 2,0 of 0,0%,---,0,0,0,0,4:30,0:00,http://ufcstats.com/fight-details/301b145c186635de,http://ufcstats.com/event-details/ad32471f01e7b1a5,http://www.ufcstats.com/fighter-details/1ff9589f9065a9ed,http://www.ufcstats.com/fighter-details/c32fb8c0f6471a4d,Frank Mir,Heavyweight,KO/TKO,3,4:02,http://ufcstats.com/fight-details/301b145c186635de,c51ba89947344bee9661ccd1c7c96d7a,2026-09-08 22:24:37.931788+00:00
Melvin Guillard,Jeremy Stephens,0,1,73 of 168,62 of 155,43%,40%,73 of 168,62 of 155,0 of 1,0 of 2,0%,0%,0,0,0,0,0:00,0:02,http://ufcstats.com/fight-details/8e2e14693e04bf45,http://ufcstats.com/event-details/ad32471f01e7b1a5,http://www.ufcstats.com/fighter-details/ccd1299e0345e0ce,http://www.ufcstats.com/fighter-details/18968f97ad34f15c,Melvin Guillard,Lightweight,Decision - Split,3,5:00,http://ufcstats.com/fight-details/8e2e14693e04bf45,c51ba89947344bee9661ccd1c7c96d7a,2026-09-08 22:24:45.056642+00:00
Efrain Escudero,Charles Oliveira,0,0,13 of 76,35 of 91,17%,38%,26 of 89,60 of 118,0 of 1,2 of 9,0%,22%,0,1,0,0,2:48,1:03,http://ufcstats.com/fight-details/a24121c70f773fe2,http://ufcstats.com/event-details/acff437707625fc7,http://www.ufcstats.com/fighter-details/83fd97284f4bb4a4,http://www.ufcstats.com/fighter-details/07225ba28ae309b6,Charles Oliveira,Lightweight,Submission,3,2:25,http://ufcstats.com/fight-details/a24121c70f773fe2,c51ba89947344bee9661ccd1c7c96d7a,2026-09-08 22:25:00.018672+00:00
Jim Miller,Gleison Tibau,0,0,29 of 113,23 of 100,25%,23%,44 of 128,36 of 114,0 of 6,4 of 5,0%,80%,2,0,0,0,2:07,3:23,http://ufcstats.com/fight-details/108140213049e629,http://ufcstats.com/event-details/acff437707625fc7,http://www.ufcstats.com/fighter-details/d1941565abf50b16,http://www.ufcstats.com/fighter-details/75e5fec9f72910ef,Jim Miller,Lightweight,Decision - Unanimous,3,5:00,http://ufcstats.com/fight-details/108140213049e629,c51ba89947344bee9661ccd1c7c96d7a,2026-09-08 22:25:01.762607+00:00
Frankie Edgar,BJ Penn,0,0,94 of 234,36 of 146,40%,24%,142 of 285,56 of 167,3 of 9,2 of 3,33%,66%,0,0,1,0,6:41,1:25,http://ufcstats.com/fight-details/3d38022fdcb3b5c9,http://ufcstats.com/event-details/054defd5420a551f,http://www.ufcstats.com/fighter-details/f2688492b9a525a3,http://www.ufcstats.com/fighter-details/73c7cfa551289285,Frankie Edgar,Lightweight,Decision - Unanimous,5,5:00,http://ufcstats.com/fight-details/3d38022fdcb3b5c9,c51ba89947344bee9661ccd1c7c96d7a,2026-09-08 22:25:17.206845+00:00
Demian Maia,Mario Miranda,0,0,30 of 49,14 of 41,61%,34%,104 of 146,29 of 60,5 of 7,0 of 0,71%,---,1,0,0,2,9:52,1:21,http://ufcstats.com/fight-details/4bb7363bb03628f6,http://ufcstats.com/event-details/054defd5420a551f,http://www.ufcstats.com/fighter-details/427b5953ac8e3a27,http://www.ufcstats.com/fighter-details/df2bf09c99594848,Demian Maia,Middleweight,Decision - Unanimous,3,5:00,http://ufcstats.com/fight-details/4bb7363bb03628f6,c51ba89947344bee9661ccd1c7c96d7a,2026-09-08 22:25:20.787028+00:00
Clay Guida,Rafael Dos Anjos,0,0,19 of 90,17 of 64,21%,26%,47 of 123,29 of 76,2 of 6,1 of 4,33%,25%,0,0,0,0,4:33,0:51,http://ufcstats.com/fight-details/3559cab3329e5431,http://ufcstats.com/event-details/2f3f12002564bb55,http://www.ufcstats.com/fighter-details/c47df9303d318c67,http://www.ufcstats.com/fighter-details/6a2f7c151031653d,Clay Guida,Lightweight,Submission,3,1:51,http://ufcstats.com/fight-details/3559cab3329e5431,c51ba89947344bee9661ccd1c7c96d7a,2026-09-08 22:25:39.675736+00:00
Darren Elkins,Charles Oliveira,0,0,0 of 4,3 of 4,0%,75%,0 of 4,3 of 4,1 of 1,0 of 0,100%,---,0,2,0,0,0:27,0:00,http://ufcstats.com/fight-details/db1c5b5a710fbdb0,http://ufcstats.com/event-details/f12f979b657ab876,http://www.ufcstats.com/fighter-details/92a9aa9c93192871,http://www.ufcstats.com/fighter-details/07225ba28ae309b6,Charles Oliveira,Lightweight,Submission,1,0:41,http://ufcstats.com/fight-details/db1c5b5a710fbdb0,c51ba89947344bee9661ccd1c7c96d7a,2026-09-08 22:26:10.351746+00:00
Chris Lytle,Matt Brown,0,1,19 of 49,25 of 42,38%,59%,40 of 72,29 of 46,0 of 1,1 of 2,0%,50%,4,1,0,0,2:27,1:41,http://ufcstats.com/fight-details/4c5a2a3cf2bea222,http://ufcstats.com/event-details/140745cbbcb023ac,http://www.ufcstats.com/fighter-details/91acd6910b802a9e,http://www.ufcstats.com/fighter-details/31123249b0bbf52e,Chris Lytle,Welterweight,Submission,2,2:02,http://ufcstats.com/fight-details/4c5a2a3cf2bea222,c51ba89947344bee9661ccd1c7c96d7a,2026-09-08 22:26:18.545093+00:00
Brad Tavares,Seth Baczynski,0,0,18 of 34,22 of 44,52%,50%,54 of 74,46 of 71,3 of 6,0 of 2,50%,0%,0,3,1,0,11:33,1:47,http://ufcstats.com/fight-details/3eb829eb77256ac0,http://ufcstats.com/event-details/9bcf8603ceb25680,http://www.ufcstats.com/fighter-details/0c6d9ea8306c029e,http://www.ufcstats.com/fighter-details/fd5b6598a3b70c0a,Brad Tavares,Middleweight,Decision - Unanimous,3,5:00,http://ufcstats.com/fight-details/3eb829eb77256ac0,c51ba89947344bee9661ccd1c7c96d7a,2026-09-08 22:26:45.181779+00:00
Michael Bisping,Dan Miller,0,0,76 of 225,50 of 211,33%,23%,77 of 226,56 of 217,0 of 0,1 of 4,---,25%,0,0,0,0,0:00,0:45,http://ufcstats.com/fight-details/f89589236dc3cbd7,http://ufcstats.com/event-details/bfc2fc38a0e20211,http://www.ufcstats.com/fighter-details/2b93ebd9f5417ad2,http://www.ufcstats.com/fighter-details/d0c29452d3272603,Michael Bisping,Middleweight,Decision - Unanimous,3,5:00,http://ufcstats.com/fight-details/f89589236dc3cbd7,c51ba89947344bee9661ccd1c7c96d7a,2026-09-08 22:27:17.124376+00:00
Diego Sanchez,John Hathaway,0,1,24 of 90,84 of 174,26%,48%,25 of 92,115 of 215,1 of 8,0 of 2,12%,0%,0,0,0,0,2:05,3:53,http://ufcstats.com/fight-details/7f35ce1469dab556,http://ufcstats.com/event-details/bfc2fc38a0e20211,http://www.ufcstats.com/fighter-details/82e7929bf6c2b689,http://www.ufcstats.com/fighter-details/28f3c2258a1d8874,John Hathaway,Welterweight,Decision - Unanimous,3,5:00,http://ufcstats.com/fight-details/7f35ce1469dab556,c51ba89947344bee9661ccd1c7c96d7a,2026-09-08 22:27:22.219957+00:00
Sam Stout,Jeremy Stephens,1,1,70 of 181,55 of 119,38%,46%,76 of 187,64 of 128,0 of 1,3 of 5,0%,60%,1,0,0,0,0:48,1:11,http://ufcstats.com/fight-details/fc2badbeebf85ebf,http://ufcstats.com/event-details/d0c29452d3272603,http://www.ufcstats.com/fighter-details/501b07aec9b8fc2d,http://www.ufcstats.com/fighter-details/18968f97ad34f15c,Jeremy Stephens,Lightweight,Decision - Split,3,5:00,http://ufcstats.com/fight-details/fc2badbeebf85ebf,c51ba89947344bee9661ccd1c7c96d7a,2026-09-08 22:27:38.828234+00:00
Anderson Silva,Demian Maia,1,0,61 of 111,10 of 52,54%,19%,62 of 112,11 of 53,0 of 0,0 of 13,---,0%,0,0,0,0,1:22,0:04,http://ufcstats.com/fight-details/63f744d672fbb8b4,http://ufcstats.com/event-details/24b033b3daf1c9df,http://www.ufcstats.com/fighter-details/1f454354805b6f75,http://www.ufcstats.com/fighter-details/427b5953ac8e3a27,Anderson Silva,Middleweight,Decision - Unanimous,5,5:00,http://ufcstats.com/fight-details/63f744d672fbb8b4,c51ba89947344bee9661ccd1c7c96d7a,2026-09-08 22:27:55.430507+00:00
BJ Penn,Frankie Edgar,0,0,71 of 262,61 of 232,27%,26%,72 of 263,63 of 234,0 of 0,1 of 13,---,7%,0,0,0,0,0:00,0:05,http://ufcstats.com/fight-details/29c9e57b23116aa2,http://ufcstats.com/event-details/24b033b3daf1c9df,http://www.ufcstats.com/fighter-details/73c7cfa551289285,http://www.ufcstats.com/fighter-details/f2688492b9a525a3,Frankie Edgar,Lightweight,Decision - Unanimous,5,5:00,http://ufcstats.com/fight-details/29c9e57b23116aa2,c51ba89947344bee9661ccd1c7c96d7a,2026-09-08 22:27:57.363331+00:00
Terry Etim,Rafael Dos Anjos,0,0,7 of 20,25 of 45,35%,55%,11 of 25,45 of 69,0 of 0,2 of 3,---,66%,1,1,0,0,1:29,5:37,http://ufcstats.com/fight-details/38ea5a7a5b4932cb,http://ufcstats.com/event-details/24b033b3daf1c9df,http://www.ufcstats.com/fighter-details/33011768c3c4dc9a,http://www.ufcstats.com/fighter-details/6a2f7c151031653d,Rafael Dos Anjos,Lightweight,Submission,2,4:30,http://ufcstats.com/fight-details/38ea5a7a5b4932cb,c51ba89947344bee9661ccd1c7c96d7a,2026-09-08 22:28:01.462891+00:00
Caol Uno,Gleison Tibau,0,1,6 of 28,22 of 59,21%,37%,10 of 34,26 of 65,0 of 0,1 of 1,---,100%,0,0,0,0,0:00,1:30,http://ufcstats.com/fight-details/2e8217f029c25a3a,http://ufcstats.com/event-details/3ed134d85dfbd7b4,http://www.ufcstats.com/fighter-details/eb1723480fa2f96c,http://www.ufcstats.com/fighter-details/75e5fec9f72910ef,Gleison Tibau,Lightweight,KO/TKO,1,4:13,http://ufcstats.com/fight-details/2e8217f029c25a3a,c51ba89947344bee9661ccd1c7c96d7a,2026-09-08 22:28:27.006749+00:00
Frank Mir,Shane Carwin,0,1,3 of 10,49 of 63,30%,77%,3 of 10,74 of 89,0 of 0,0 of 2,---,0%,0,0,0,0,0:03,2:33,http://ufcstats.com/fight-details/5755a68d39867abc,http://ufcstats.com/event-details/c80095f6092271a7,http://www.ufcstats.com/fighter-details/1ff9589f9065a9ed,http://www.ufcstats.com/fighter-details/68dd7b3783c19f9c,Shane Carwin,Heavyweight,KO/TKO,1,3:48,http://ufcstats.com/fight-details/5755a68d39867abc,c51ba89947344bee9661ccd1c7c96d7a,2026-09-08 22:28:36.990845+00:00
Jim Miller,Mark Bocek,0,0,23 of 67,17 of 45,34%,37%,42 of 89,52 of 81,1 of 2,4 of 8,50%,50%,3,1,1,0,1:36,9:52,http://ufcstats.com/fight-details/3b8e793ed8151a51,http://ufcstats.com/event-details/c80095f6092271a7,http://www.ufcstats.com/fighter-details/d1941565abf50b16,http://www.ufcstats.com/fighter-details/cf9d24e4bd0cf2ce,Jim Miller,Lightweight,Decision - Unanimous,3,5:00,http://ufcstats.com/fight-details/3b8e793ed8151a51,c51ba89947344bee9661ccd1c7c96d7a,2026-09-08 22:28:42.002683+00:00
Ricardo Almeida,Matt Brown,0,0,15 of 27,6 of 10,55%,60%,24 of 36,23 of 28,5 of 11,0 of 0,45%,---,1,0,0,0,7:07,0:16,http://ufcstats.com/fight-details/103b36a1b9d98102,http://ufcstats.com/event-details/c80095f6092271a7,http://www.ufcstats.com/fighter-details/91186547a7f3f758,http://www.ufcstats.com/fighter-details/31123249b0bbf52e,Ricardo Almeida,Welterweight,Submission,2,3:30,http://ufcstats.com/fight-details/103b36a1b9d98102,c51ba89947344bee9661ccd1c7c96d7a,2026-09-08 22:28:45.291804+00:00
Clay Guida,Shannon Gugerty,0,0,14 of 33,1 of 7,42%,14%,72 of 102,6 of 12,2 of 2,0 of 1,100%,0%,1,3,0,0,7:27,0:02,http://ufcstats.com/fight-details/9368a80ba62d87e2,http://ufcstats.com/event-details/3795fca327cbcf23,http://www.ufcstats.com/fighter-details/c47df9303d318c67,http://www.ufcstats.com/fighter-details/9f1641c08cf8fbe2,Clay Guida,Lightweight,Submission,2,3:40,http://ufcstats.com/fight-details/9368a80ba62d87e2,c51ba89947344bee9661ccd1c7c96d7a,2026-09-08 22:29:01.371699+00:00
Duane Ludwig,Darren Elkins,0,0,1 of 5,0 of 2,20%,0%,1 of 5,0 of 2,0 of 0,1 of 2,---,50%,0,0,0,0,0:03,0:10,http://ufcstats.com/fight-details/f63a647b74359194,http://ufcstats.com/event-details/3795fca327cbcf23,http://www.ufcstats.com/fighter-details/84ac950d4c1722dd,http://www.ufcstats.com/fighter-details/92a9aa9c93192871,Darren Elkins,Lightweight,KO/TKO,1,0:44,http://ufcstats.com/fight-details/f63a647b74359194,c51ba89947344bee9661ccd1c7c96d7a,2026-09-08 22:29:04.642885+00:00
Wanderlei Silva,Michael Bisping,1,0,42 of 165,32 of 137,25%,23%,47 of 171,38 of 144,1 of 1,5 of 9,100%,55%,1,0,0,0,1:00,0:42,http://ufcstats.com/fight-details/241a722f3b042c59,http://ufcstats.com/event-details/49efbdc6c9f650c4,http://www.ufcstats.com/fighter-details/a1f6999fe57236e0,http://www.ufcstats.com/fighter-details/2b93ebd9f5417ad2,Wanderlei Silva,Middleweight,Decision - Unanimous,3,5:00,http://ufcstats.com/fight-details/241a722f3b042c59,c51ba89947344bee9661ccd1c7c96d7a,2026-09-08 22:29:16.322675+00:00
Demian Maia,Dan Miller,0,0,30 of 77,20 of 95,38%,21%,67 of 122,25 of 100,4 of 7,0 of 0,57%,---,0,0,0,0,5:17,0:11,http://ufcstats.com/fight-details/83a7cc0b0de904b9,http://ufcstats.com/event-details/15edcf67ccf5be84,http://www.ufcstats.com/fighter-details/427b5953ac8e3a27,http://www.ufcstats.com/fighter-details/d0c29452d3272603,Demian Maia,Middleweight,Decision - Unanimous,3,5:00,http://ufcstats.com/fight-details/83a7cc0b0de904b9,c51ba89947344bee9661ccd1c7c96d7a,2026-09-08 22:29:37.113909+00:00
Rafael Dos Anjos,Kyle Bradley,0,0,42 of 112,21 of 53,37%,39%,99 of 183,31 of 64,5 of 8,0 of 0,62%,---,2,0,0,0,8:16,0:24,http://ufcstats.com/fight-details/c4fa93a4f37a6ca7,http://ufcstats.com/event-details/58bc81376286b3d3,http://www.ufcstats.com/fighter-details/6a2f7c151031653d,http://www.ufcstats.com/fighter-details/a6959da32f0e6b5d,Rafael Dos Anjos,Lightweight,Decision - Unanimous,3,5:00,http://ufcstats.com/fight-details/c4fa93a4f37a6ca7,c51ba89947344bee9661ccd1c7c96d7a,2026-09-08 22:30:06.099188+00:00
Jim Miller,Duane Ludwig,1,0,6 of 23,2 of 27,26%,7%,11 of 28,3 of 28,0 of 0,0 of 0,---,---,1,0,0,0,0:15,0:21,http://ufcstats.com/fight-details/9d2c9d2249d4fe50,http://ufcstats.com/event-details/a6d8bfe9e0c8153b,http://www.ufcstats.com/fighter-details/d1941565abf50b16,http://www.ufcstats.com/fighter-details/84ac950d4c1722dd,Jim Miller,Lightweight,Submission,1,2:31,http://ufcstats.com/fight-details/9d2c9d2249d4fe50,c51ba89947344bee9661ccd1c7c96d7a,2026-09-08 22:30:17.550266+00:00
BJ Penn,Diego Sanchez,0,0,70 of 131,8 of 108,53%,7%,149 of 213,8 of 108,0 of 0,0 of 27,---,0%,0,0,0,0,1:30,6:21,http://ufcstats.com/fight-details/f6d078e9fe7d17c8,http://ufcstats.com/event-details/821cd80aab70d5f9,http://www.ufcstats.com/fighter-details/73c7cfa551289285,http://www.ufcstats.com/fighter-details/82e7929bf6c2b689,BJ Penn,Lightweight,TKO - Doctor's Stoppage,5,2:37,http://ufcstats.com/fight-details/f6d078e9fe7d17c8,c51ba89947344bee9661ccd1c7c96d7a,2026-09-08 22:30:31.080907+00:00
Frank Mir,Cheick Kongo,1,0,2 of 5,0 of 4,40%,0%,2 of 5,0 of 4,0 of 0,0 of 0,---,---,1,0,0,0,0:06,0:23,http://ufcstats.com/fight-details/a9bc7915974b7d15,http://ufcstats.com/event-details/821cd80aab70d5f9,http://www.ufcstats.com/fighter-details/1ff9589f9065a9ed,http://www.ufcstats.com/fighter-details/1eacf73d6a0055dc,Frank Mir,Heavyweight,Submission,1,1:12,http://ufcstats.com/fight-details/a9bc7915974b7d15,c51ba89947344bee9661ccd1c7c96d7a,2026-09-08 22:30:32.813679+00:00
Kenny Florian,Clay Guida,1,0,22 of 78,13 of 69,28%,18%,43 of 102,14 of 71,1 of 2,0 of 3,50%,0%,1,0,0,0,1:04,0:44,http://ufcstats.com/fight-details/9172138df0d70cb0,http://ufcstats.com/event-details/821cd80aab70d5f9,http://www.ufcstats.com/fighter-details/cb139171ed1b69fe,http://www.ufcstats.com/fighter-details/c47df9303d318c67,Kenny Florian,Lightweight,Submission,2,2:19,http://ufcstats.com/fight-details/9172138df0d70cb0,c51ba89947344bee9661ccd1c7c96d7a,2026-09-08 22:30:36.259222+00:00
Frankie Edgar,Matt Veach,0,0,25 of 61,7 of 42,40%,16%,36 of 72,7 of 42,0 of 3,3 of 9,0%,33%,1,0,0,0,0:37,2:01,http://ufcstats.com/fight-details/5ab4bdec4db84f7d,http://ufcstats.com/event-details/91d73ee59347ac16,http://www.ufcstats.com/fighter-details/f2688492b9a525a3,http://www.ufcstats.com/fighter-details/5731cc327790b731,Frankie Edgar,Lightweight,Submission,2,2:20,http://ufcstats.com/fight-details/5ab4bdec4db84f7d,c51ba89947344bee9661ccd1c7c96d7a,2026-09-08 22:30:56.570082+00:00
Michael Bisping,Denis Kang,0,1,29 of 85,11 of 53,34%,20%,50 of 110,27 of 75,3 of 3,0 of 1,100%,0%,1,0,0,0,1:25,3:45,http://ufcstats.com/fight-details/b12d96ba9426b8d4,http://ufcstats.com/event-details/fa8b9e6b0c2269f8,http://www.ufcstats.com/fighter-details/2b93ebd9f5417ad2,http://www.ufcstats.com/fighter-details/3c241737a6069b9f,Michael Bisping,Middleweight,KO/TKO,2,4:24,http://ufcstats.com/fight-details/b12d96ba9426b8d4,c51ba89947344bee9661ccd1c7c96d7a,2026-09-08 22:31:32.200409+00:00
Matt Brown,James Wilks,1,0,45 of 75,19 of 53,60%,35%,67 of 97,58 of 97,0 of 1,1 of 10,0%,10%,3,3,0,2,2:43,6:11,http://ufcstats.com/fight-details/2c07f8ba25640237,http://ufcstats.com/event-details/fa8b9e6b0c2269f8,http://www.ufcstats.com/fighter-details/31123249b0bbf52e,http://www.ufcstats.com/fighter-details/852454c572675334,Matt Brown,Welterweight,KO/TKO,3,2:27,http://ufcstats.com/fight-details/2c07f8ba25640237,c51ba89947344bee9661ccd1c7c96d7a,2026-09-08 22:31:33.823740+00:00
Gleison Tibau,Josh Neer,0,0,22 of 121,24 of 99,18%,24%,35 of 135,47 of 123,11 of 14,0 of 0,78%,---,2,0,0,0,4:37,0:39,http://ufcstats.com/fight-details/92975b516e6463b6,http://ufcstats.com/event-details/7c0847d3854a95f2,http://www.ufcstats.com/fighter-details/75e5fec9f72910ef,http://www.ufcstats.com/fighter-details/d1a1314976c50bef,Gleison Tibau,Lightweight,Decision - Unanimous,3,5:00,http://ufcstats.com/fight-details/92975b516e6463b6,c51ba89947344bee9661ccd1c7c96d7a,2026-09-08 22:31:52.580045+00:00
Jim Miller,Steve Lopez,1,0,30 of 87,6 of 49,34%,12%,40 of 97,15 of 59,0 of 1,0 of 0,0%,---,1,0,0,0,2:18,0:00,http://ufcstats.com/fight-details/42a7d576dc207e63,http://ufcstats.com/event-details/896c322f56b8be5a,http://www.ufcstats.com/fighter-details/d1941565abf50b16,http://www.ufcstats.com/fighter-details/6085ceb59087514b,Jim Miller,Lightweight,KO/TKO,2,0:48,http://ufcstats.com/fight-details/42a7d576dc207e63,c51ba89947344bee9661ccd1c7c96d7a,2026-09-08 22:32:22.127075+00:00
Rafael Dos Anjos,Rob Emerson,0,0,52 of 165,27 of 172,31%,15%,85 of 201,34 of 181,2 of 12,0 of 1,16%,0%,0,0,0,0,4:18,0:20,http://ufcstats.com/fight-details/329a097e0b53daac,http://ufcstats.com/event-details/896c322f56b8be5a,http://www.ufcstats.com/fighter-details/6a2f7c151031653d,http://www.ufcstats.com/fighter-details/dc0f07928009a127,Rafael Dos Anjos,Lightweight,Decision - Unanimous,3,5:00,http://ufcstats.com/fight-details/329a097e0b53daac,c51ba89947344bee9661ccd1c7c96d7a,2026-09-08 22:32:30.571640+00:00
Jeremy Stephens,Justin Buchholz,2,0,28 of 50,9 of 49,56%,18%,30 of 52,11 of 51,0 of 0,0 of 0,---,---,0,0,0,0,0:26,0:00,http://ufcstats.com/fight-details/4553c3ab494c2d05,http://ufcstats.com/event-details/a8ea84cbe1655f0a,http://www.ufcstats.com/fighter-details/18968f97ad34f15c,http://www.ufcstats.com/fighter-details/231926533134ec1f,Jeremy Stephens,Lightweight,TKO - Doctor's Stoppage,1,3:23,http://ufcstats.com/fight-details/4553c3ab494c2d05,c51ba89947344bee9661ccd1c7c96d7a,2026-09-08 22:32:45.556976+00:00
Nate Marquardt,Demian Maia,1,0,1 of 1,0 of 2,100%,0%,1 of 1,0 of 2,0 of 0,0 of 0,---,---,0,0,0,0,0:01,0:00,http://ufcstats.com/fight-details/3445246f8e3eba24,http://ufcstats.com/event-details/c6a33ff198aaaeeb,http://www.ufcstats.com/fighter-details/a8e6a69796280f17,http://www.ufcstats.com/fighter-details/427b5953ac8e3a27,Nate Marquardt,Middleweight,KO/TKO,1,0:21,http://ufcstats.com/fight-details/3445246f8e3eba24,c51ba89947344bee9661ccd1c7c96d7a,2026-09-08 22:32:57.402414+00:00
Brock Lesnar,Frank Mir,0,0,47 of 51,4 of 12,92%,33%,74 of 80,4 of 12,1 of 1,0 of 0,100%,---,0,0,0,0,5:46,0:00,http://ufcstats.com/fight-details/8df2751dcbfa0fa2,http://ufcstats.com/event-details/0ee783aa00e468f0,http://www.ufcstats.com/fighter-details/513c6f1715e547a8,http://www.ufcstats.com/fighter-details/1ff9589f9065a9ed,Brock Lesnar,Heavyweight,KO/TKO,2,1:48,http://ufcstats.com/fight-details/8df2751dcbfa0fa2,c51ba89947344bee9661ccd1c7c96d7a,2026-09-08 22:33:34.664155+00:00
Dan Henderson,Michael Bisping,1,0,29 of 98,22 of 109,29%,20%,29 of 98,22 of 109,0 of 0,0 of 1,---,0%,0,0,0,0,0:26,0:07,http://ufcstats.com/fight-details/6d1093a1c31dab94,http://ufcstats.com/event-details/0ee783aa00e468f0,http://www.ufcstats.com/fighter-details/1ccf4e7caff270df,http://www.ufcstats.com/fighter-details/2b93ebd9f5417ad2,Dan Henderson,Middleweight,KO/TKO,2,3:20,http://ufcstats.com/fight-details/6d1093a1c31dab94,c51ba89947344bee9661ccd1c7c96d7a,2026-09-08 22:33:38.125406+00:00
Jim Miller,Mac Danzig,0,0,37 of 91,20 of 57,40%,35%,98 of 157,116 of 157,6 of 7,0 of 0,85%,---,1,1,0,1,10:28,0:28,http://ufcstats.com/fight-details/d9c3d7b09d8df3e4,http://ufcstats.com/event-details/0ee783aa00e468f0,http://www.ufcstats.com/fighter-details/d1941565abf50b16,http://www.ufcstats.com/fighter-details/86f582852a5b240a,Jim Miller,Lightweight,Decision - Unanimous,3,5:00,http://ufcstats.com/fight-details/d9c3d7b09d8df3e4,c51ba89947344bee9661ccd1c7c96d7a,2026-09-08 22:33:43.375788+00:00
Diego Sanchez,Clay Guida,1,0,68 of 144,29 of 96,47%,30%,80 of 156,57 of 130,1 of 2,2 of 7,50%,28%,3,0,0,0,1:05,7:57,http://ufcstats.com/fight-details/468d6da7f097e449,http://ufcstats.com/event-details/4908c5ee68a50ee5,http://www.ufcstats.com/fighter-details/82e7929bf6c2b689,http://www.ufcstats.com/fighter-details/c47df9303d318c67,Diego Sanchez,Lightweight,Decision - Split,3,5:00,http://ufcstats.com/fight-details/468d6da7f097e449,c51ba89947344bee9661ccd1c7c96d7a,2026-09-08 22:33:53.409500+00:00
Melvin Guillard,Gleison Tibau,0,0,13 of 50,14 of 50,26%,28%,19 of 56,72 of 115,1 of 4,6 of 14,25%,42%,0,0,0,0,0:10,8:31,http://ufcstats.com/fight-details/a5a5e24f4dd40fbf,http://ufcstats.com/event-details/4908c5ee68a50ee5,http://www.ufcstats.com/fighter-details/ccd1299e0345e0ce,http://www.ufcstats.com/fighter-details/75e5fec9f72910ef,Melvin Guillard,Lightweight,Decision - Split,3,5:00,http://ufcstats.com/fight-details/a5a5e24f4dd40fbf,c51ba89947344bee9661ccd1c7c96d7a,2026-09-08 22:34:02.631351+00:00
Frankie Edgar,Sean Sherk,0,0,74 of 191,27 of 204,38%,13%,76 of 193,30 of 207,1 of 7,1 of 3,14%,33%,1,0,0,0,0:44,0:24,http://ufcstats.com/fight-details/eb23f3574b656624,http://ufcstats.com/event-details/c4b6099f0d25f75e,http://www.ufcstats.com/fighter-details/f2688492b9a525a3,http://www.ufcstats.com/fighter-details/029880cdbf5ca089,Frankie Edgar,Lightweight,Decision - Unanimous,3,5:00,http://ufcstats.com/fight-details/eb23f3574b656624,c51ba89947344bee9661ccd1c7c96d7a,2026-09-08 22:34:44.461400+00:00
Tyson Griffin,Rafael Dos Anjos,0,0,69 of 213,26 of 134,32%,19%,101 of 245,29 of 137,1 of 4,0 of 1,25%,0%,0,3,0,1,2:51,0:05,http://ufcstats.com/fight-details/f1100f1bc6cbb351,http://ufcstats.com/event-details/04d5718ed2661e8c,http://www.ufcstats.com/fighter-details/20205040232ed0f3,http://www.ufcstats.com/fighter-details/6a2f7c151031653d,Tyson Griffin,Lightweight,Decision - Unanimous,3,5:00,http://ufcstats.com/fight-details/f1100f1bc6cbb351,c51ba89947344bee9661ccd1c7c96d7a,2026-09-08 22:35:37.177929+00:00
Gleison Tibau,Jeremy Stephens,0,0,7 of 20,23 of 40,35%,57%,46 of 65,40 of 57,5 of 13,0 of 0,38%,---,3,0,0,0,10:09,0:43,http://ufcstats.com/fight-details/9c7a67ce1d6a01f9,http://ufcstats.com/event-details/04d5718ed2661e8c,http://www.ufcstats.com/fighter-details/75e5fec9f72910ef,http://www.ufcstats.com/fighter-details/18968f97ad34f15c,Gleison Tibau,Lightweight,Decision - Unanimous,3,5:00,http://ufcstats.com/fight-details/9c7a67ce1d6a01f9,c51ba89947344bee9661ccd1c7c96d7a,2026-09-08 22:35:41.256771+00:00
Matt Brown,Pete Sell,2,0,24 of 31,0 of 1,77%,0%,44 of 51,0 of 1,0 of 0,0 of 1,---,0%,0,0,0,0,0:35,0:21,http://ufcstats.com/fight-details/1df12710cfdb60f4,http://ufcstats.com/event-details/29b5791e51e7e832,http://www.ufcstats.com/fighter-details/31123249b0bbf52e,http://www.ufcstats.com/fighter-details/0359313549d230a1,Matt Brown,Welterweight,KO/TKO,1,1:32,http://ufcstats.com/fight-details/1df12710cfdb60f4,c51ba89947344bee9661ccd1c7c96d7a,2026-09-08 22:36:22.871024+00:00
Gray Maynard,Jim Miller,0,0,37 of 93,25 of 100,39%,25%,59 of 115,28 of 104,1 of 1,0 of 8,100%,0%,0,1,0,0,2:06,1:26,http://ufcstats.com/fight-details/789a8911fcd6de13,http://ufcstats.com/event-details/29b5791e51e7e832,http://www.ufcstats.com/fighter-details/7d96bc577e5178b2,http://www.ufcstats.com/fighter-details/d1941565abf50b16,Gray Maynard,Lightweight,Decision - Unanimous,3,5:00,http://ufcstats.com/fight-details/789a8911fcd6de13,c51ba89947344bee9661ccd1c7c96d7a,2026-09-08 22:36:26.708604+00:00
Diego Sanchez,Joe Stevenson,0,0,91 of 193,41 of 145,47%,28%,91 of 193,43 of 147,1 of 4,0 of 4,25%,0%,1,1,0,1,0:46,0:24,http://ufcstats.com/fight-details/56aac937d9f1d13a,http://ufcstats.com/event-details/7d21de9c6d7c98b2,http://www.ufcstats.com/fighter-details/82e7929bf6c2b689,http://www.ufcstats.com/fighter-details/79899ecf62020f6d,Diego Sanchez,Lightweight,Decision - Unanimous,3,5:00,http://ufcstats.com/fight-details/56aac937d9f1d13a,c51ba89947344bee9661ccd1c7c96d7a,2026-09-08 22:36:38.679939+00:00
Demian Maia,Chael Sonnen,0,0,6 of 17,8 of 24,35%,33%,6 of 17,18 of 34,1 of 4,0 of 0,25%,---,1,0,0,0,0:09,1:27,http://ufcstats.com/fight-details/995d42d9ff422ed1,http://ufcstats.com/event-details/7d21de9c6d7c98b2,http://www.ufcstats.com/fighter-details/427b5953ac8e3a27,http://www.ufcstats.com/fighter-details/48d1f690b763934c,Demian Maia,Middleweight,Submission,1,2:37,http://ufcstats.com/fight-details/995d42d9ff422ed1,c51ba89947344bee9661ccd1c7c96d7a,2026-09-08 22:36:44.102763+00:00
Joe Lauzon,Jeremy Stephens,0,0,11 of 17,15 of 37,64%,40%,32 of 38,25 of 47,2 of 2,1 of 1,100%,100%,4,0,1,1,5:11,3:43,http://ufcstats.com/fight-details/83c5a944258d2332,http://ufcstats.com/event-details/d1759b2b7be9be56,http://www.ufcstats.com/fighter-details/3bad7ef643840f67,http://www.ufcstats.com/fighter-details/18968f97ad34f15c,Joe Lauzon,Lightweight,Submission,2,4:43,http://ufcstats.com/fight-details/83c5a944258d2332,c51ba89947344bee9661ccd1c7c96d7a,2026-09-08 22:36:59.213208+00:00
Gleison Tibau,Rich Clementi,0,0,7 of 10,1 of 9,70%,11%,22 of 26,2 of 10,2 of 3,0 of 1,66%,0%,1,0,0,0,3:22,0:19,http://ufcstats.com/fight-details/c9721146eba68c2a,http://ufcstats.com/event-details/d1759b2b7be9be56,http://www.ufcstats.com/fighter-details/75e5fec9f72910ef,http://www.ufcstats.com/fighter-details/7d21de9c6d7c98b2,Gleison Tibau,Lightweight,Submission,1,4:35,http://ufcstats.com/fight-details/c9721146eba68c2a,c51ba89947344bee9661ccd1c7c96d7a,2026-09-08 22:37:14.619334+00:00
Clay Guida,Nate Diaz,0,0,49 of 99,49 of 135,49%,36%,75 of 127,70 of 158,4 of 11,0 of 8,36%,0%,1,0,0,0,8:47,0:51,http://ufcstats.com/fight-details/92e9c53671ac8fe7,http://ufcstats.com/event-details/2a542ee8a8b83559,http://www.ufcstats.com/fighter-details/c47df9303d318c67,http://www.ufcstats.com/fighter-details/8355922d564b152c,Clay Guida,Lightweight,Decision - Split,3,5:00,http://ufcstats.com/fight-details/92e9c53671ac8fe7,c51ba89947344bee9661ccd1c7c96d7a,2026-09-08 22:37:44.224476+00:00
Frank Mir,Antonio Rodrigo Nogueira,3,0,37 of 101,10 of 38,36%,26%,40 of 106,15 of 43,1 of 1,0 of 0,100%,---,0,0,0,0,0:42,0:00,http://ufcstats.com/fight-details/02c54d382fb1c347,http://ufcstats.com/event-details/23ab42947c1990e3,http://www.ufcstats.com/fighter-details/1ff9589f9065a9ed,http://www.ufcstats.com/fighter-details/ee9d73f4fee9cbdd,Frank Mir,Heavyweight,KO/TKO,2,1:54,http://ufcstats.com/fight-details/02c54d382fb1c347,c51ba89947344bee9661ccd1c7c96d7a,2026-09-08 22:38:18.429865+00:00
Jim Miller,Matt Wiman,0,0,61 of 137,20 of 56,44%,35%,110 of 193,34 of 73,4 of 6,1 of 3,66%,33%,2,0,1,1,10:39,0:51,http://ufcstats.com/fight-details/d90567f7d4372160,http://ufcstats.com/event-details/30cd319d39ee689b,http://www.ufcstats.com/fighter-details/d1941565abf50b16,http://www.ufcstats.com/fighter-details/eb29176b03dfa888,Jim Miller,Lightweight,Decision - Unanimous,3,5:00,http://ufcstats.com/fight-details/d90567f7d4372160,c51ba89947344bee9661ccd1c7c96d7a,2026-09-08 22:38:59.554187+00:00
Demian Maia,Nate Quarry,0,0,2 of 4,0 of 0,50%,---,22 of 32,8 of 8,1 of 2,0 of 0,50%,---,1,0,0,0,1:45,0:06,http://ufcstats.com/fight-details/bfd846ad4d597bbb,http://ufcstats.com/event-details/a2b06ca02bca14c0,http://www.ufcstats.com/fighter-details/427b5953ac8e3a27,http://www.ufcstats.com/fighter-details/52cae54377b433b7,Demian Maia,Middleweight,Submission,1,2:13,http://ufcstats.com/fight-details/bfd846ad4d597bbb,c51ba89947344bee9661ccd1c7c96d7a,2026-09-08 22:39:17.930330+00:00
Jeremy Stephens,Rafael Dos Anjos,1,0,22 of 46,9 of 18,47%,50%,33 of 60,37 of 48,0 of 0,4 of 6,---,66%,0,2,2,0,2:23,5:09,http://ufcstats.com/fight-details/9e99536eae6d709b,http://ufcstats.com/event-details/a2b06ca02bca14c0,http://www.ufcstats.com/fighter-details/18968f97ad34f15c,http://www.ufcstats.com/fighter-details/6a2f7c151031653d,Jeremy Stephens,Lightweight,KO/TKO,3,0:39,http://ufcstats.com/fight-details/9e99536eae6d709b,c51ba89947344bee9661ccd1c7c96d7a,2026-09-08 22:39:21.224337+00:00
Matt Brown,Ryan Thomas,0,0,15 of 23,15 of 22,65%,68%,20 of 30,76 of 85,1 of 1,5 of 8,100%,62%,3,0,0,0,0:45,4:21,http://ufcstats.com/fight-details/b34fb9e15fbd6b3b,http://ufcstats.com/event-details/a2b06ca02bca14c0,http://www.ufcstats.com/fighter-details/31123249b0bbf52e,http://www.ufcstats.com/fighter-details/b732b326c362fb62,Matt Brown,Welterweight,Submission,2,0:57,http://ufcstats.com/fight-details/b34fb9e15fbd6b3b,c51ba89947344bee9661ccd1c7c96d7a,2026-09-08 22:39:24.807435+00:00
Michael Bisping,Chris Leben,0,0,70 of 160,51 of 164,43%,31%,77 of 167,62 of 176,1 of 3,1 of 2,33%,50%,0,0,0,0,0:30,0:47,http://ufcstats.com/fight-details/1776c84e3d22d7cc,http://ufcstats.com/event-details/312f47c3d2f83ffa,http://www.ufcstats.com/fighter-details/2b93ebd9f5417ad2,http://www.ufcstats.com/fighter-details/d43a048a880efdff,Michael Bisping,Middleweight,Decision - Unanimous,3,5:00,http://ufcstats.com/fight-details/1776c84e3d22d7cc,c51ba89947344bee9661ccd1c7c96d7a,2026-09-08 22:39:46.207104+00:00
Jim Miller,David Baron,0,0,15 of 28,7 of 16,53%,43%,46 of 64,22 of 31,5 of 6,0 of 1,83%,0%,5,1,0,1,10:46,0:55,http://ufcstats.com/fight-details/9b8c29f50d452025,http://ufcstats.com/event-details/312f47c3d2f83ffa,http://www.ufcstats.com/fighter-details/d1941565abf50b16,http://www.ufcstats.com/fighter-details/80c0bed43da0e27b,Jim Miller,Lightweight,Submission,3,3:19,http://ufcstats.com/fight-details/9b8c29f50d452025,c51ba89947344bee9661ccd1c7c96d7a,2026-09-08 22:40:02.156131+00:00
Clay Guida,Mac Danzig,0,0,43 of 106,36 of 108,40%,33%,67 of 133,64 of 139,10 of 18,1 of 3,55%,33%,0,0,0,0,8:38,0:34,http://ufcstats.com/fight-details/d460961065f1198b,http://ufcstats.com/event-details/279093302a6f44b3,http://www.ufcstats.com/fighter-details/c47df9303d318c67,http://www.ufcstats.com/fighter-details/86f582852a5b240a,Clay Guida,Lightweight,Decision - Unanimous,3,5:00,http://ufcstats.com/fight-details/d460961065f1198b,c51ba89947344bee9661ccd1c7c96d7a,2026-09-08 22:40:08.929602+00:00
Dong Hyun Kim,Matt Brown,0,0,12 of 28,48 of 79,42%,60%,18 of 36,91 of 126,3 of 14,1 of 2,21%,50%,1,2,0,0,5:06,5:08,http://ufcstats.com/fight-details/cafb86764ea92268,http://ufcstats.com/event-details/0db70ca89e1c7374,http://www.ufcstats.com/fighter-details/9bcf8603ceb25680,http://www.ufcstats.com/fighter-details/31123249b0bbf52e,Dong Hyun Kim,Welterweight,Decision - Split,3,5:00,http://ufcstats.com/fight-details/cafb86764ea92268,c51ba89947344bee9661ccd1c7c96d7a,2026-09-08 22:40:32.395045+00:00
Demian Maia,Jason MacDonald,0,0,30 of 59,7 of 15,50%,46%,103 of 145,36 of 45,2 of 4,0 of 2,50%,0%,3,4,1,1,6:19,5:16,http://ufcstats.com/fight-details/31362d9ea15127b2,http://ufcstats.com/event-details/19ffeb5e3fffd6d5,http://www.ufcstats.com/fighter-details/427b5953ac8e3a27,http://www.ufcstats.com/fighter-details/2be6596a9db33bf5,Demian Maia,Middleweight,Submission,3,2:44,http://ufcstats.com/fight-details/31362d9ea15127b2,c51ba89947344bee9661ccd1c7c96d7a,2026-09-08 22:40:49.680900+00:00
Frankie Edgar,Hermes Franca,0,0,69 of 112,18 of 38,61%,47%,124 of 171,63 of 94,10 of 11,0 of 0,90%,---,0,1,0,0,12:09,0:00,http://ufcstats.com/fight-details/9f14f080b08e6869,http://ufcstats.com/event-details/46f11d15c0134fe3,http://www.ufcstats.com/fighter-details/f2688492b9a525a3,http://www.ufcstats.com/fighter-details/e0ec3c3b6b611f7e,Frankie Edgar,Lightweight,Decision - Unanimous,3,5:00,http://ufcstats.com/fight-details/9f14f080b08e6869,c51ba89947344bee9661ccd1c7c96d7a,2026-09-08 22:41:04.937992+00:00
Joe Stevenson,Gleison Tibau,1,0,12 of 27,4 of 24,44%,16%,13 of 28,28 of 48,1 of 3,5 of 5,33%,100%,2,1,0,0,3:14,2:31,http://ufcstats.com/fight-details/51b0cc51799e7d5d,http://ufcstats.com/event-details/bf12aca029bfcc47,http://www.ufcstats.com/fighter-details/79899ecf62020f6d,http://www.ufcstats.com/fighter-details/75e5fec9f72910ef,Joe Stevenson,Lightweight,Submission,2,2:57,http://ufcstats.com/fight-details/51b0cc51799e7d5d,c51ba89947344bee9661ccd1c7c96d7a,2026-09-08 22:41:24.583907+00:00
Diego Sanchez,Luigi Fioravanti,2,0,51 of 116,27 of 80,43%,33%,56 of 121,30 of 83,0 of 8,1 of 3,0%,33%,1,1,0,0,1:51,0:45,http://ufcstats.com/fight-details/31c2d8648b06a001,http://ufcstats.com/event-details/2299605af59fd309,http://www.ufcstats.com/fighter-details/82e7929bf6c2b689,http://www.ufcstats.com/fighter-details/9583662df31d943f,Diego Sanchez,Welterweight,KO/TKO,3,4:07,http://ufcstats.com/fight-details/31c2d8648b06a001,c51ba89947344bee9661ccd1c7c96d7a,2026-09-08 22:41:41.407323+00:00
Spencer Fisher,Jeremy Stephens,0,0,56 of 104,23 of 55,53%,41%,132 of 201,63 of 97,1 of 5,2 of 4,20%,50%,0,3,0,0,8:38,2:33,http://ufcstats.com/fight-details/7ddaf46a81b7e616,http://ufcstats.com/event-details/2299605af59fd309,http://www.ufcstats.com/fighter-details/f34312c2ccfa0e00,http://www.ufcstats.com/fighter-details/18968f97ad34f15c,Spencer Fisher,Lightweight,Decision - Unanimous,3,5:00,http://ufcstats.com/fight-details/7ddaf46a81b7e616,c51ba89947344bee9661ccd1c7c96d7a,2026-09-08 22:41:44.255910+00:00
Matt Brown,Matt Arroyo,0,0,32 of 65,26 of 64,49%,40%,53 of 95,34 of 76,0 of 0,2 of 6,---,33%,1,0,0,0,3:27,1:47,http://ufcstats.com/fight-details/6aee27cc2610b56a,http://ufcstats.com/event-details/2299605af59fd309,http://www.ufcstats.com/fighter-details/31123249b0bbf52e,http://www.ufcstats.com/fighter-details/de62052b2ede65ba,Matt Brown,Welterweight,KO/TKO,2,3:40,http://ufcstats.com/fight-details/6aee27cc2610b56a,c51ba89947344bee9661ccd1c7c96d7a,2026-09-08 22:41:51.030434+00:00
Michael Bisping,Jason Day,0,0,25 of 43,7 of 12,58%,58%,40 of 61,8 of 13,2 of 2,0 of 0,100%,---,0,0,0,0,2:20,0:03,http://ufcstats.com/fight-details/761681c1ab0fdead,http://ufcstats.com/event-details/2efbc83a6b9b7f86,http://www.ufcstats.com/fighter-details/2b93ebd9f5417ad2,http://www.ufcstats.com/fighter-details/a6fd2173d5e2d7f0,Michael Bisping,Middleweight,KO/TKO,1,3:42,http://ufcstats.com/fight-details/761681c1ab0fdead,c51ba89947344bee9661ccd1c7c96d7a,2026-09-08 22:41:59.039209+00:00
Michael Bisping,Charles McCarthy,1,0,39 of 90,1 of 12,43%,8%,49 of 103,2 of 13,0 of 0,1 of 1,---,100%,0,1,0,0,1:12,1:02,http://ufcstats.com/fight-details/8153c30fad5b2ad8,http://ufcstats.com/event-details/ad047e3073a775f3,http://www.ufcstats.com/fighter-details/2b93ebd9f5417ad2,http://www.ufcstats.com/fighter-details/da97d6c97d09c030,Michael Bisping,Middleweight,KO/TKO,1,5:00,http://ufcstats.com/fight-details/8153c30fad5b2ad8,c51ba89947344bee9661ccd1c7c96d7a,2026-09-08 22:42:42.939545+00:00
Demian Maia,Ed Herman,0,0,15 of 21,15 of 32,71%,46%,35 of 46,44 of 62,1 of 8,1 of 1,12%,100%,3,0,2,1,3:03,3:47,http://ufcstats.com/fight-details/af178adff964d854,http://ufcstats.com/event-details/ad047e3073a775f3,http://www.ufcstats.com/fighter-details/427b5953ac8e3a27,http://www.ufcstats.com/fighter-details/06f36cf4bd97ec77,Demian Maia,Middleweight,Submission,2,2:27,http://ufcstats.com/fight-details/af178adff964d854,c51ba89947344bee9661ccd1c7c96d7a,2026-09-08 22:42:49.596372+00:00
Gray Maynard,Frankie Edgar,0,0,19 of 65,26 of 75,29%,34%,27 of 74,31 of 80,9 of 10,1 of 5,90%,20%,0,0,0,0,6:17,0:32,http://ufcstats.com/fight-details/190c61d5a67018b5,http://ufcstats.com/event-details/b9e871af730f826c,http://www.ufcstats.com/fighter-details/7d96bc577e5178b2,http://www.ufcstats.com/fighter-details/f2688492b9a525a3,Gray Maynard,Lightweight,Decision - Unanimous,3,5:00,http://ufcstats.com/fight-details/190c61d5a67018b5,c51ba89947344bee9661ccd1c7c96d7a,2026-09-08 22:42:59.307214+00:00
Clay Guida,Samy Schiavo,0,0,11 of 26,4 of 22,42%,18%,24 of 39,4 of 22,1 of 1,0 of 0,100%,---,0,0,0,0,1:55,0:00,http://ufcstats.com/fight-details/f35b859289fba80e,http://ufcstats.com/event-details/b9e871af730f826c,http://www.ufcstats.com/fighter-details/c47df9303d318c67,http://www.ufcstats.com/fighter-details/1208ffc5be6e31ad,Clay Guida,Lightweight,KO/TKO,1,4:15,http://ufcstats.com/fight-details/f35b859289fba80e,c51ba89947344bee9661ccd1c7c96d7a,2026-09-08 22:43:13.738344+00:00
Andrei Arlovski,Jake O'Brien,0,0,14 of 35,4 of 12,40%,33%,55 of 86,37 of 52,1 of 1,2 of 14,100%,14%,0,0,0,0,1:59,4:44,http://ufcstats.com/fight-details/8b15591a73aa7eb0,http://ufcstats.com/event-details/598a58db87b890ee,http://www.ufcstats.com/fighter-details/3738e68d2261e60f,http://www.ufcstats.com/fighter-details/20bcc9966affb19c,Andrei Arlovski,Heavyweight,KO/TKO,2,4:17,http://ufcstats.com/fight-details/8b15591a73aa7eb0,c51ba89947344bee9661ccd1c7c96d7a,2026-09-08 22:43:29.226288+00:00
Diego Sanchez,David Bielkheden,0,0,24 of 50,1 of 1,48%,100%,49 of 75,11 of 11,1 of 1,0 of 0,100%,---,0,0,0,0,4:30,0:00,http://ufcstats.com/fight-details/bcf49463525efbee,http://ufcstats.com/event-details/598a58db87b890ee,http://www.ufcstats.com/fighter-details/82e7929bf6c2b689,http://www.ufcstats.com/fighter-details/1efa064872f089d0,Diego Sanchez,Welterweight,KO/TKO,1,4:43,http://ufcstats.com/fight-details/bcf49463525efbee,c51ba89947344bee9661ccd1c7c96d7a,2026-09-08 22:43:34.486962+00:00
Frank Mir,Brock Lesnar,0,0,2 of 3,16 of 24,66%,66%,2 of 3,32 of 40,0 of 0,1 of 1,---,100%,3,0,0,0,0:00,1:07,http://ufcstats.com/fight-details/f0b42c9e55025ad3,http://ufcstats.com/event-details/597db668b01c442c,http://www.ufcstats.com/fighter-details/1ff9589f9065a9ed,http://www.ufcstats.com/fighter-details/513c6f1715e547a8,Frank Mir,Heavyweight,Submission,1,1:30,http://ufcstats.com/fight-details/f0b42c9e55025ad3,c51ba89947344bee9661ccd1c7c96d7a,2026-09-08 22:43:41.194303+00:00
Tyson Griffin,Gleison Tibau,0,0,60 of 119,23 of 93,50%,24%,82 of 142,47 of 117,0 of 2,6 of 8,0%,75%,0,0,0,0,1:41,3:29,http://ufcstats.com/fight-details/dd47c3359dc1b7d0,http://ufcstats.com/event-details/597db668b01c442c,http://www.ufcstats.com/fighter-details/20205040232ed0f3,http://www.ufcstats.com/fighter-details/75e5fec9f72910ef,Tyson Griffin,Lightweight,Decision - Unanimous,3,5:00,http://ufcstats.com/fight-details/dd47c3359dc1b7d0,c51ba89947344bee9661ccd1c7c96d7a,2026-09-08 22:43:46.344745+00:00
Jeremy Stephens,Cole Miller,1,0,30 of 54,5 of 29,55%,17%,64 of 91,13 of 38,1 of 1,0 of 1,100%,0%,0,3,1,3,4:19,2:54,http://ufcstats.com/fight-details/c4b0ef8f42eecbcc,http://ufcstats.com/event-details/33e33d51f289d2a1,http://www.ufcstats.com/fighter-details/18968f97ad34f15c,http://www.ufcstats.com/fighter-details/282fa667ff9c51ed,Jeremy Stephens,Lightweight,KO/TKO,2,4:44,http://ufcstats.com/fight-details/c4b0ef8f42eecbcc,c51ba89947344bee9661ccd1c7c96d7a,2026-09-08 22:44:07.299920+00:00
Roger Huerta,Clay Guida,0,1,31 of 102,47 of 85,30%,55%,53 of 140,100 of 150,0 of 0,6 of 11,---,54%,3,1,2,0,0:50,5:54,http://ufcstats.com/fight-details/6ed5847dd874d2d2,http://ufcstats.com/event-details/df85d6ec3493d120,http://www.ufcstats.com/fighter-details/daf1b84aebd6602b,http://www.ufcstats.com/fighter-details/c47df9303d318c67,Roger Huerta,Lightweight,Submission,3,0:51,http://ufcstats.com/fight-details/6ed5847dd874d2d2,c51ba89947344bee9661ccd1c7c96d7a,2026-09-08 22:44:48.992316+00:00
Rashad Evans,Michael Bisping,0,0,23 of 87,40 of 96,26%,41%,38 of 108,52 of 112,6 of 16,2 of 2,37%,100%,0,0,0,0,7:43,0:33,http://ufcstats.com/fight-details/0b217fc503bd0585,http://ufcstats.com/event-details/1d147d4163a6989b,http://www.ufcstats.com/fighter-details/ee779c43a8926d52,http://www.ufcstats.com/fighter-details/2b93ebd9f5417ad2,Rashad Evans,Light Heavyweight,Decision - Split,3,5:00,http://ufcstats.com/fight-details/0b217fc503bd0585,c51ba89947344bee9661ccd1c7c96d7a,2026-09-08 22:45:06.014940+00:00
Frankie Edgar,Spencer Fisher,0,0,42 of 79,6 of 21,53%,28%,162 of 212,31 of 47,8 of 12,0 of 0,66%,---,0,0,0,0,13:13,0:00,http://ufcstats.com/fight-details/0dddf7ec457caab3,http://ufcstats.com/event-details/1d147d4163a6989b,http://www.ufcstats.com/fighter-details/f2688492b9a525a3,http://www.ufcstats.com/fighter-details/f34312c2ccfa0e00,Frankie Edgar,Lightweight,Decision - Unanimous,3,5:00,http://ufcstats.com/fight-details/0dddf7ec457caab3,c51ba89947344bee9661ccd1c7c96d7a,2026-09-08 22:45:12.993171+00:00
Demian Maia,Ryan Jensen,0,0,3 of 3,2 of 3,100%,66%,9 of 11,6 of 7,2 of 2,0 of 0,100%,---,1,0,0,0,2:26,0:00,http://ufcstats.com/fight-details/5498622706d8dc17,http://ufcstats.com/event-details/91181b29be041f1c,http://www.ufcstats.com/fighter-details/427b5953ac8e3a27,http://www.ufcstats.com/fighter-details/aae99701b21554e4,Demian Maia,Middleweight,Submission,1,2:40,http://ufcstats.com/fight-details/5498622706d8dc17,c51ba89947344bee9661ccd1c7c96d7a,2026-09-08 22:45:33.563900+00:00
Jon Fitch,Diego Sanchez,0,0,25 of 40,11 of 18,62%,61%,144 of 178,25 of 34,3 of 3,2 of 9,100%,22%,0,5,0,1,9:39,3:35,http://ufcstats.com/fight-details/344e6898a381648f,http://ufcstats.com/event-details/bad28b7b34f334de,http://www.ufcstats.com/fighter-details/6f018c039b4d5d80,http://www.ufcstats.com/fighter-details/82e7929bf6c2b689,Jon Fitch,Welterweight,Decision - Split,3,5:00,http://ufcstats.com/fight-details/344e6898a381648f,c51ba89947344bee9661ccd1c7c96d7a,2026-09-08 22:45:44.192325+00:00
Jeremy Stephens,Diego Saraiva,0,0,50 of 90,11 of 29,55%,37%,109 of 154,71 of 93,2 of 2,0 of 0,100%,---,0,2,1,1,9:47,2:11,http://ufcstats.com/fight-details/a1b912fe361f75bc,http://ufcstats.com/event-details/bad28b7b34f334de,http://www.ufcstats.com/fighter-details/18968f97ad34f15c,http://www.ufcstats.com/fighter-details/4f4dac51adc1af4f,Jeremy Stephens,Lightweight,Decision - Unanimous,3,5:00,http://ufcstats.com/fight-details/a1b912fe361f75bc,c51ba89947344bee9661ccd1c7c96d7a,2026-09-08 22:45:51.260010+00:00
Michael Bisping,Matt Hamill,0,0,47 of 162,56 of 124,29%,45%,65 of 182,88 of 165,0 of 0,6 of 12,---,50%,0,0,0,0,0:01,4:06,http://ufcstats.com/fight-details/59d456f0da1159cf,http://ufcstats.com/event-details/0aa92558424ced9e,http://www.ufcstats.com/fighter-details/2b93ebd9f5417ad2,http://www.ufcstats.com/fighter-details/98b80a717b9bda17,Michael Bisping,Light Heavyweight,Decision - Split,3,5:00,http://ufcstats.com/fight-details/59d456f0da1159cf,c51ba89947344bee9661ccd1c7c96d7a,2026-09-08 22:46:17.267872+00:00
Gleison Tibau,Terry Etim,0,0,14 of 23,18 of 34,60%,52%,105 of 123,20 of 37,7 of 10,0 of 1,70%,0%,0,0,0,0,11:38,0:00,http://ufcstats.com/fight-details/9971f8bcd3b10069,http://ufcstats.com/event-details/0aa92558424ced9e,http://www.ufcstats.com/fighter-details/75e5fec9f72910ef,http://www.ufcstats.com/fighter-details/33011768c3c4dc9a,Gleison Tibau,Lightweight,Decision - Unanimous,3,5:00,http://ufcstats.com/fight-details/9971f8bcd3b10069,c51ba89947344bee9661ccd1c7c96d7a,2026-09-08 22:46:24.097737+00:00
Frank Mir,Antoni Hardonk,0,0,4 of 5,1 of 3,80%,33%,7 of 8,1 of 3,1 of 1,0 of 0,100%,---,1,0,0,0,1:02,0:02,http://ufcstats.com/fight-details/e7ff18a0cfa09702,http://ufcstats.com/event-details/a5c53b3ddb31cc7d,http://www.ufcstats.com/fighter-details/1ff9589f9065a9ed,http://www.ufcstats.com/fighter-details/69b69c0178c4004d,Frank Mir,Heavyweight,Submission,1,1:17,http://ufcstats.com/fight-details/e7ff18a0cfa09702,c51ba89947344bee9661ccd1c7c96d7a,2026-09-08 22:46:43.141598+00:00
Clay Guida,Marcus Aurelio,2,0,44 of 181,40 of 135,24%,29%,71 of 208,47 of 142,0 of 1,0 of 3,0%,0%,0,0,0,0,3:27,0:00,http://ufcstats.com/fight-details/fa2271eecde701ed,http://ufcstats.com/event-details/a5c53b3ddb31cc7d,http://www.ufcstats.com/fighter-details/c47df9303d318c67,http://www.ufcstats.com/fighter-details/04643fd03d9159cc,Clay Guida,Lightweight,Decision - Split,3,5:00,http://ufcstats.com/fight-details/fa2271eecde701ed,c51ba89947344bee9661ccd1c7c96d7a,2026-09-08 22:46:46.550930+00:00
Frankie Edgar,Mark Bocek,0,0,31 of 54,6 of 38,57%,15%,53 of 76,11 of 43,0 of 0,0 of 5,---,0%,0,0,0,0,2:19,0:00,http://ufcstats.com/fight-details/2748001ead121b8a,http://ufcstats.com/event-details/2a6f8136da1e52c0,http://www.ufcstats.com/fighter-details/f2688492b9a525a3,http://www.ufcstats.com/fighter-details/cf9d24e4bd0cf2ce,Frankie Edgar,Lightweight,KO/TKO,1,4:55,http://ufcstats.com/fight-details/2748001ead121b8a,c51ba89947344bee9661ccd1c7c96d7a,2026-09-08 22:47:04.451329+00:00
Tyson Griffin,Clay Guida,0,0,50 of 87,36 of 65,57%,55%,87 of 125,82 of 114,2 of 2,4 of 14,100%,28%,2,2,0,0,1:49,7:51,http://ufcstats.com/fight-details/071d716229f5ae7f,http://ufcstats.com/event-details/5ca158b1cc9cb242,http://www.ufcstats.com/fighter-details/20205040232ed0f3,http://www.ufcstats.com/fighter-details/c47df9303d318c67,Tyson Griffin,Lightweight,Decision - Split,3,5:00,http://ufcstats.com/fight-details/071d716229f5ae7f,c51ba89947344bee9661ccd1c7c96d7a,2026-09-08 22:47:29.153022+00:00
Gleison Tibau,Jeff Cox,0,0,3 of 5,0 of 4,60%,0%,4 of 6,1 of 5,0 of 0,1 of 1,---,100%,1,0,1,0,0:57,0:12,http://ufcstats.com/fight-details/ff8802aae3b81c3f,http://ufcstats.com/event-details/304fcd812f12c589,http://www.ufcstats.com/fighter-details/75e5fec9f72910ef,http://www.ufcstats.com/fighter-details/c9bbf1a0285a8076,Gleison Tibau,Lightweight,Submission,1,1:52,http://ufcstats.com/fight-details/ff8802aae3b81c3f,c51ba89947344bee9661ccd1c7c96d7a,2026-09-08 22:47:48.579406+00:00
Din Thomas,Jeremy Stephens,0,0,10 of 37,7 of 35,27%,20%,35 of 65,19 of 48,1 of 2,0 of 0,50%,---,2,0,0,1,4:02,1:06,http://ufcstats.com/fight-details/a6cb909888f6a495,http://ufcstats.com/event-details/2e04a3b4a2011b97,http://www.ufcstats.com/fighter-details/40a604761ca7d64d,http://www.ufcstats.com/fighter-details/18968f97ad34f15c,Din Thomas,Lightweight,Submission,2,2:44,http://ufcstats.com/fight-details/a6cb909888f6a495,c51ba89947344bee9661ccd1c7c96d7a,2026-09-08 22:48:07.213240+00:00
Andrei Arlovski,Fabricio Werdum,1,0,28 of 81,23 of 78,34%,29%,30 of 85,26 of 83,0 of 0,0 of 3,---,0%,0,0,0,0,0:36,0:50,http://ufcstats.com/fight-details/57871671074ceb4c,http://ufcstats.com/event-details/4604ab1de9058474,http://www.ufcstats.com/fighter-details/3738e68d2261e60f,http://www.ufcstats.com/fighter-details/492b202d2064e7a9,Andrei Arlovski,Heavyweight,Decision - Unanimous,3,5:00,http://ufcstats.com/fight-details/57871671074ceb4c,c51ba89947344bee9661ccd1c7c96d7a,2026-09-08 22:48:14.595952+00:00
Michael Bisping,Elvis Sinosic,0,1,36 of 77,8 of 20,46%,40%,91 of 144,20 of 34,1 of 1,0 of 0,100%,---,0,2,1,0,4:46,0:59,http://ufcstats.com/fight-details/05b7bfd4fe75af69,http://ufcstats.com/event-details/4604ab1de9058474,http://www.ufcstats.com/fighter-details/2b93ebd9f5417ad2,http://www.ufcstats.com/fighter-details/817e0bdf08efce2e,Michael Bisping,Light Heavyweight,KO/TKO,2,1:40,http://ufcstats.com/fight-details/05b7bfd4fe75af69,c51ba89947344bee9661ccd1c7c96d7a,2026-09-08 22:48:16.205554+00:00
Josh Koscheck,Diego Sanchez,0,0,30 of 116,12 of 116,25%,10%,33 of 119,12 of 116,1 of 1,0 of 0,100%,---,0,0,0,1,0:14,0:07,http://ufcstats.com/fight-details/fc4e42a55ba285f6,http://ufcstats.com/event-details/c1684f00c626f4c0,http://www.ufcstats.com/fighter-details/dd37fd509af89f15,http://www.ufcstats.com/fighter-details/82e7929bf6c2b689,Josh Koscheck,Welterweight,Decision - Unanimous,3,5:00,http://ufcstats.com/fight-details/fc4e42a55ba285f6,c51ba89947344bee9661ccd1c7c96d7a,2026-09-08 22:48:32.294710+00:00
Gleison Tibau,Jason Dent,0,0,36 of 83,12 of 42,43%,28%,112 of 174,116 of 151,5 of 6,0 of 0,83%,---,1,0,0,0,12:23,0:00,http://ufcstats.com/fight-details/808d47f905e84e7e,http://ufcstats.com/event-details/de3ed2e152520c8d,http://www.ufcstats.com/fighter-details/75e5fec9f72910ef,http://www.ufcstats.com/fighter-details/fa8b9e6b0c2269f8,Gleison Tibau,Lightweight,Decision - Unanimous,3,5:00,http://ufcstats.com/fight-details/808d47f905e84e7e,c51ba89947344bee9661ccd1c7c96d7a,2026-09-08 22:49:15.727611+00:00
Frankie Edgar,Tyson Griffin,0,0,55 of 100,38 of 115,55%,33%,92 of 141,42 of 119,8 of 15,3 of 6,53%,50%,0,4,1,0,4:59,1:38,http://ufcstats.com/fight-details/063599b1d4107289,http://ufcstats.com/event-details/63b65af1c5cb02cb,http://www.ufcstats.com/fighter-details/f2688492b9a525a3,http://www.ufcstats.com/fighter-details/20205040232ed0f3,Frankie Edgar,Lightweight,Decision - Unanimous,3,5:00,http://ufcstats.com/fight-details/063599b1d4107289,c51ba89947344bee9661ccd1c7c96d7a,2026-09-08 22:49:30.327521+00:00
Din Thomas,Clay Guida,0,0,33 of 113,33 of 105,29%,31%,51 of 131,93 of 170,0 of 0,5 of 16,---,31%,1,0,0,0,0:48,6:52,http://ufcstats.com/fight-details/9c9039f921aa86ca,http://ufcstats.com/event-details/13c4313ed0f744f3,http://www.ufcstats.com/fighter-details/40a604761ca7d64d,http://www.ufcstats.com/fighter-details/c47df9303d318c67,Din Thomas,Lightweight,Decision - Unanimous,3,5:00,http://ufcstats.com/fight-details/9c9039f921aa86ca,c51ba89947344bee9661ccd1c7c96d7a,2026-09-08 22:49:47.422877+00:00
Andrei Arlovski,Marcio Cruz,0,0,7 of 11,0 of 2,63%,0%,32 of 37,0 of 2,0 of 0,0 of 5,---,0%,1,2,0,0,1:22,0:52,http://ufcstats.com/fight-details/5027a869467001d3,http://ufcstats.com/event-details/ee5df903f80c6816,http://www.ufcstats.com/fighter-details/3738e68d2261e60f,http://www.ufcstats.com/fighter-details/6aa1cbc1466e9a0b,Andrei Arlovski,Heavyweight,KO/TKO,1,3:15,http://ufcstats.com/fight-details/5027a869467001d3,c51ba89947344bee9661ccd1c7c96d7a,2026-09-08 22:49:56.887142+00:00
Michael Bisping,Eric Schafer,0,0,19 of 33,3 of 6,57%,50%,21 of 35,10 of 13,0 of 1,3 of 7,0%,42%,0,2,1,0,0:40,2:31,http://ufcstats.com/fight-details/da666b02372a465b,http://ufcstats.com/event-details/ee5df903f80c6816,http://www.ufcstats.com/fighter-details/2b93ebd9f5417ad2,http://www.ufcstats.com/fighter-details/f59f1d3a2ff13edd,Michael Bisping,Light Heavyweight,KO/TKO,1,4:24,http://ufcstats.com/fight-details/da666b02372a465b,c51ba89947344bee9661ccd1c7c96d7a,2026-09-08 22:49:58.627414+00:00
Diego Sanchez,Joe Riggs,2,0,6 of 10,3 of 6,60%,50%,6 of 10,3 of 6,0 of 1,0 of 0,0%,---,0,0,0,0,0:04,0:00,http://ufcstats.com/fight-details/bc0155d267fb5892,http://ufcstats.com/event-details/21b8a0f5c231096f,http://www.ufcstats.com/fighter-details/82e7929bf6c2b689,http://www.ufcstats.com/fighter-details/d512d9f204059f57,Diego Sanchez,Welterweight,KO/TKO,1,1:45,http://ufcstats.com/fight-details/bc0155d267fb5892,c51ba89947344bee9661ccd1c7c96d7a,2026-09-08 22:50:08.765033+00:00
Brandon Vera,Frank Mir,0,0,15 of 21,2 of 7,71%,28%,17 of 24,2 of 7,0 of 0,0 of 1,---,0%,0,0,0,0,0:34,0:00,http://ufcstats.com/fight-details/ba0a3a4b80418db9,http://ufcstats.com/event-details/3fed746acfd026dd,http://www.ufcstats.com/fighter-details/fa315e6c77eee106,http://www.ufcstats.com/fighter-details/1ff9589f9065a9ed,Brandon Vera,Heavyweight,KO/TKO,1,1:09,http://ufcstats.com/fight-details/ba0a3a4b80418db9,c51ba89947344bee9661ccd1c7c96d7a,2026-09-08 22:50:30.774312+00:00
Nick Diaz,Gleison Tibau,0,0,24 of 51,0 of 9,47%,0%,117 of 158,7 of 16,0 of 1,0 of 3,0%,0%,1,1,1,0,3:17,3:42,http://ufcstats.com/fight-details/b03109dd04b2fa60,http://ufcstats.com/event-details/3fed746acfd026dd,http://www.ufcstats.com/fighter-details/f57a8a52ca401ed9,http://www.ufcstats.com/fighter-details/75e5fec9f72910ef,Nick Diaz,Welterweight,KO/TKO,2,2:27,http://ufcstats.com/fight-details/b03109dd04b2fa60,c51ba89947344bee9661ccd1c7c96d7a,2026-09-08 22:50:34.461011+00:00
Clay Guida,Justin James,0,0,26 of 52,13 of 36,50%,36%,93 of 125,28 of 52,2 of 4,0 of 0,50%,---,2,1,0,0,7:29,0:26,http://ufcstats.com/fight-details/a2e2d0e8b94d8eba,http://ufcstats.com/event-details/13b2f59210dda9cc,http://www.ufcstats.com/fighter-details/c47df9303d318c67,http://www.ufcstats.com/fighter-details/1ea8df62b3f8fea6,Clay Guida,Lightweight,Submission,2,4:42,http://ufcstats.com/fight-details/a2e2d0e8b94d8eba,c51ba89947344bee9661ccd1c7c96d7a,2026-09-08 22:51:08.058797+00:00
Diego Sanchez,Karo Parisyan,0,0,66 of 108,36 of 92,61%,39%,118 of 171,78 of 139,3 of 3,9 of 10,100%,90%,1,0,1,0,4:53,4:31,http://ufcstats.com/fight-details/8b07bdaa0402bf2b,http://ufcstats.com/event-details/46c8ec317aff28ac,http://www.ufcstats.com/fighter-details/82e7929bf6c2b689,http://www.ufcstats.com/fighter-details/349aaa3da11eb587,Diego Sanchez,Welterweight,Decision - Unanimous,3,5:00,http://ufcstats.com/fight-details/8b07bdaa0402bf2b,c51ba89947344bee9661ccd1c7c96d7a,2026-09-08 22:52:02.334501+00:00
Tim Sylvia,Andrei Arlovski,0,0,97 of 263,66 of 327,36%,20%,99 of 265,68 of 330,0 of 0,0 of 1,---,0%,0,0,0,0,0:45,0:00,http://ufcstats.com/fight-details/3c3533ba486a2006,http://ufcstats.com/event-details/f70144caea5c4c80,http://www.ufcstats.com/fighter-details/2a542ee8a8b83559,http://www.ufcstats.com/fighter-details/3738e68d2261e60f,Tim Sylvia,Heavyweight,Decision - Unanimous,5,5:00,http://ufcstats.com/fight-details/3c3533ba486a2006,c51ba89947344bee9661ccd1c7c96d7a,2026-09-08 22:52:18.923928+00:00
Frank Mir,Dan Christison,0,0,53 of 89,48 of 85,59%,56%,111 of 152,84 of 123,3 of 6,0 of 0,50%,---,0,1,0,0,7:51,3:13,http://ufcstats.com/fight-details/9ce2d0b880e88934,http://ufcstats.com/event-details/f70144caea5c4c80,http://www.ufcstats.com/fighter-details/1ff9589f9065a9ed,http://www.ufcstats.com/fighter-details/b369533a577fa97c,Frank Mir,Heavyweight,Decision - Unanimous,3,5:00,http://ufcstats.com/fight-details/9ce2d0b880e88934,c51ba89947344bee9661ccd1c7c96d7a,2026-09-08 22:52:23.932678+00:00
Michael Bisping,Josh Haynes,2,0,41 of 61,8 of 22,67%,36%,52 of 72,16 of 30,4 of 5,0 of 1,80%,0%,4,0,0,1,5:27,0:51,http://ufcstats.com/fight-details/b48a211abe177846,http://ufcstats.com/event-details/1dab0d1d81dd06db,http://www.ufcstats.com/fighter-details/2b93ebd9f5417ad2,http://www.ufcstats.com/fighter-details/6ef58dabef8beb15,Michael Bisping,Light Heavyweight,KO/TKO,2,4:14,http://ufcstats.com/fight-details/b48a211abe177846,c51ba89947344bee9661ccd1c7c96d7a,2026-09-08 22:52:52.505340+00:00
Diego Sanchez,John Alessio,0,0,9 of 67,17 of 57,13%,29%,25 of 87,23 of 63,1 of 16,0 of 0,6%,---,0,1,0,0,4:21,0:00,http://ufcstats.com/fight-details/d490c78bd5d0145a,http://ufcstats.com/event-details/a54a35a670d8e852,http://www.ufcstats.com/fighter-details/82e7929bf6c2b689,http://www.ufcstats.com/fighter-details/7a15f3694c5cbc02,Diego Sanchez,Welterweight,Decision - Unanimous,3,5:00,http://ufcstats.com/fight-details/d490c78bd5d0145a,c51ba89947344bee9661ccd1c7c96d7a,2026-09-08 22:53:11.657911+00:00
Tim Sylvia,Andrei Arlovski,1,1,13 of 30,11 of 24,43%,45%,13 of 30,12 of 26,0 of 0,0 of 0,---,---,0,0,0,0,0:04,0:07,http://ufcstats.com/fight-details/57a7767c4255e034,http://ufcstats.com/event-details/03688dc3c3af3ac1,http://www.ufcstats.com/fighter-details/2a542ee8a8b83559,http://www.ufcstats.com/fighter-details/3738e68d2261e60f,Tim Sylvia,Heavyweight,KO/TKO,1,2:43,http://ufcstats.com/fight-details/57a7767c4255e034,c51ba89947344bee9661ccd1c7c96d7a,2026-09-08 22:53:25.130124+00:00
Marcio Cruz,Frank Mir,0,0,31 of 44,3 of 6,70%,50%,72 of 87,6 of 9,1 of 2,1 of 1,50%,100%,0,0,0,0,3:37,0:15,http://ufcstats.com/fight-details/44592a74cda71275,http://ufcstats.com/event-details/977081bc01197656,http://www.ufcstats.com/fighter-details/6aa1cbc1466e9a0b,http://www.ufcstats.com/fighter-details/1ff9589f9065a9ed,Marcio Cruz,Heavyweight,KO/TKO,1,4:10,http://ufcstats.com/fight-details/44592a74cda71275,c51ba89947344bee9661ccd1c7c96d7a,2026-09-08 22:54:16.471332+00:00
Diego Sanchez,Nick Diaz,0,0,41 of 95,13 of 34,43%,38%,65 of 123,118 of 144,5 of 11,2 of 5,45%,40%,1,1,0,1,10:28,2:20,http://ufcstats.com/fight-details/2eb9b36c09c00d69,http://ufcstats.com/event-details/31ceaf0e670c1578,http://www.ufcstats.com/fighter-details/82e7929bf6c2b689,http://www.ufcstats.com/fighter-details/f57a8a52ca401ed9,Diego Sanchez,Welterweight,Decision - Unanimous,3,5:00,http://ufcstats.com/fight-details/2eb9b36c09c00d69,c51ba89947344bee9661ccd1c7c96d7a,2026-09-08 22:54:58.248233+00:00
Andrei Arlovski,Paul Buentello,1,0,2 of 6,1 of 3,33%,33%,2 of 6,1 of 3,0 of 0,0 of 0,---,---,0,0,0,0,0:03,0:00,http://ufcstats.com/fight-details/1c45d0feab67364f,http://ufcstats.com/event-details/271fe91f4ba9d2c5,http://www.ufcstats.com/fighter-details/3738e68d2261e60f,http://www.ufcstats.com/fighter-details/f0abbb6f3444dae7,Andrei Arlovski,Heavyweight,KO/TKO,1,0:15,http://ufcstats.com/fight-details/1c45d0feab67364f,c51ba89947344bee9661ccd1c7c96d7a,2026-09-08 22:55:11.560286+00:00
Diego Sanchez,Brian Gassaway,0,0,35 of 64,3 of 6,54%,50%,52 of 86,3 of 6,3 of 6,0 of 0,50%,---,1,0,0,0,5:16,0:23,http://ufcstats.com/fight-details/d250a9d1c602e266,http://ufcstats.com/event-details/669a3cb6e394f515,http://www.ufcstats.com/fighter-details/82e7929bf6c2b689,http://www.ufcstats.com/fighter-details/e4770d5ed44a3970,Diego Sanchez,Welterweight,KO/TKO,2,1:56,http://ufcstats.com/fight-details/d250a9d1c602e266,c51ba89947344bee9661ccd1c7c96d7a,2026-09-08 22:55:42.645380+00:00
Andrei Arlovski,Justin Eilers,0,0,33 of 56,5 of 21,58%,23%,33 of 56,7 of 23,0 of 0,0 of 1,---,0%,0,0,0,0,0:07,0:00,http://ufcstats.com/fight-details/a507bfa374885a25,http://ufcstats.com/event-details/d3711d3784b76255,http://www.ufcstats.com/fighter-details/3738e68d2261e60f,http://www.ufcstats.com/fighter-details/27fc9218a3653e3c,Andrei Arlovski,Heavyweight,KO/TKO,1,4:10,http://ufcstats.com/fight-details/a507bfa374885a25,c51ba89947344bee9661ccd1c7c96d7a,2026-09-08 22:56:07.903001+00:00
Diego Sanchez,Kenny Florian,0,0,14 of 21,2 of 4,66%,50%,14 of 21,5 of 7,1 of 2,0 of 0,50%,---,0,0,0,0,1:31,0:00,http://ufcstats.com/fight-details/d172d88fbeb8c6a8,http://ufcstats.com/event-details/fbbde91f7bc2d3c5,http://www.ufcstats.com/fighter-details/82e7929bf6c2b689,http://www.ufcstats.com/fighter-details/cb139171ed1b69fe,Diego Sanchez,Middleweight,KO/TKO,1,2:49,http://ufcstats.com/fight-details/d172d88fbeb8c6a8,c51ba89947344bee9661ccd1c7c96d7a,2026-09-08 22:56:39.855547+00:00
Andrei Arlovski,Tim Sylvia,1,0,5 of 10,2 of 4,50%,50%,5 of 10,2 of 4,0 of 0,0 of 0,---,---,2,0,0,0,0:08,0:00,http://ufcstats.com/fight-details/dae856cb00cf5163,http://ufcstats.com/event-details/85d905f7c4f5a1af,http://www.ufcstats.com/fighter-details/3738e68d2261e60f,http://www.ufcstats.com/fighter-details/2a542ee8a8b83559,Andrei Arlovski,Heavyweight,Submission,1,0:47,http://ufcstats.com/fight-details/dae856cb00cf5163,c51ba89947344bee9661ccd1c7c96d7a,2026-09-08 22:56:56.860572+00:00
Frank Mir,Tim Sylvia,0,0,3 of 3,2 of 5,100%,40%,3 of 3,2 of 5,0 of 0,1 of 1,---,100%,1,0,0,0,0:00,0:29,http://ufcstats.com/fight-details/dffef4343e822399,http://ufcstats.com/event-details/429e7d3725852ce9,http://www.ufcstats.com/fighter-details/1ff9589f9065a9ed,http://www.ufcstats.com/fighter-details/2a542ee8a8b83559,Frank Mir,Heavyweight,Submission,1,0:50,http://ufcstats.com/fight-details/dffef4343e822399,c51ba89947344bee9661ccd1c7c96d7a,2026-09-08 22:57:38.662905+00:00
Andrei Arlovski,Wesley Correira,1,0,51 of 83,4 of 29,61%,13%,51 of 83,4 of 29,0 of 0,0 of 0,---,---,0,0,0,0,0:06,0:00,http://ufcstats.com/fight-details/0f23c5569204a69b,http://ufcstats.com/event-details/e8fb8e53bc2e29d6,http://www.ufcstats.com/fighter-details/3738e68d2261e60f,http://www.ufcstats.com/fighter-details/4e9fb05d7e5e61b8,Andrei Arlovski,Heavyweight,KO/TKO,2,1:15,http://ufcstats.com/fight-details/0f23c5569204a69b,c51ba89947344bee9661ccd1c7c96d7a,2026-09-08 22:57:55.215018+00:00
Frank Mir,Wes Sims,1,0,28 of 44,18 of 25,63%,72%,68 of 90,83 of 99,4 of 7,0 of 0,57%,---,2,0,0,0,7:37,0:39,http://ufcstats.com/fight-details/476548ca3d8cf0ee,http://ufcstats.com/event-details/94609dd91731d428,http://www.ufcstats.com/fighter-details/1ff9589f9065a9ed,http://www.ufcstats.com/fighter-details/e0f7c4f3f67bc808,Frank Mir,Heavyweight,KO/TKO,2,4:21,http://ufcstats.com/fight-details/476548ca3d8cf0ee,c51ba89947344bee9661ccd1c7c96d7a,2026-09-08 22:58:09.230214+00:00
Andrei Arlovski,Vladimir Matyushenko,2,0,9 of 20,5 of 17,45%,29%,26 of 39,5 of 17,0 of 0,0 of 6,---,0%,0,0,0,0,0:35,0:03,http://ufcstats.com/fight-details/fdb4ea9783c4452a,http://ufcstats.com/event-details/c61f66d8c3fd5f07,http://www.ufcstats.com/fighter-details/3738e68d2261e60f,http://www.ufcstats.com/fighter-details/ccdd90bd1fc7dab6,Andrei Arlovski,Heavyweight,KO/TKO,1,1:59,http://ufcstats.com/fight-details/fdb4ea9783c4452a,c51ba89947344bee9661ccd1c7c96d7a,2026-09-08 22:58:33.548302+00:00
Frank Mir,Wes Sims,0,0,4 of 7,1 of 1,57%,100%,18 of 21,8 of 11,1 of 1,0 of 0,100%,---,4,0,0,0,2:37,0:12,http://ufcstats.com/fight-details/b5854feb57f40bb4,http://ufcstats.com/event-details/108afe61a26bcbf4,http://www.ufcstats.com/fighter-details/1ff9589f9065a9ed,http://www.ufcstats.com/fighter-details/e0f7c4f3f67bc808,Frank Mir,Heavyweight,DQ,1,2:55,http://ufcstats.com/fight-details/b5854feb57f40bb4,c51ba89947344bee9661ccd1c7c96d7a,2026-09-08 22:58:53.877873+00:00
Frank Mir,David Abbott,0,0,0 of 1,1 of 5,0%,20%,0 of 1,2 of 6,0 of 2,0 of 0,0%,---,2,0,0,0,0:00,0:38,http://ufcstats.com/fight-details/a85a0831580696ff,http://ufcstats.com/event-details/bba678d312590087,http://www.ufcstats.com/fighter-details/1ff9589f9065a9ed,http://www.ufcstats.com/fighter-details/b361180739bed4b0,Frank Mir,Heavyweight,Submission,1,0:46,http://ufcstats.com/fight-details/a85a0831580696ff,c51ba89947344bee9661ccd1c7c96d7a,2026-09-08 22:59:16.565374+00:00
Andrei Arlovski,Ian Freeman,1,0,14 of 26,1 of 11,53%,9%,14 of 26,1 of 11,0 of 0,0 of 0,---,---,0,0,0,0,0:03,0:00,http://ufcstats.com/fight-details/9d9c2c8802d21887,http://ufcstats.com/event-details/e06fd1260ac865a7,http://www.ufcstats.com/fighter-details/3738e68d2261e60f,http://www.ufcstats.com/fighter-details/b4bc2e3353a770b5,Andrei Arlovski,Heavyweight,KO/TKO,1,1:18,http://ufcstats.com/fight-details/9d9c2c8802d21887,c51ba89947344bee9661ccd1c7c96d7a,2026-09-08 22:59:36.008680+00:00
Ian Freeman,Frank Mir,0,0,34 of 44,6 of 10,77%,60%,60 of 70,6 of 10,0 of 0,1 of 5,---,20%,0,3,1,0,2:56,0:14,http://ufcstats.com/fight-details/2a2f50039ac636d0,http://ufcstats.com/event-details/1dc56b59cb28425d,http://www.ufcstats.com/fighter-details/b4bc2e3353a770b5,http://www.ufcstats.com/fighter-details/1ff9589f9065a9ed,Ian Freeman,Heavyweight,KO/TKO,1,4:35,http://ufcstats.com/fight-details/2a2f50039ac636d0,c51ba89947344bee9661ccd1c7c96d7a,2026-09-08 22:59:57.855228+00:00
Pedro Rizzo,Andrei Arlovski,1,0,27 of 80,38 of 95,33%,40%,27 of 80,38 of 95,0 of 0,0 of 0,---,---,0,0,0,0,0:00,0:00,http://ufcstats.com/fight-details/efc865fce64b5848,http://ufcstats.com/event-details/02fc8f50f56eb307,http://www.ufcstats.com/fighter-details/b44f39a5c6596953,http://www.ufcstats.com/fighter-details/3738e68d2261e60f,Pedro Rizzo,Heavyweight,KO/TKO,3,1:45,http://ufcstats.com/fight-details/efc865fce64b5848,c51ba89947344bee9661ccd1c7c96d7a,2026-09-08 23:00:43.784030+00:00
Frank Mir,Pete Williams,0,0,4 of 6,0 of 1,66%,0%,4 of 6,0 of 1,0 of 0,1 of 1,---,100%,1,0,0,0,0:02,0:19,http://ufcstats.com/fight-details/7468f870b08aaccc,http://ufcstats.com/event-details/02fc8f50f56eb307,http://www.ufcstats.com/fighter-details/1ff9589f9065a9ed,http://www.ufcstats.com/fighter-details/6291ac0a3726732f,Frank Mir,Heavyweight,Submission,1,0:46,http://ufcstats.com/fight-details/7468f870b08aaccc,c51ba89947344bee9661ccd1c7c96d7a,2026-09-08 23:00:50.223642+00:00
Frank Mir,Roberto Traven,0,0,3 of 7,1 of 2,42%,50%,6 of 11,1 of 2,0 of 0,0 of 0,---,---,1,0,0,0,0:36,0:00,http://ufcstats.com/fight-details/586635087cdfbbcc,http://ufcstats.com/event-details/4dc496aa0cfc0d95,http://www.ufcstats.com/fighter-details/1ff9589f9065a9ed,http://www.ufcstats.com/fighter-details/20ec0061400178ca,Frank Mir,Heavyweight,Submission,1,1:05,http://ufcstats.com/fight-details/586635087cdfbbcc,c51ba89947344bee9661ccd1c7c96d7a,2026-09-08 23:01:22.084394+00:00
Ricco Rodriguez,Andrei Arlovski,0,0,30 of 50,11 of 26,60%,42%,64 of 84,18 of 33,2 of 8,0 of 1,25%,0%,1,0,1,0,7:25,0:17,http://ufcstats.com/fight-details/c9d2abc25651a1a7,http://ufcstats.com/event-details/7b9aa973e5c04624,http://www.ufcstats.com/fighter-details/50cc91ce2982785d,http://www.ufcstats.com/fighter-details/3738e68d2261e60f,Ricco Rodriguez,Heavyweight,KO/TKO,3,1:23,http://ufcstats.com/fight-details/c9d2abc25651a1a7,c51ba89947344bee9661ccd1c7c96d7a,2026-09-08 23:01:47.864639+00:00
Andrei Arlovski,Aaron Brink,0,0,2 of 4,0 of 5,50%,0%,2 of 4,0 of 5,1 of 1,0 of 1,100%,0%,2,0,0,0,0:13,0:04,http://ufcstats.com/fight-details/91cef206019c119e,http://ufcstats.com/event-details/da6dfd09cca1d705,http://www.ufcstats.com/fighter-details/3738e68d2261e60f,http://www.ufcstats.com/fighter-details/cf1a88371c8cb690,Andrei Arlovski,Heavyweight,Submission,1,0:55,http://ufcstats.com/fight-details/91cef206019c119e,c51ba89947344bee9661ccd1c7c96d7a,2026-09-08 23:02:36.196808+00:00
