event_url,event_name,event_date,event_location,_source_url,_batch_id,_ingested_at
http://ufcstats.com/event-details/b96619b3acd7d9da,UFC 330: Makhachev vs. Machado Garry,"August 15, 2026","Philadelphia, Pennsylvania, USA",http://ufcstats.com/statistics/events/completed?page=all,f6ea42f97ff342da9bc50a09f1565a41,2026-09-10 03:03:51.062517+00:00
http://ufcstats.com/event-details/495add4fbede0a44,UFC Fight Night: Gamrot vs. Salkilld,"August 08, 2026","Las Vegas, Nevada, USA",http://ufcstats.com/statistics/events/completed?page=all,f6ea42f97ff342da9bc50a09f1565a41,2026-09-10 03:03:51.062517+00:00
http://ufcstats.com/event-details/fccb0fee256b7b4d,UFC 329: McGregor vs. Holloway 2,"July 11, 2026","Las Vegas, Nevada, USA",http://ufcstats.com/statistics/events/completed?page=all,f6ea42f97ff342da9bc50a09f1565a41,2026-09-10 03:03:51.062517+00:00
http://ufcstats.com/event-details/48544433372ecfa6,UFC Freedom 250,"June 14, 2026","Washington, DC, USA",http://ufcstats.com/statistics/events/completed?page=all,f6ea42f97ff342da9bc50a09f1565a41,2026-09-10 03:03:51.062517+00:00
http://ufcstats.com/event-details/1e75e6c9de99fa76,UFC Fight Night: Song vs. Figueiredo,"May 30, 2026","Macau, China",http://ufcstats.com/statistics/events/completed?page=all,f6ea42f97ff342da9bc50a09f1565a41,2026-09-10 03:03:51.062517+00:00
http://ufcstats.com/event-details/9eedac48b497de5a,UFC 328: Chimaev vs. Strickland,"May 09, 2026","Newark, New Jersey, USA",http://ufcstats.com/statistics/events/completed?page=all,f6ea42f97ff342da9bc50a09f1565a41,2026-09-10 03:03:51.062517+00:00
http://ufcstats.com/event-details/f3eb664db7fb1df3,UFC 327: Prochazka vs. Ulberg,"April 11, 2026","Miami, Florida, USA",http://ufcstats.com/statistics/events/completed?page=all,f6ea42f97ff342da9bc50a09f1565a41,2026-09-10 03:03:51.062517+00:00
http://ufcstats.com/event-details/babc6b5745335f18,UFC Fight Night: Emmett vs. Vallejos,"March 14, 2026","Las Vegas, Nevada, USA",http://ufcstats.com/statistics/events/completed?page=all,f6ea42f97ff342da9bc50a09f1565a41,2026-09-10 03:03:51.062517+00:00
http://ufcstats.com/event-details/15ec018d144710db,UFC 326: Holloway vs. Oliveira 2,"March 07, 2026","Las Vegas, Nevada, USA",http://ufcstats.com/statistics/events/completed?page=all,f6ea42f97ff342da9bc50a09f1565a41,2026-09-10 03:03:51.062517+00:00
http://ufcstats.com/event-details/0cfbbfa0ba6d9855,UFC Fight Night: Moreno vs. Kavanagh,"February 28, 2026","Mexico City, Distrito Federal, Mexico",http://ufcstats.com/statistics/events/completed?page=all,f6ea42f97ff342da9bc50a09f1565a41,2026-09-10 03:03:51.062517+00:00
http://ufcstats.com/event-details/00e11b5c8b7bfeeb,UFC 324: Gaethje vs. Pimblett,"January 24, 2026","Las Vegas, Nevada, USA",http://ufcstats.com/statistics/events/completed?page=all,f6ea42f97ff342da9bc50a09f1565a41,2026-09-10 03:03:51.062517+00:00
http://ufcstats.com/event-details/bc0f994de0521926,UFC Fight Night: Royval vs. Kape,"December 13, 2025","Las Vegas, Nevada, USA",http://ufcstats.com/statistics/events/completed?page=all,f6ea42f97ff342da9bc50a09f1565a41,2026-09-10 03:03:51.062517+00:00
http://ufcstats.com/event-details/bd92cf5da5413d2a,UFC 323: Dvalishvili vs. Yan 2,"December 06, 2025","Las Vegas, Nevada, USA",http://ufcstats.com/statistics/events/completed?page=all,f6ea42f97ff342da9bc50a09f1565a41,2026-09-10 03:03:51.062517+00:00
http://ufcstats.com/event-details/8db1b36dde268ef6,UFC 322: Della Maddalena vs. Makhachev,"November 15, 2025","New York City, New York, USA",http://ufcstats.com/statistics/events/completed?page=all,f6ea42f97ff342da9bc50a09f1565a41,2026-09-10 03:03:51.062517+00:00
http://ufcstats.com/event-details/38e5d9dcb0fddc42,UFC Fight Night: De Ridder vs. Allen,"October 18, 2025","Vancouver, British Columbia, Canada",http://ufcstats.com/statistics/events/completed?page=all,f6ea42f97ff342da9bc50a09f1565a41,2026-09-10 03:03:51.062517+00:00
http://ufcstats.com/event-details/9336e86cfd4ceaa1,UFC Fight Night: Oliveira vs. Gamrot,"October 11, 2025","Rio de Janeiro, Rio de Janeiro, Brazil",http://ufcstats.com/statistics/events/completed?page=all,f6ea42f97ff342da9bc50a09f1565a41,2026-09-10 03:03:51.062517+00:00
http://ufcstats.com/event-details/ed220e87bef0cc64,UFC Fight Night: Ulberg vs. Reyes,"September 27, 2025","Perth, Western Australia, Australia",http://ufcstats.com/statistics/events/completed?page=all,f6ea42f97ff342da9bc50a09f1565a41,2026-09-10 03:03:51.062517+00:00
http://ufcstats.com/event-details/6e380a4d73ab4f0e,UFC Fight Night: Imavov vs. Borralho,"September 06, 2025","Paris, Ile-de-France, France",http://ufcstats.com/statistics/events/completed?page=all,f6ea42f97ff342da9bc50a09f1565a41,2026-09-10 03:03:51.062517+00:00
http://ufcstats.com/event-details/421ccfc6ddb17958,UFC 319: Du Plessis vs. Chimaev,"August 16, 2025","Chicago, Illinois, USA",http://ufcstats.com/statistics/events/completed?page=all,f6ea42f97ff342da9bc50a09f1565a41,2026-09-10 03:03:51.062517+00:00
http://ufcstats.com/event-details/6cd3dfc54f01287f,UFC Fight Night: Dolidze vs. Hernandez,"August 09, 2025","Las Vegas, Nevada, USA",http://ufcstats.com/statistics/events/completed?page=all,f6ea42f97ff342da9bc50a09f1565a41,2026-09-10 03:03:51.062517+00:00
http://ufcstats.com/event-details/f2c934689243fe4e,UFC Fight Night: Taira vs. Park,"August 02, 2025","Las Vegas, Nevada, USA",http://ufcstats.com/statistics/events/completed?page=all,f6ea42f97ff342da9bc50a09f1565a41,2026-09-10 03:03:51.062517+00:00
http://ufcstats.com/event-details/b8e2f10efb6eca85,UFC 318: Holloway vs. Poirier 3,"July 19, 2025","New Orleans, Louisiana, USA",http://ufcstats.com/statistics/events/completed?page=all,f6ea42f97ff342da9bc50a09f1565a41,2026-09-10 03:03:51.062517+00:00
http://ufcstats.com/event-details/7b03d9df5910917d,UFC Fight Night: Lewis vs. Teixeira,"July 12, 2025","Nashville, Tennessee, USA",http://ufcstats.com/statistics/events/completed?page=all,f6ea42f97ff342da9bc50a09f1565a41,2026-09-10 03:03:51.062517+00:00
http://ufcstats.com/event-details/66766984842c13dc,UFC 317: Topuria vs. Oliveira,"June 28, 2025","Las Vegas, Nevada, USA",http://ufcstats.com/statistics/events/completed?page=all,f6ea42f97ff342da9bc50a09f1565a41,2026-09-10 03:03:51.062517+00:00
http://ufcstats.com/event-details/18c49685296c60e6,UFC 316: Dvalishvili vs. O'Malley 2,"June 07, 2025","Newark, New Jersey, USA",http://ufcstats.com/statistics/events/completed?page=all,f6ea42f97ff342da9bc50a09f1565a41,2026-09-10 03:03:51.062517+00:00
http://ufcstats.com/event-details/118463dd8db16e7f,UFC 315: Muhammad vs. Della Maddalena,"May 10, 2025","Montreal, Quebec, Canada",http://ufcstats.com/statistics/events/completed?page=all,f6ea42f97ff342da9bc50a09f1565a41,2026-09-10 03:03:51.062517+00:00
http://ufcstats.com/event-details/de20ffb3fc2e7629,UFC Fight Night: Sandhagen vs. Figueiredo,"May 03, 2025","Des Moines, Iowa, USA",http://ufcstats.com/statistics/events/completed?page=all,f6ea42f97ff342da9bc50a09f1565a41,2026-09-10 03:03:51.062517+00:00
http://ufcstats.com/event-details/22f4b6cb6b1bd7fd,UFC 314: Volkanovski vs. Lopes,"April 12, 2025","Miami, Florida, USA",http://ufcstats.com/statistics/events/completed?page=all,f6ea42f97ff342da9bc50a09f1565a41,2026-09-10 03:03:51.062517+00:00
http://ufcstats.com/event-details/86b30a86664cb6e4,UFC Fight Night: Emmett vs. Murphy,"April 05, 2025","Las Vegas, Nevada, USA",http://ufcstats.com/statistics/events/completed?page=all,f6ea42f97ff342da9bc50a09f1565a41,2026-09-10 03:03:51.062517+00:00
http://ufcstats.com/event-details/0f7210aa8d61af8d,UFC Fight Night: Moreno vs. Erceg,"March 29, 2025","Mexico City, Distrito Federal, Mexico",http://ufcstats.com/statistics/events/completed?page=all,f6ea42f97ff342da9bc50a09f1565a41,2026-09-10 03:03:51.062517+00:00
http://ufcstats.com/event-details/cc2ad11b1f9d818b,UFC Fight Night: Edwards vs. Brady,"March 22, 2025","London, England, United Kingdom",http://ufcstats.com/statistics/events/completed?page=all,f6ea42f97ff342da9bc50a09f1565a41,2026-09-10 03:03:51.062517+00:00
http://ufcstats.com/event-details/ca936c67687789e9,UFC 313: Pereira vs. Ankalaev,"March 08, 2025","Las Vegas, Nevada, USA",http://ufcstats.com/statistics/events/completed?page=all,f6ea42f97ff342da9bc50a09f1565a41,2026-09-10 03:03:51.062517+00:00
http://ufcstats.com/event-details/ce7871949b0ed2bf,UFC Fight Night: Cannonier vs. Rodrigues,"February 15, 2025","Las Vegas, Nevada, USA",http://ufcstats.com/statistics/events/completed?page=all,f6ea42f97ff342da9bc50a09f1565a41,2026-09-10 03:03:51.062517+00:00
http://ufcstats.com/event-details/39f68882def7a507,UFC 311: Makhachev vs. Moicano,"January 18, 2025","Inglewood, California, USA",http://ufcstats.com/statistics/events/completed?page=all,f6ea42f97ff342da9bc50a09f1565a41,2026-09-10 03:03:51.062517+00:00
http://ufcstats.com/event-details/72c9c2eadfc3277e,UFC Fight Night: Covington vs. Buckley,"December 14, 2024","Tampa, Florida, USA",http://ufcstats.com/statistics/events/completed?page=all,f6ea42f97ff342da9bc50a09f1565a41,2026-09-10 03:03:51.062517+00:00
http://ufcstats.com/event-details/ad23903ef3af7406,UFC 310: Pantoja vs. Asakura,"December 07, 2024","Las Vegas, Nevada, USA",http://ufcstats.com/statistics/events/completed?page=all,f6ea42f97ff342da9bc50a09f1565a41,2026-09-10 03:03:51.062517+00:00
http://ufcstats.com/event-details/daff32bc96d1eabf,UFC 309: Jones vs. Miocic,"November 16, 2024","New York City, New York, USA",http://ufcstats.com/statistics/events/completed?page=all,f6ea42f97ff342da9bc50a09f1565a41,2026-09-10 03:03:51.062517+00:00
http://ufcstats.com/event-details/585f9ffdb0cd0466,UFC Fight Night: Magny vs. Prates,"November 09, 2024","Las Vegas, Nevada, USA",http://ufcstats.com/statistics/events/completed?page=all,f6ea42f97ff342da9bc50a09f1565a41,2026-09-10 03:03:51.062517+00:00
http://ufcstats.com/event-details/221b2a3070c7ce3e,UFC 308: Topuria vs. Holloway,"October 26, 2024","Abu Dhabi, Abu Dhabi, United Arab Emirates",http://ufcstats.com/statistics/events/completed?page=all,f6ea42f97ff342da9bc50a09f1565a41,2026-09-10 03:03:51.062517+00:00
http://ufcstats.com/event-details/6a0047ac8c99fece,UFC Fight Night: Hernandez vs. Pereira,"October 19, 2024","Las Vegas, Nevada, USA",http://ufcstats.com/statistics/events/completed?page=all,f6ea42f97ff342da9bc50a09f1565a41,2026-09-10 03:03:51.062517+00:00
http://ufcstats.com/event-details/5bdcbd8dd681a257,UFC Fight Night: Royval vs. Taira,"October 12, 2024","Las Vegas, Nevada, USA",http://ufcstats.com/statistics/events/completed?page=all,f6ea42f97ff342da9bc50a09f1565a41,2026-09-10 03:03:51.062517+00:00
http://ufcstats.com/event-details/eee8efec7b951d84,UFC 307: Pereira vs. Rountree Jr.,"October 05, 2024","Salt Lake City, Utah, USA",http://ufcstats.com/statistics/events/completed?page=all,f6ea42f97ff342da9bc50a09f1565a41,2026-09-10 03:03:51.062517+00:00
http://ufcstats.com/event-details/ee0b69e307c857e5,UFC Fight Night: Burns vs. Brady,"September 07, 2024","Las Vegas, Nevada, USA",http://ufcstats.com/statistics/events/completed?page=all,f6ea42f97ff342da9bc50a09f1565a41,2026-09-10 03:03:51.062517+00:00
http://ufcstats.com/event-details/be8ad887e4d674b0,UFC Fight Night: Cannonier vs. Borralho,"August 24, 2024","Las Vegas, Nevada, USA",http://ufcstats.com/statistics/events/completed?page=all,f6ea42f97ff342da9bc50a09f1565a41,2026-09-10 03:03:51.062517+00:00
http://ufcstats.com/event-details/026b4f7049085842,UFC 304: Edwards vs. Muhammad 2,"July 27, 2024","Manchester, England, United Kingdom",http://ufcstats.com/statistics/events/completed?page=all,f6ea42f97ff342da9bc50a09f1565a41,2026-09-10 03:03:51.062517+00:00
http://ufcstats.com/event-details/66e0a70352fef46a,UFC Fight Night: Namajunas vs. Cortez,"July 13, 2024","Denver, Colorado, USA",http://ufcstats.com/statistics/events/completed?page=all,f6ea42f97ff342da9bc50a09f1565a41,2026-09-10 03:03:51.062517+00:00
http://ufcstats.com/event-details/f3743d8ef5dde970,UFC 303: Pereira vs. Prochazka 2,"June 29, 2024","Las Vegas, Nevada, USA",http://ufcstats.com/statistics/events/completed?page=all,f6ea42f97ff342da9bc50a09f1565a41,2026-09-10 03:03:51.062517+00:00
http://ufcstats.com/event-details/6e4acc2c115215b5,UFC 302: Makhachev vs. Poirier,"June 01, 2024","Newark, New Jersey, USA",http://ufcstats.com/statistics/events/completed?page=all,f6ea42f97ff342da9bc50a09f1565a41,2026-09-10 03:03:51.062517+00:00
http://ufcstats.com/event-details/46baf0f57edfa4df,UFC Fight Night: Barboza vs. Murphy,"May 18, 2024","Las Vegas, Nevada, USA",http://ufcstats.com/statistics/events/completed?page=all,f6ea42f97ff342da9bc50a09f1565a41,2026-09-10 03:03:51.062517+00:00
http://ufcstats.com/event-details/5dfe71ade71f3a4b,UFC Fight Night: Lewis vs. Nascimento,"May 11, 2024","St. Louis, Missouri, USA",http://ufcstats.com/statistics/events/completed?page=all,f6ea42f97ff342da9bc50a09f1565a41,2026-09-10 03:03:51.062517+00:00
http://ufcstats.com/event-details/a16ce18149021139,UFC Fight Night: Nicolau vs. Perez,"April 27, 2024","Las Vegas, Nevada, USA",http://ufcstats.com/statistics/events/completed?page=all,f6ea42f97ff342da9bc50a09f1565a41,2026-09-10 03:03:51.062517+00:00
http://ufcstats.com/event-details/6750e338922a099d,UFC 300: Pereira vs. Hill,"April 13, 2024","Las Vegas, Nevada, USA",http://ufcstats.com/statistics/events/completed?page=all,f6ea42f97ff342da9bc50a09f1565a41,2026-09-10 03:03:51.062517+00:00
http://ufcstats.com/event-details/c398235fcaf8d71d,UFC Fight Night: Tuivasa vs. Tybura,"March 16, 2024","Las Vegas, Nevada, USA",http://ufcstats.com/statistics/events/completed?page=all,f6ea42f97ff342da9bc50a09f1565a41,2026-09-10 03:03:51.062517+00:00
http://ufcstats.com/event-details/a9df5ae20a97b090,UFC 299: O'Malley vs. Vera 2,"March 09, 2024","Miami, Florida, USA",http://ufcstats.com/statistics/events/completed?page=all,f6ea42f97ff342da9bc50a09f1565a41,2026-09-10 03:03:51.062517+00:00
http://ufcstats.com/event-details/eaea0fc7b76525a8,UFC Fight Night: Hermansson vs. Pyfer,"February 10, 2024","Las Vegas, Nevada, USA",http://ufcstats.com/statistics/events/completed?page=all,f6ea42f97ff342da9bc50a09f1565a41,2026-09-10 03:03:51.062517+00:00
http://ufcstats.com/event-details/cce79e827569f26e,UFC Fight Night: Dolidze vs. Imavov,"February 03, 2024","Las Vegas, Nevada, USA",http://ufcstats.com/statistics/events/completed?page=all,f6ea42f97ff342da9bc50a09f1565a41,2026-09-10 03:03:51.062517+00:00
http://ufcstats.com/event-details/bd85ca0bb4f26cfc,UFC 297: Strickland vs. Du Plessis,"January 20, 2024","Toronto, Ontario, Canada",http://ufcstats.com/statistics/events/completed?page=all,f6ea42f97ff342da9bc50a09f1565a41,2026-09-10 03:03:51.062517+00:00
http://ufcstats.com/event-details/010986ee359fb863,UFC Fight Night: Ankalaev vs. Walker 2,"January 13, 2024","Las Vegas, Nevada, USA",http://ufcstats.com/statistics/events/completed?page=all,f6ea42f97ff342da9bc50a09f1565a41,2026-09-10 03:03:51.062517+00:00
http://ufcstats.com/event-details/53e4e21f4c688801,UFC Fight Night: Dariush vs. Tsarukyan,"December 02, 2023","Austin, Texas, USA",http://ufcstats.com/statistics/events/completed?page=all,f6ea42f97ff342da9bc50a09f1565a41,2026-09-10 03:03:51.062517+00:00
http://ufcstats.com/event-details/5a558ba1ff5e9121,UFC 295: Prochazka vs. Pereira,"November 11, 2023","New York City, New York, USA",http://ufcstats.com/statistics/events/completed?page=all,f6ea42f97ff342da9bc50a09f1565a41,2026-09-10 03:03:51.062517+00:00
http://ufcstats.com/event-details/7c4ec656d8fcb867,UFC Fight Night: Almeida vs. Lewis,"November 04, 2023","Sao Paulo, Sao Paulo, Brazil",http://ufcstats.com/statistics/events/completed?page=all,f6ea42f97ff342da9bc50a09f1565a41,2026-09-10 03:03:51.062517+00:00
http://ufcstats.com/event-details/f3a078277b3b8ff4,UFC Fight Night: Yusuff vs. Barboza,"October 14, 2023","Las Vegas, Nevada, USA",http://ufcstats.com/statistics/events/completed?page=all,f6ea42f97ff342da9bc50a09f1565a41,2026-09-10 03:03:51.062517+00:00
http://ufcstats.com/event-details/c8a49ff2acb6f3c5,UFC Fight Night: Dawson vs. Green,"October 07, 2023","Las Vegas, Nevada, USA",http://ufcstats.com/statistics/events/completed?page=all,f6ea42f97ff342da9bc50a09f1565a41,2026-09-10 03:03:51.062517+00:00
http://ufcstats.com/event-details/c945adc22c2bfe8f,UFC Fight Night: Fiziev vs. Gamrot,"September 23, 2023","Las Vegas, Nevada, USA",http://ufcstats.com/statistics/events/completed?page=all,f6ea42f97ff342da9bc50a09f1565a41,2026-09-10 03:03:51.062517+00:00
http://ufcstats.com/event-details/8fa2b06572365321,Noche UFC: Grasso vs. Shevchenko 2,"September 16, 2023","Las Vegas, Nevada, USA",http://ufcstats.com/statistics/events/completed?page=all,f6ea42f97ff342da9bc50a09f1565a41,2026-09-10 03:03:51.062517+00:00
http://ufcstats.com/event-details/89a407032911e27e,UFC Fight Night: Holloway vs. The Korean Zombie,"August 26, 2023","Kallang, Singapore",http://ufcstats.com/statistics/events/completed?page=all,f6ea42f97ff342da9bc50a09f1565a41,2026-09-10 03:03:51.062517+00:00
http://ufcstats.com/event-details/2719f300b0439039,UFC 292: Sterling vs. O'Malley,"August 19, 2023","Boston, Massachusetts, USA",http://ufcstats.com/statistics/events/completed?page=all,f6ea42f97ff342da9bc50a09f1565a41,2026-09-10 03:03:51.062517+00:00
http://ufcstats.com/event-details/d2fa318f34d0aadc,UFC Fight Night: Luque vs. Dos Anjos,"August 12, 2023","Las Vegas, Nevada, USA",http://ufcstats.com/statistics/events/completed?page=all,f6ea42f97ff342da9bc50a09f1565a41,2026-09-10 03:03:51.062517+00:00
http://ufcstats.com/event-details/6f81b6de2557739a,UFC Fight Night: Sandhagen vs. Font,"August 05, 2023","Nashville, Tennessee, USA",http://ufcstats.com/statistics/events/completed?page=all,f6ea42f97ff342da9bc50a09f1565a41,2026-09-10 03:03:51.062517+00:00
http://ufcstats.com/event-details/ccd58ff71e260ed5,UFC 291: Poirier vs. Gaethje 2,"July 29, 2023","Salt Lake City, Utah, USA",http://ufcstats.com/statistics/events/completed?page=all,f6ea42f97ff342da9bc50a09f1565a41,2026-09-10 03:03:51.062517+00:00
http://ufcstats.com/event-details/a780d16cf7eed44d,UFC Fight Night: Emmett vs. Topuria,"June 24, 2023","Jacksonville, Florida, USA",http://ufcstats.com/statistics/events/completed?page=all,f6ea42f97ff342da9bc50a09f1565a41,2026-09-10 03:03:51.062517+00:00
http://ufcstats.com/event-details/b6c6d1731ff00eeb,UFC 289: Nunes vs. Aldana,"June 10, 2023","Vancouver, British Columbia, Canada",http://ufcstats.com/statistics/events/completed?page=all,f6ea42f97ff342da9bc50a09f1565a41,2026-09-10 03:03:51.062517+00:00
http://ufcstats.com/event-details/7abe471b61725980,UFC Fight Night: Kara-France vs. Albazi,"June 03, 2023","Las Vegas, Nevada, USA",http://ufcstats.com/statistics/events/completed?page=all,f6ea42f97ff342da9bc50a09f1565a41,2026-09-10 03:03:51.062517+00:00
http://ufcstats.com/event-details/6f812143641ceff8,UFC Fight Night: Dern vs. Hill,"May 20, 2023","Las Vegas, Nevada, USA",http://ufcstats.com/statistics/events/completed?page=all,f6ea42f97ff342da9bc50a09f1565a41,2026-09-10 03:03:51.062517+00:00
http://ufcstats.com/event-details/901cddcbfa079097,UFC Fight Night: Rozenstruik vs. Almeida,"May 13, 2023","Charlotte, North Carolina, USA",http://ufcstats.com/statistics/events/completed?page=all,f6ea42f97ff342da9bc50a09f1565a41,2026-09-10 03:03:51.062517+00:00
http://ufcstats.com/event-details/3c6976f8182d9527,UFC 288: Sterling vs. Cejudo,"May 06, 2023","Newark, New Jersey, USA",http://ufcstats.com/statistics/events/completed?page=all,f6ea42f97ff342da9bc50a09f1565a41,2026-09-10 03:03:51.062517+00:00
http://ufcstats.com/event-details/6fb1ba67bef41b37,UFC Fight Night: Pavlovich vs. Blaydes,"April 22, 2023","Las Vegas, Nevada, USA",http://ufcstats.com/statistics/events/completed?page=all,f6ea42f97ff342da9bc50a09f1565a41,2026-09-10 03:03:51.062517+00:00
http://ufcstats.com/event-details/15b1b21cd743d652,UFC Fight Night: Holloway vs. Allen,"April 15, 2023","Kansas City, Missouri, USA",http://ufcstats.com/statistics/events/completed?page=all,f6ea42f97ff342da9bc50a09f1565a41,2026-09-10 03:03:51.062517+00:00
http://ufcstats.com/event-details/3dc3022232b79c7a,UFC 287: Pereira vs. Adesanya 2,"April 08, 2023","Miami, Florida, USA",http://ufcstats.com/statistics/events/completed?page=all,f6ea42f97ff342da9bc50a09f1565a41,2026-09-10 03:03:51.062517+00:00
http://ufcstats.com/event-details/f21a3d68fb9df387,UFC Fight Night: Andrade vs. Blanchfield,"February 18, 2023","Las Vegas, Nevada, USA",http://ufcstats.com/statistics/events/completed?page=all,f6ea42f97ff342da9bc50a09f1565a41,2026-09-10 03:03:51.062517+00:00
http://ufcstats.com/event-details/d26394fc0e8e880a,UFC Fight Night: Lewis vs. Spivac,"February 04, 2023","Las Vegas, Nevada, USA",http://ufcstats.com/statistics/events/completed?page=all,f6ea42f97ff342da9bc50a09f1565a41,2026-09-10 03:03:51.062517+00:00
http://ufcstats.com/event-details/5717efc6f271cd52,UFC 283: Teixeira vs. Hill,"January 21, 2023","Rio de Janeiro, Rio de Janeiro, Brazil",http://ufcstats.com/statistics/events/completed?page=all,f6ea42f97ff342da9bc50a09f1565a41,2026-09-10 03:03:51.062517+00:00
http://ufcstats.com/event-details/56ec58954158966a,UFC Fight Night: Cannonier vs. Strickland,"December 17, 2022","Las Vegas, Nevada, USA",http://ufcstats.com/statistics/events/completed?page=all,f6ea42f97ff342da9bc50a09f1565a41,2026-09-10 03:03:51.062517+00:00
http://ufcstats.com/event-details/b23388ff8ac6637b,UFC Fight Night: Thompson vs. Holland,"December 03, 2022","Orlando, Florida, USA",http://ufcstats.com/statistics/events/completed?page=all,f6ea42f97ff342da9bc50a09f1565a41,2026-09-10 03:03:51.062517+00:00
http://ufcstats.com/event-details/b3b6e80b7d5f8f0d,UFC 281: Adesanya vs. Pereira,"November 12, 2022","New York City, New York, USA",http://ufcstats.com/statistics/events/completed?page=all,f6ea42f97ff342da9bc50a09f1565a41,2026-09-10 03:03:51.062517+00:00
http://ufcstats.com/event-details/756f45905fb20cb5,UFC Fight Night: Rodriguez vs. Lemos,"November 05, 2022","Las Vegas, Nevada, USA",http://ufcstats.com/statistics/events/completed?page=all,f6ea42f97ff342da9bc50a09f1565a41,2026-09-10 03:03:51.062517+00:00
http://ufcstats.com/event-details/be5aab761c40ef35,UFC Fight Night: Kattar vs. Allen,"October 29, 2022","Las Vegas, Nevada, USA",http://ufcstats.com/statistics/events/completed?page=all,f6ea42f97ff342da9bc50a09f1565a41,2026-09-10 03:03:51.062517+00:00
http://ufcstats.com/event-details/885e7f70dcac0007,UFC 280: Oliveira vs. Makhachev,"October 22, 2022","Abu Dhabi, Abu Dhabi, United Arab Emirates",http://ufcstats.com/statistics/events/completed?page=all,f6ea42f97ff342da9bc50a09f1565a41,2026-09-10 03:03:51.062517+00:00
http://ufcstats.com/event-details/93bf96be327fcd98,UFC 279: Diaz vs. Ferguson,"September 10, 2022","Las Vegas, Nevada, USA",http://ufcstats.com/statistics/events/completed?page=all,f6ea42f97ff342da9bc50a09f1565a41,2026-09-10 03:03:51.062517+00:00
http://ufcstats.com/event-details/a23e63184c65f5b8,UFC Fight Night: Vera vs. Cruz,"August 13, 2022","San Diego, California, USA",http://ufcstats.com/statistics/events/completed?page=all,f6ea42f97ff342da9bc50a09f1565a41,2026-09-10 03:03:51.062517+00:00
http://ufcstats.com/event-details/b0a6124751a56bc4,UFC 277: Pena vs. Nunes 2,"July 30, 2022","Dallas, Texas, USA",http://ufcstats.com/statistics/events/completed?page=all,f6ea42f97ff342da9bc50a09f1565a41,2026-09-10 03:03:51.062517+00:00
http://ufcstats.com/event-details/31da66df48c0c1a0,UFC Fight Night: Dos Anjos vs. Fiziev,"July 09, 2022","Las Vegas, Nevada, USA",http://ufcstats.com/statistics/events/completed?page=all,f6ea42f97ff342da9bc50a09f1565a41,2026-09-10 03:03:51.062517+00:00
http://ufcstats.com/event-details/4a9e305633f3ef47,UFC 276: Adesanya vs. Cannonier,"July 02, 2022","Las Vegas, Nevada, USA",http://ufcstats.com/statistics/events/completed?page=all,f6ea42f97ff342da9bc50a09f1565a41,2026-09-10 03:03:51.062517+00:00
http://ufcstats.com/event-details/eb42d4febfafefd1,UFC Fight Night: Tsarukyan vs. Gamrot,"June 25, 2022","Las Vegas, Nevada, USA",http://ufcstats.com/statistics/events/completed?page=all,f6ea42f97ff342da9bc50a09f1565a41,2026-09-10 03:03:51.062517+00:00
http://ufcstats.com/event-details/a0a680fe2f6cc8e6,UFC Fight Night: Kattar vs. Emmett,"June 18, 2022","Austin, Texas, USA",http://ufcstats.com/statistics/events/completed?page=all,f6ea42f97ff342da9bc50a09f1565a41,2026-09-10 03:03:51.062517+00:00
http://ufcstats.com/event-details/60ba33c3f555a7a3,UFC Fight Night: Blachowicz vs. Rakic,"May 14, 2022","Las Vegas, Nevada, USA",http://ufcstats.com/statistics/events/completed?page=all,f6ea42f97ff342da9bc50a09f1565a41,2026-09-10 03:03:51.062517+00:00
http://ufcstats.com/event-details/253d3f9e97ca149a,UFC 274: Oliveira vs. Gaethje,"May 07, 2022","Phoenix, Arizona, USA",http://ufcstats.com/statistics/events/completed?page=all,f6ea42f97ff342da9bc50a09f1565a41,2026-09-10 03:03:51.062517+00:00
http://ufcstats.com/event-details/6bf5a7d3e081ade2,UFC Fight Night: Font vs. Vera,"April 30, 2022","Las Vegas, Nevada, USA",http://ufcstats.com/statistics/events/completed?page=all,f6ea42f97ff342da9bc50a09f1565a41,2026-09-10 03:03:51.062517+00:00
http://ufcstats.com/event-details/236a37d96d476164,UFC Fight Night: Lemos vs. Andrade,"April 23, 2022","Las Vegas, Nevada, USA",http://ufcstats.com/statistics/events/completed?page=all,f6ea42f97ff342da9bc50a09f1565a41,2026-09-10 03:03:51.062517+00:00
http://ufcstats.com/event-details/1fac46d466abd5b8,UFC Fight Night: Blaydes vs. Daukaus,"March 26, 2022","Columbus, Ohio, USA",http://ufcstats.com/statistics/events/completed?page=all,f6ea42f97ff342da9bc50a09f1565a41,2026-09-10 03:03:51.062517+00:00
http://ufcstats.com/event-details/1f9344211ca7fd60,UFC Fight Night: Santos vs. Ankalaev,"March 12, 2022","Las Vegas, Nevada, USA",http://ufcstats.com/statistics/events/completed?page=all,f6ea42f97ff342da9bc50a09f1565a41,2026-09-10 03:03:51.062517+00:00
http://ufcstats.com/event-details/75e0d3cc2262b732,UFC 272: Covington vs. Masvidal,"March 05, 2022","Las Vegas, Nevada, USA",http://ufcstats.com/statistics/events/completed?page=all,f6ea42f97ff342da9bc50a09f1565a41,2026-09-10 03:03:51.062517+00:00
http://ufcstats.com/event-details/f6a7b02c42e9fc5b,UFC Fight Night: Makhachev vs. Green,"February 26, 2022","Las Vegas, Nevada, USA",http://ufcstats.com/statistics/events/completed?page=all,f6ea42f97ff342da9bc50a09f1565a41,2026-09-10 03:03:51.062517+00:00
http://ufcstats.com/event-details/77940e45bc86208e,UFC Fight Night: Walker vs. Hill,"February 19, 2022","Las Vegas, Nevada, USA",http://ufcstats.com/statistics/events/completed?page=all,f6ea42f97ff342da9bc50a09f1565a41,2026-09-10 03:03:51.062517+00:00
http://ufcstats.com/event-details/cbb682f5fcc44bfc,UFC 271: Adesanya vs. Whittaker 2,"February 12, 2022","Houston, Texas, USA",http://ufcstats.com/statistics/events/completed?page=all,f6ea42f97ff342da9bc50a09f1565a41,2026-09-10 03:03:51.062517+00:00
http://ufcstats.com/event-details/2a470ad41c22c25a,UFC Fight Night: Lewis vs. Daukaus,"December 18, 2021","Las Vegas, Nevada, USA",http://ufcstats.com/statistics/events/completed?page=all,f6ea42f97ff342da9bc50a09f1565a41,2026-09-10 03:03:51.062517+00:00
http://ufcstats.com/event-details/ef927e4fe2117ab8,UFC 269: Oliveira vs. Poirier,"December 11, 2021","Las Vegas, Nevada, USA",http://ufcstats.com/statistics/events/completed?page=all,f6ea42f97ff342da9bc50a09f1565a41,2026-09-10 03:03:51.062517+00:00
http://ufcstats.com/event-details/509697e08673d2e5,UFC Fight Night: Font vs. Aldo,"December 04, 2021","Las Vegas, Nevada, USA",http://ufcstats.com/statistics/events/completed?page=all,f6ea42f97ff342da9bc50a09f1565a41,2026-09-10 03:03:51.062517+00:00
http://ufcstats.com/event-details/b5abaa65f87938eb,UFC Fight Night: Holloway vs. Rodriguez,"November 13, 2021","Las Vegas, Nevada, USA",http://ufcstats.com/statistics/events/completed?page=all,f6ea42f97ff342da9bc50a09f1565a41,2026-09-10 03:03:51.062517+00:00
http://ufcstats.com/event-details/48e093ea1f43a053,UFC 268: Usman vs. Covington 2,"November 06, 2021","New York City, New York, USA",http://ufcstats.com/statistics/events/completed?page=all,f6ea42f97ff342da9bc50a09f1565a41,2026-09-10 03:03:51.062517+00:00
http://ufcstats.com/event-details/8a9c6c4301f6d088,UFC Fight Night: Costa vs. Vettori,"October 23, 2021","Las Vegas, Nevada, USA",http://ufcstats.com/statistics/events/completed?page=all,f6ea42f97ff342da9bc50a09f1565a41,2026-09-10 03:03:51.062517+00:00
http://ufcstats.com/event-details/8f4616698508f24d,UFC Fight Night: Ladd vs. Dumont,"October 16, 2021","Las Vegas, Nevada, USA",http://ufcstats.com/statistics/events/completed?page=all,f6ea42f97ff342da9bc50a09f1565a41,2026-09-10 03:03:51.062517+00:00
http://ufcstats.com/event-details/e15d0a2519d6a0b5,UFC Fight Night: Santos vs. Walker,"October 02, 2021","Las Vegas, Nevada, USA",http://ufcstats.com/statistics/events/completed?page=all,f6ea42f97ff342da9bc50a09f1565a41,2026-09-10 03:03:51.062517+00:00
http://ufcstats.com/event-details/0eec866a077889f0,UFC 266: Volkanovski vs. Ortega,"September 25, 2021","Las Vegas, Nevada, USA",http://ufcstats.com/statistics/events/completed?page=all,f6ea42f97ff342da9bc50a09f1565a41,2026-09-10 03:03:51.062517+00:00
http://ufcstats.com/event-details/0db9d2486d564a3c,UFC Fight Night: Barboza vs. Chikadze,"August 28, 2021","Las Vegas, Nevada, USA",http://ufcstats.com/statistics/events/completed?page=all,f6ea42f97ff342da9bc50a09f1565a41,2026-09-10 03:03:51.062517+00:00
http://ufcstats.com/event-details/2f13e4020cea5b38,UFC Fight Night: Cannonier vs. Gastelum,"August 21, 2021","Las Vegas, Nevada, USA",http://ufcstats.com/statistics/events/completed?page=all,f6ea42f97ff342da9bc50a09f1565a41,2026-09-10 03:03:51.062517+00:00
http://ufcstats.com/event-details/972197a8c61ac413,UFC 265: Lewis vs. Gane,"August 07, 2021","Houston, Texas, USA",http://ufcstats.com/statistics/events/completed?page=all,f6ea42f97ff342da9bc50a09f1565a41,2026-09-10 03:03:51.062517+00:00
http://ufcstats.com/event-details/e57f0b06ea39e360,UFC Fight Night: Sandhagen vs. Dillashaw,"July 24, 2021","Las Vegas, Nevada, USA",http://ufcstats.com/statistics/events/completed?page=all,f6ea42f97ff342da9bc50a09f1565a41,2026-09-10 03:03:51.062517+00:00
http://ufcstats.com/event-details/40389d39a92f5bfa,UFC Fight Night: Makhachev vs. Moises,"July 17, 2021","Las Vegas, Nevada, USA",http://ufcstats.com/statistics/events/completed?page=all,f6ea42f97ff342da9bc50a09f1565a41,2026-09-10 03:03:51.062517+00:00
http://ufcstats.com/event-details/8a0be41c0380188d,UFC 264: Poirier vs. McGregor 3,"July 10, 2021","Las Vegas, Nevada, USA",http://ufcstats.com/statistics/events/completed?page=all,f6ea42f97ff342da9bc50a09f1565a41,2026-09-10 03:03:51.062517+00:00
http://ufcstats.com/event-details/a1d6b308781aa2f5,UFC Fight Night: Gane vs. Volkov,"June 26, 2021","Las Vegas, Nevada, USA",http://ufcstats.com/statistics/events/completed?page=all,f6ea42f97ff342da9bc50a09f1565a41,2026-09-10 03:03:51.062517+00:00
http://ufcstats.com/event-details/9ddfb3369a3b0394,UFC Fight Night: Jung vs. Ige,"June 19, 2021","Las Vegas, Nevada, USA",http://ufcstats.com/statistics/events/completed?page=all,f6ea42f97ff342da9bc50a09f1565a41,2026-09-10 03:03:51.062517+00:00
http://ufcstats.com/event-details/0b64d0fed453ef7f,UFC 263: Adesanya vs. Vettori 2,"June 12, 2021","Glendale, Arizona, USA",http://ufcstats.com/statistics/events/completed?page=all,f6ea42f97ff342da9bc50a09f1565a41,2026-09-10 03:03:51.062517+00:00
http://ufcstats.com/event-details/744f50016c39c26c,UFC 262: Oliveira vs. Chandler,"May 15, 2021","Houston, Texas, USA",http://ufcstats.com/statistics/events/completed?page=all,f6ea42f97ff342da9bc50a09f1565a41,2026-09-10 03:03:51.062517+00:00
http://ufcstats.com/event-details/58a36b4ccf5dc30e,UFC Fight Night: Rodriguez vs. Waterson,"May 08, 2021","Las Vegas, Nevada, USA",http://ufcstats.com/statistics/events/completed?page=all,f6ea42f97ff342da9bc50a09f1565a41,2026-09-10 03:03:51.062517+00:00
http://ufcstats.com/event-details/27541033b97c076d,UFC 261: Usman vs. Masvidal 2,"April 24, 2021","Jacksonville, Florida, USA",http://ufcstats.com/statistics/events/completed?page=all,f6ea42f97ff342da9bc50a09f1565a41,2026-09-10 03:03:51.062517+00:00
http://ufcstats.com/event-details/4a35913bd9aa4161,UFC Fight Night: Whittaker vs. Gastelum,"April 17, 2021","Las Vegas, Nevada, USA",http://ufcstats.com/statistics/events/completed?page=all,f6ea42f97ff342da9bc50a09f1565a41,2026-09-10 03:03:51.062517+00:00
http://ufcstats.com/event-details/9114c8ded5ccd71d,UFC Fight Night: Vettori vs. Holland,"April 10, 2021","Las Vegas, Nevada, USA",http://ufcstats.com/statistics/events/completed?page=all,f6ea42f97ff342da9bc50a09f1565a41,2026-09-10 03:03:51.062517+00:00
http://ufcstats.com/event-details/c36e1f4fa755ffb4,UFC Fight Night: Brunson vs. Holland,"March 20, 2021","Las Vegas, Nevada, USA",http://ufcstats.com/statistics/events/completed?page=all,f6ea42f97ff342da9bc50a09f1565a41,2026-09-10 03:03:51.062517+00:00
http://ufcstats.com/event-details/8c90c1563972e44d,UFC Fight Night: Edwards vs. Muhammad,"March 13, 2021","Las Vegas, Nevada, USA",http://ufcstats.com/statistics/events/completed?page=all,f6ea42f97ff342da9bc50a09f1565a41,2026-09-10 03:03:51.062517+00:00
http://ufcstats.com/event-details/6e2b1d631832921d,UFC 259: Blachowicz vs. Adesanya,"March 06, 2021","Las Vegas, Nevada, USA",http://ufcstats.com/statistics/events/completed?page=all,f6ea42f97ff342da9bc50a09f1565a41,2026-09-10 03:03:51.062517+00:00
http://ufcstats.com/event-details/81b57acd6975ac06,UFC Fight Night: Rozenstruik vs. Gane,"February 27, 2021","Las Vegas, Nevada, USA",http://ufcstats.com/statistics/events/completed?page=all,f6ea42f97ff342da9bc50a09f1565a41,2026-09-10 03:03:51.062517+00:00
http://ufcstats.com/event-details/bfe95ec546692b13,UFC Fight Night: Blaydes vs. Lewis,"February 20, 2021","Las Vegas, Nevada, USA",http://ufcstats.com/statistics/events/completed?page=all,f6ea42f97ff342da9bc50a09f1565a41,2026-09-10 03:03:51.062517+00:00
http://ufcstats.com/event-details/a1153013cb5f628f,UFC Fight Night: Overeem vs. Volkov,"February 06, 2021","Las Vegas, Nevada, USA",http://ufcstats.com/statistics/events/completed?page=all,f6ea42f97ff342da9bc50a09f1565a41,2026-09-10 03:03:51.062517+00:00
http://ufcstats.com/event-details/4304992c2acc187b,UFC 257: Poirier vs. McGregor,"January 23, 2021","Abu Dhabi, Abu Dhabi, United Arab Emirates",http://ufcstats.com/statistics/events/completed?page=all,f6ea42f97ff342da9bc50a09f1565a41,2026-09-10 03:03:51.062517+00:00
http://ufcstats.com/event-details/56116537d71a578c,UFC Fight Night: Chiesa vs. Magny,"January 20, 2021","Abu Dhabi, Abu Dhabi, United Arab Emirates",http://ufcstats.com/statistics/events/completed?page=all,f6ea42f97ff342da9bc50a09f1565a41,2026-09-10 03:03:51.062517+00:00
http://ufcstats.com/event-details/307064d3e0f036c2,UFC Fight Night: Holloway vs. Kattar,"January 16, 2021","Abu Dhabi, Abu Dhabi, United Arab Emirates",http://ufcstats.com/statistics/events/completed?page=all,f6ea42f97ff342da9bc50a09f1565a41,2026-09-10 03:03:51.062517+00:00
http://ufcstats.com/event-details/d0d43cb9b14f231c,UFC 256: Figueiredo vs. Moreno,"December 12, 2020","Las Vegas, Nevada, USA",http://ufcstats.com/statistics/events/completed?page=all,f6ea42f97ff342da9bc50a09f1565a41,2026-09-10 03:03:51.062517+00:00
http://ufcstats.com/event-details/398b440e73d55b8b,UFC Fight Night: Hermansson vs. Vettori,"December 05, 2020","Las Vegas, Nevada, USA",http://ufcstats.com/statistics/events/completed?page=all,f6ea42f97ff342da9bc50a09f1565a41,2026-09-10 03:03:51.062517+00:00
http://ufcstats.com/event-details/bbb15f301e4a490a,UFC 255: Figueiredo vs. Perez,"November 21, 2020","Las Vegas, Nevada, USA",http://ufcstats.com/statistics/events/completed?page=all,f6ea42f97ff342da9bc50a09f1565a41,2026-09-10 03:03:51.062517+00:00
http://ufcstats.com/event-details/3bc27ec15facbcf3,UFC Fight Night: Felder vs. Dos Anjos,"November 14, 2020","Las Vegas, Nevada, USA",http://ufcstats.com/statistics/events/completed?page=all,f6ea42f97ff342da9bc50a09f1565a41,2026-09-10 03:03:51.062517+00:00
http://ufcstats.com/event-details/41dca66f9dadfc86,UFC Fight Night: Santos vs. Teixeira,"November 07, 2020","Las Vegas, Nevada, USA",http://ufcstats.com/statistics/events/completed?page=all,f6ea42f97ff342da9bc50a09f1565a41,2026-09-10 03:03:51.062517+00:00
http://ufcstats.com/event-details/ad044be25c94dcfd,UFC Fight Night: Hall vs. Silva,"October 31, 2020","Las Vegas, Nevada, USA",http://ufcstats.com/statistics/events/completed?page=all,f6ea42f97ff342da9bc50a09f1565a41,2026-09-10 03:03:51.062517+00:00
http://ufcstats.com/event-details/d4f364dd076bb0e2,UFC Fight Night: Ortega vs. The Korean Zombie,"October 17, 2020","Abu Dhabi, Abu Dhabi, United Arab Emirates",http://ufcstats.com/statistics/events/completed?page=all,f6ea42f97ff342da9bc50a09f1565a41,2026-09-10 03:03:51.063517+00:00
http://ufcstats.com/event-details/fd4578cac86d75ca,UFC Fight Night: Moraes vs. Sandhagen,"October 10, 2020","Abu Dhabi, Abu Dhabi, United Arab Emirates",http://ufcstats.com/statistics/events/completed?page=all,f6ea42f97ff342da9bc50a09f1565a41,2026-09-10 03:03:51.063517+00:00
http://ufcstats.com/event-details/e69c5ce12f4e762b,UFC 253: Adesanya vs. Costa,"September 26, 2020","Abu Dhabi, Abu Dhabi, United Arab Emirates",http://ufcstats.com/statistics/events/completed?page=all,f6ea42f97ff342da9bc50a09f1565a41,2026-09-10 03:03:51.063517+00:00
http://ufcstats.com/event-details/831b937811804dad,UFC Fight Night: Covington vs. Woodley,"September 19, 2020","Las Vegas, Nevada, USA",http://ufcstats.com/statistics/events/completed?page=all,f6ea42f97ff342da9bc50a09f1565a41,2026-09-10 03:03:51.063517+00:00
http://ufcstats.com/event-details/9c37681096c6f3a9,UFC Fight Night: Waterson vs. Hill,"September 12, 2020","Las Vegas, Nevada, USA",http://ufcstats.com/statistics/events/completed?page=all,f6ea42f97ff342da9bc50a09f1565a41,2026-09-10 03:03:51.063517+00:00
http://ufcstats.com/event-details/542db012217ecb83,UFC Fight Night: Overeem vs. Sakai,"September 05, 2020","Las Vegas, Nevada, USA",http://ufcstats.com/statistics/events/completed?page=all,f6ea42f97ff342da9bc50a09f1565a41,2026-09-10 03:03:51.063517+00:00
http://ufcstats.com/event-details/e29cf523ebd155c5,UFC Fight Night: Smith vs. Rakic,"August 29, 2020","Las Vegas, Nevada, USA",http://ufcstats.com/statistics/events/completed?page=all,f6ea42f97ff342da9bc50a09f1565a41,2026-09-10 03:03:51.063517+00:00
http://ufcstats.com/event-details/af1e5c64b8663aa0,UFC Fight Night: Munhoz vs. Edgar,"August 22, 2020","Las Vegas, Nevada, USA",http://ufcstats.com/statistics/events/completed?page=all,f6ea42f97ff342da9bc50a09f1565a41,2026-09-10 03:03:51.063517+00:00
http://ufcstats.com/event-details/bda04c573563cc2e,UFC 252: Miocic vs. Cormier 3,"August 15, 2020","Las Vegas, Nevada, USA",http://ufcstats.com/statistics/events/completed?page=all,f6ea42f97ff342da9bc50a09f1565a41,2026-09-10 03:03:51.063517+00:00
http://ufcstats.com/event-details/7a82635ffa9b59fe,UFC Fight Night: Lewis vs. Oleinik,"August 08, 2020","Las Vegas, Nevada, USA",http://ufcstats.com/statistics/events/completed?page=all,f6ea42f97ff342da9bc50a09f1565a41,2026-09-10 03:03:51.063517+00:00
http://ufcstats.com/event-details/3746e21bb508391a,UFC Fight Night: Brunson vs. Shahbazyan,"August 01, 2020","Las Vegas, Nevada, USA",http://ufcstats.com/statistics/events/completed?page=all,f6ea42f97ff342da9bc50a09f1565a41,2026-09-10 03:03:51.063517+00:00
http://ufcstats.com/event-details/dbd198f780286aca,UFC 251: Usman vs. Masvidal,"July 11, 2020","Abu Dhabi, Abu Dhabi, United Arab Emirates",http://ufcstats.com/statistics/events/completed?page=all,f6ea42f97ff342da9bc50a09f1565a41,2026-09-10 03:03:51.063517+00:00
http://ufcstats.com/event-details/c32eab6c2119e989,UFC Fight Night: Poirier vs. Hooker,"June 27, 2020","Las Vegas, Nevada, USA",http://ufcstats.com/statistics/events/completed?page=all,f6ea42f97ff342da9bc50a09f1565a41,2026-09-10 03:03:51.063517+00:00
http://ufcstats.com/event-details/2eab7a6c8b0ed8cc,UFC Fight Night: Blaydes vs. Volkov,"June 20, 2020","Las Vegas, Nevada, USA",http://ufcstats.com/statistics/events/completed?page=all,f6ea42f97ff342da9bc50a09f1565a41,2026-09-10 03:03:51.063517+00:00
http://ufcstats.com/event-details/4c12aa7ca246e7a4,UFC 250: Nunes vs. Spencer,"June 06, 2020","Las Vegas, Nevada, USA",http://ufcstats.com/statistics/events/completed?page=all,f6ea42f97ff342da9bc50a09f1565a41,2026-09-10 03:03:51.063517+00:00
http://ufcstats.com/event-details/dfb965c9824425db,UFC Fight Night: Overeem vs. Harris,"May 16, 2020","Jacksonville, Florida, USA",http://ufcstats.com/statistics/events/completed?page=all,f6ea42f97ff342da9bc50a09f1565a41,2026-09-10 03:03:51.063517+00:00
http://ufcstats.com/event-details/5f8e00c27b7e7410,UFC Fight Night: Smith vs. Teixeira,"May 13, 2020","Jacksonville, Florida, USA",http://ufcstats.com/statistics/events/completed?page=all,f6ea42f97ff342da9bc50a09f1565a41,2026-09-10 03:03:51.063517+00:00
http://ufcstats.com/event-details/898337ef520fe4d3,UFC 249: Ferguson vs. Gaethje,"May 09, 2020","Jacksonville, Florida, USA",http://ufcstats.com/statistics/events/completed?page=all,f6ea42f97ff342da9bc50a09f1565a41,2026-09-10 03:03:51.063517+00:00
http://ufcstats.com/event-details/53278852bcd91e11,UFC Fight Night: Lee vs. Oliveira,"March 14, 2020","Brasilia, Distrito Federal, Brazil",http://ufcstats.com/statistics/events/completed?page=all,f6ea42f97ff342da9bc50a09f1565a41,2026-09-10 03:03:51.063517+00:00
http://ufcstats.com/event-details/0b5b6876c2a4723f,UFC 248: Adesanya vs. Romero,"March 07, 2020","Las Vegas, Nevada, USA",http://ufcstats.com/statistics/events/completed?page=all,f6ea42f97ff342da9bc50a09f1565a41,2026-09-10 03:03:51.063517+00:00
http://ufcstats.com/event-details/33b2f68ef95252e0,UFC Fight Night: Felder vs. Hooker,"February 22, 2020","Auckland, New Zealand",http://ufcstats.com/statistics/events/completed?page=all,f6ea42f97ff342da9bc50a09f1565a41,2026-09-10 03:03:51.063517+00:00
http://ufcstats.com/event-details/5df17b3620145578,UFC Fight Night: Anderson vs. Blachowicz,"February 15, 2020","Rio Rancho, New Mexico, USA",http://ufcstats.com/statistics/events/completed?page=all,f6ea42f97ff342da9bc50a09f1565a41,2026-09-10 03:03:51.063517+00:00
http://ufcstats.com/event-details/b26d3e3746fb4024,UFC 247: Jones vs. Reyes,"February 08, 2020","Houston, Texas, USA",http://ufcstats.com/statistics/events/completed?page=all,f6ea42f97ff342da9bc50a09f1565a41,2026-09-10 03:03:51.063517+00:00
http://ufcstats.com/event-details/44aa652b181bcf68,UFC Fight Night: Blaydes vs. Dos Santos,"January 25, 2020","Raleigh, North Carolina, USA",http://ufcstats.com/statistics/events/completed?page=all,f6ea42f97ff342da9bc50a09f1565a41,2026-09-10 03:03:51.063517+00:00
http://ufcstats.com/event-details/0c1773639c795466,UFC 246: McGregor vs. Cowboy,"January 18, 2020","Las Vegas, Nevada, USA",http://ufcstats.com/statistics/events/completed?page=all,f6ea42f97ff342da9bc50a09f1565a41,2026-09-10 03:03:51.063517+00:00
http://ufcstats.com/event-details/74fefd43f073cd2f,UFC Fight Night: Edgar vs. The Korean Zombie,"December 21, 2019","Busan, South Korea",http://ufcstats.com/statistics/events/completed?page=all,f6ea42f97ff342da9bc50a09f1565a41,2026-09-10 03:03:51.063517+00:00
http://ufcstats.com/event-details/4565d435005319c0,UFC 245: Usman vs. Covington,"December 14, 2019","Las Vegas, Nevada, USA",http://ufcstats.com/statistics/events/completed?page=all,f6ea42f97ff342da9bc50a09f1565a41,2026-09-10 03:03:51.063517+00:00
http://ufcstats.com/event-details/b09890ba7ce1d1e2,UFC Fight Night: Overeem vs. Rozenstruik,"December 07, 2019","Washington, DC, USA",http://ufcstats.com/statistics/events/completed?page=all,f6ea42f97ff342da9bc50a09f1565a41,2026-09-10 03:03:51.063517+00:00
http://ufcstats.com/event-details/81ca2c245b19b3c5,UFC Fight Night: Blachowicz vs. Jacare,"November 16, 2019","Sao Paulo, Sao Paulo, Brazil",http://ufcstats.com/statistics/events/completed?page=all,f6ea42f97ff342da9bc50a09f1565a41,2026-09-10 03:03:51.063517+00:00
http://ufcstats.com/event-details/fd87b1bbfcde9d5e,UFC 244: Masvidal vs. Diaz,"November 02, 2019","New York City, New York, USA",http://ufcstats.com/statistics/events/completed?page=all,f6ea42f97ff342da9bc50a09f1565a41,2026-09-10 03:03:51.063517+00:00
http://ufcstats.com/event-details/df05aa15b2d66f57,UFC Fight Night: Maia vs. Askren,"October 26, 2019","Kallang, Singapore",http://ufcstats.com/statistics/events/completed?page=all,f6ea42f97ff342da9bc50a09f1565a41,2026-09-10 03:03:51.063517+00:00
http://ufcstats.com/event-details/3ae10ac4df3df05c,UFC Fight Night: Reyes vs. Weidman,"October 18, 2019","Boston, Massachusetts, USA",http://ufcstats.com/statistics/events/completed?page=all,f6ea42f97ff342da9bc50a09f1565a41,2026-09-10 03:03:51.063517+00:00
http://ufcstats.com/event-details/1bf49bf829964144,UFC Fight Night: Hermansson vs. Cannonier,"September 28, 2019","Copenhagen, Denmark",http://ufcstats.com/statistics/events/completed?page=all,f6ea42f97ff342da9bc50a09f1565a41,2026-09-10 03:03:51.063517+00:00
http://ufcstats.com/event-details/94a5aaf573f780ad,UFC Fight Night: Rodriguez vs. Stephens,"September 21, 2019","Mexico City, Distrito Federal, Mexico",http://ufcstats.com/statistics/events/completed?page=all,f6ea42f97ff342da9bc50a09f1565a41,2026-09-10 03:03:51.063517+00:00
http://ufcstats.com/event-details/4834ff149dc9542a,UFC Fight Night: Cowboy vs. Gaethje,"September 14, 2019","Vancouver, British Columbia, Canada",http://ufcstats.com/statistics/events/completed?page=all,f6ea42f97ff342da9bc50a09f1565a41,2026-09-10 03:03:51.063517+00:00
http://ufcstats.com/event-details/a79bfbc01b2264d6,UFC 242: Khabib vs. Poirier,"September 07, 2019","Abu Dhabi, Abu Dhabi, United Arab Emirates",http://ufcstats.com/statistics/events/completed?page=all,f6ea42f97ff342da9bc50a09f1565a41,2026-09-10 03:03:51.063517+00:00
http://ufcstats.com/event-details/2c104b7e59a72629,UFC Fight Night: Andrade vs. Zhang,"August 31, 2019","Shenzhen, Guangdong, China",http://ufcstats.com/statistics/events/completed?page=all,f6ea42f97ff342da9bc50a09f1565a41,2026-09-10 03:03:51.063517+00:00
http://ufcstats.com/event-details/03da33a102d9a45f,UFC Fight Night: Covington vs. Lawler,"August 03, 2019","Newark, New Jersey, USA",http://ufcstats.com/statistics/events/completed?page=all,f6ea42f97ff342da9bc50a09f1565a41,2026-09-10 03:03:51.063517+00:00
http://ufcstats.com/event-details/abcf7e55a0a9ed89,UFC 240: Holloway vs. Edgar,"July 27, 2019","Edmonton, Alberta, Canada",http://ufcstats.com/statistics/events/completed?page=all,f6ea42f97ff342da9bc50a09f1565a41,2026-09-10 03:03:51.063517+00:00
http://ufcstats.com/event-details/9e0f28d1f639ad73,UFC Fight Night: Dos Anjos vs. Edwards,"July 20, 2019","San Antonio, Texas, USA",http://ufcstats.com/statistics/events/completed?page=all,f6ea42f97ff342da9bc50a09f1565a41,2026-09-10 03:03:51.063517+00:00
http://ufcstats.com/event-details/2f8f3c69522db931,UFC Fight Night: De Randamie vs. Ladd,"July 13, 2019","Sacramento, California, USA",http://ufcstats.com/statistics/events/completed?page=all,f6ea42f97ff342da9bc50a09f1565a41,2026-09-10 03:03:51.063517+00:00
http://ufcstats.com/event-details/6c9383ffab2725a5,UFC 239: Jones vs. Santos,"July 06, 2019","Las Vegas, Nevada, USA",http://ufcstats.com/statistics/events/completed?page=all,f6ea42f97ff342da9bc50a09f1565a41,2026-09-10 03:03:51.063517+00:00
http://ufcstats.com/event-details/c0c1bc0766df4c00,UFC Fight Night: Ngannou vs. Dos Santos,"June 29, 2019","Minneapolis, Minnesota, USA",http://ufcstats.com/statistics/events/completed?page=all,f6ea42f97ff342da9bc50a09f1565a41,2026-09-10 03:03:51.063517+00:00
http://ufcstats.com/event-details/b16a7e6a627e9789,UFC Fight Night: Moicano vs. The Korean Zombie,"June 22, 2019","Greenville, South Carolina, USA",http://ufcstats.com/statistics/events/completed?page=all,f6ea42f97ff342da9bc50a09f1565a41,2026-09-10 03:03:51.063517+00:00
http://ufcstats.com/event-details/e31502e3f79d00c5,UFC 238: Cejudo vs. Moraes,"June 08, 2019","Chicago, Illinois, USA",http://ufcstats.com/statistics/events/completed?page=all,f6ea42f97ff342da9bc50a09f1565a41,2026-09-10 03:03:51.063517+00:00
http://ufcstats.com/event-details/6b8f28da9a483049,UFC Fight Night: Dos Anjos vs. Lee,"May 18, 2019","Rochester, New York, USA",http://ufcstats.com/statistics/events/completed?page=all,f6ea42f97ff342da9bc50a09f1565a41,2026-09-10 03:03:51.063517+00:00
http://ufcstats.com/event-details/9de7c97e1c0d7927,UFC 237: Namajunas vs. Andrade,"May 11, 2019","Rio de Janeiro, Rio de Janeiro, Brazil",http://ufcstats.com/statistics/events/completed?page=all,f6ea42f97ff342da9bc50a09f1565a41,2026-09-10 03:03:51.063517+00:00
http://ufcstats.com/event-details/351264d11286d09a,UFC Fight Night: Iaquinta vs. Cowboy,"May 04, 2019","Ottawa, Ontario, Canada",http://ufcstats.com/statistics/events/completed?page=all,f6ea42f97ff342da9bc50a09f1565a41,2026-09-10 03:03:51.063517+00:00
http://ufcstats.com/event-details/c912f676692c353a,UFC Fight Night: Jacare vs. Hermansson,"April 27, 2019","Sunrise, Florida, USA",http://ufcstats.com/statistics/events/completed?page=all,f6ea42f97ff342da9bc50a09f1565a41,2026-09-10 03:03:51.063517+00:00
http://ufcstats.com/event-details/b0550072e5f0afa7,UFC 236: Holloway vs. Poirier 2,"April 13, 2019","Atlanta, Georgia, USA",http://ufcstats.com/statistics/events/completed?page=all,f6ea42f97ff342da9bc50a09f1565a41,2026-09-10 03:03:51.063517+00:00
http://ufcstats.com/event-details/9649d75defe0dedb,UFC Fight Night: Barboza vs. Gaethje,"March 30, 2019","Philadelphia, Pennsylvania, USA",http://ufcstats.com/statistics/events/completed?page=all,f6ea42f97ff342da9bc50a09f1565a41,2026-09-10 03:03:51.063517+00:00
http://ufcstats.com/event-details/487c170da059857d,UFC Fight Night: Thompson vs. Pettis,"March 23, 2019","Nashville, Tennessee, USA",http://ufcstats.com/statistics/events/completed?page=all,f6ea42f97ff342da9bc50a09f1565a41,2026-09-10 03:03:51.063517+00:00
http://ufcstats.com/event-details/e96d8538d3f9d0ed,UFC Fight Night: Lewis vs. Dos Santos,"March 09, 2019","Wichita, Kansas, USA",http://ufcstats.com/statistics/events/completed?page=all,f6ea42f97ff342da9bc50a09f1565a41,2026-09-10 03:03:51.063517+00:00
http://ufcstats.com/event-details/2d5fbe2103f97053,UFC 235: Jones vs. Smith,"March 02, 2019","Las Vegas, Nevada, USA",http://ufcstats.com/statistics/events/completed?page=all,f6ea42f97ff342da9bc50a09f1565a41,2026-09-10 03:03:51.063517+00:00
http://ufcstats.com/event-details/a7a79b8efbceaaac,UFC Fight Night: Ngannou vs. Velasquez,"February 17, 2019","Phoenix, Arizona, USA",http://ufcstats.com/statistics/events/completed?page=all,f6ea42f97ff342da9bc50a09f1565a41,2026-09-10 03:03:51.063517+00:00
http://ufcstats.com/event-details/84283233ec42be5f,UFC Fight Night: Assuncao vs. Moraes 2,"February 02, 2019","Fortaleza, Ceara, Brazil",http://ufcstats.com/statistics/events/completed?page=all,f6ea42f97ff342da9bc50a09f1565a41,2026-09-10 03:03:51.063517+00:00
http://ufcstats.com/event-details/d4da8995fc91e7ef,UFC Fight Night: Cejudo vs. Dillashaw,"January 19, 2019","Brooklyn, New York, USA",http://ufcstats.com/statistics/events/completed?page=all,f6ea42f97ff342da9bc50a09f1565a41,2026-09-10 03:03:51.063517+00:00
http://ufcstats.com/event-details/c046100aea0dba9a,UFC 232: Jones vs. Gustafsson 2,"December 29, 2018","Los Angeles, California, USA",http://ufcstats.com/statistics/events/completed?page=all,f6ea42f97ff342da9bc50a09f1565a41,2026-09-10 03:03:51.063517+00:00
http://ufcstats.com/event-details/7a703c565ccaa18f,UFC Fight Night: Lee vs. Iaquinta,"December 15, 2018","Milwaukee, Wisconsin, USA",http://ufcstats.com/statistics/events/completed?page=all,f6ea42f97ff342da9bc50a09f1565a41,2026-09-10 03:03:51.063517+00:00
http://ufcstats.com/event-details/2a74bbba57058f12,UFC 231: Holloway vs. Ortega,"December 08, 2018","Toronto, Ontario, Canada",http://ufcstats.com/statistics/events/completed?page=all,f6ea42f97ff342da9bc50a09f1565a41,2026-09-10 03:03:51.063517+00:00
http://ufcstats.com/event-details/c7ac79839e86ce33,The Ultimate Fighter: Heavy Hitters Finale,"November 30, 2018","Las Vegas, Nevada, USA",http://ufcstats.com/statistics/events/completed?page=all,f6ea42f97ff342da9bc50a09f1565a41,2026-09-10 03:03:51.063517+00:00
http://ufcstats.com/event-details/de25520d54eab12d,UFC Fight Night: Blaydes vs. Ngannou 2,"November 24, 2018","Beijing, China",http://ufcstats.com/statistics/events/completed?page=all,f6ea42f97ff342da9bc50a09f1565a41,2026-09-10 03:03:51.063517+00:00
http://ufcstats.com/event-details/aa3153a9941b4d44,UFC Fight Night: Magny vs. Ponzinibbio,"November 17, 2018","Buenos Aires, Buenos Aires, Argentina",http://ufcstats.com/statistics/events/completed?page=all,f6ea42f97ff342da9bc50a09f1565a41,2026-09-10 03:03:51.063517+00:00
http://ufcstats.com/event-details/42c96a9c4802e2e1,UFC Fight Night: Korean Zombie vs. Rodriguez,"November 10, 2018","Denver, Colorado, USA",http://ufcstats.com/statistics/events/completed?page=all,f6ea42f97ff342da9bc50a09f1565a41,2026-09-10 03:03:51.063517+00:00
http://ufcstats.com/event-details/20821819c401ced8,UFC 230: Cormier vs. Lewis,"November 03, 2018","New York City, New York, USA",http://ufcstats.com/statistics/events/completed?page=all,f6ea42f97ff342da9bc50a09f1565a41,2026-09-10 03:03:51.063517+00:00
http://ufcstats.com/event-details/33a331684283900f,UFC Fight Night: Oezdemir vs. Smith,"October 27, 2018","Moncton, New Brunswick, Canada",http://ufcstats.com/statistics/events/completed?page=all,f6ea42f97ff342da9bc50a09f1565a41,2026-09-10 03:03:51.063517+00:00
http://ufcstats.com/event-details/1ef0eae31904e534,UFC 229: Khabib vs. McGregor,"October 06, 2018","Las Vegas, Nevada, USA",http://ufcstats.com/statistics/events/completed?page=all,f6ea42f97ff342da9bc50a09f1565a41,2026-09-10 03:03:51.063517+00:00
http://ufcstats.com/event-details/852454c572675334,UFC Fight Night: Marreta vs. Anders,"September 22, 2018","Sao Paulo, Sao Paulo, Brazil",http://ufcstats.com/statistics/events/completed?page=all,f6ea42f97ff342da9bc50a09f1565a41,2026-09-10 03:03:51.063517+00:00
http://ufcstats.com/event-details/8d49545dadf9b919,UFC Fight Night: Hunt vs. Oleinik,"September 15, 2018","Moscow, Moscow, Russia",http://ufcstats.com/statistics/events/completed?page=all,f6ea42f97ff342da9bc50a09f1565a41,2026-09-10 03:03:51.063517+00:00
http://ufcstats.com/event-details/d5ae8074631762fc,UFC 228: Woodley vs. Till,"September 08, 2018","Dallas, Texas, USA",http://ufcstats.com/statistics/events/completed?page=all,f6ea42f97ff342da9bc50a09f1565a41,2026-09-10 03:03:51.063517+00:00
http://ufcstats.com/event-details/c0342805a1948cbb,UFC Fight Night: Gaethje vs. Vick,"August 25, 2018","Lincoln, Nebraska, USA",http://ufcstats.com/statistics/events/completed?page=all,f6ea42f97ff342da9bc50a09f1565a41,2026-09-10 03:03:51.063517+00:00
http://ufcstats.com/event-details/03b1e846b09f721d,UFC 227: Dillashaw vs. Garbrandt 2,"August 04, 2018","Los Angeles, California, USA",http://ufcstats.com/statistics/events/completed?page=all,f6ea42f97ff342da9bc50a09f1565a41,2026-09-10 03:03:51.063517+00:00
http://ufcstats.com/event-details/322a56923b396b4d,UFC Fight Night: Alvarez vs. Poirier 2,"July 28, 2018","Calgary, Alberta, Canada",http://ufcstats.com/statistics/events/completed?page=all,f6ea42f97ff342da9bc50a09f1565a41,2026-09-10 03:03:51.063517+00:00
http://ufcstats.com/event-details/b45d6b73f4ca4467,UFC Fight Night: Dos Santos vs. Ivanov,"July 14, 2018","Boise, Idaho, USA",http://ufcstats.com/statistics/events/completed?page=all,f6ea42f97ff342da9bc50a09f1565a41,2026-09-10 03:03:51.063517+00:00
http://ufcstats.com/event-details/35585d970300d45a,UFC 226: Miocic vs. Cormier,"July 07, 2018","Las Vegas, Nevada, USA",http://ufcstats.com/statistics/events/completed?page=all,f6ea42f97ff342da9bc50a09f1565a41,2026-09-10 03:03:51.063517+00:00
http://ufcstats.com/event-details/8215e4fe24e8e81b,The Ultimate Fighter: Undefeated Finale,"July 06, 2018","Las Vegas, Nevada, USA",http://ufcstats.com/statistics/events/completed?page=all,f6ea42f97ff342da9bc50a09f1565a41,2026-09-10 03:03:51.063517+00:00
http://ufcstats.com/event-details/ac5f67109accb482,UFC Fight Night: Cowboy vs. Edwards,"June 23, 2018","Kallang, Singapore",http://ufcstats.com/statistics/events/completed?page=all,f6ea42f97ff342da9bc50a09f1565a41,2026-09-10 03:03:51.063517+00:00
http://ufcstats.com/event-details/2eae41f61776c60f,UFC 225: Whittaker vs. Romero 2,"June 09, 2018","Chicago, Illinois, USA",http://ufcstats.com/statistics/events/completed?page=all,f6ea42f97ff342da9bc50a09f1565a41,2026-09-10 03:03:51.063517+00:00
http://ufcstats.com/event-details/d29b5c4f22c6357d,UFC Fight Night: Rivera vs. Moraes,"June 01, 2018","Utica, New York, USA",http://ufcstats.com/statistics/events/completed?page=all,f6ea42f97ff342da9bc50a09f1565a41,2026-09-10 03:03:51.063517+00:00
http://ufcstats.com/event-details/f5990c11974d8e9c,UFC Fight Night: Thompson vs. Till,"May 27, 2018","Liverpool, England, United Kingdom",http://ufcstats.com/statistics/events/completed?page=all,f6ea42f97ff342da9bc50a09f1565a41,2026-09-10 03:03:51.063517+00:00
http://ufcstats.com/event-details/3144121470023e9a,UFC Fight Night: Maia vs. Usman,"May 19, 2018","Santiago, Chile",http://ufcstats.com/statistics/events/completed?page=all,f6ea42f97ff342da9bc50a09f1565a41,2026-09-10 03:03:51.063517+00:00
http://ufcstats.com/event-details/ad99fa5325519169,UFC Fight Night: Barboza vs. Lee,"April 21, 2018","Atlantic City, New Jersey, USA",http://ufcstats.com/statistics/events/completed?page=all,f6ea42f97ff342da9bc50a09f1565a41,2026-09-10 03:03:51.063517+00:00
http://ufcstats.com/event-details/620be7e0712d431b,UFC Fight Night: Poirier vs. Gaethje,"April 14, 2018","Glendale, Arizona, USA",http://ufcstats.com/statistics/events/completed?page=all,f6ea42f97ff342da9bc50a09f1565a41,2026-09-10 03:03:51.063517+00:00
http://ufcstats.com/event-details/7929be8290289a47,UFC 222: Cyborg vs. Kunitskaya,"March 03, 2018","Las Vegas, Nevada, USA",http://ufcstats.com/statistics/events/completed?page=all,f6ea42f97ff342da9bc50a09f1565a41,2026-09-10 03:03:51.063517+00:00
http://ufcstats.com/event-details/daa89f01e1c0f42a,UFC Fight Night: Emmett vs. Stephens,"February 24, 2018","Orlando, Florida, USA",http://ufcstats.com/statistics/events/completed?page=all,f6ea42f97ff342da9bc50a09f1565a41,2026-09-10 03:03:51.063517+00:00
http://ufcstats.com/event-details/d181689653115b6a,UFC Fight Night: Cerrone vs. Medeiros,"February 18, 2018","Austin, Texas, USA",http://ufcstats.com/statistics/events/completed?page=all,f6ea42f97ff342da9bc50a09f1565a41,2026-09-10 03:03:51.063517+00:00
http://ufcstats.com/event-details/7cf20446453f852b,UFC Fight Night: Machida vs. Anders,"February 03, 2018","Belem, Para, Brazil",http://ufcstats.com/statistics/events/completed?page=all,f6ea42f97ff342da9bc50a09f1565a41,2026-09-10 03:03:51.063517+00:00
http://ufcstats.com/event-details/602bb270f2bdbf02,UFC Fight Night: Jacare vs. Brunson 2,"January 27, 2018","Charlotte, North Carolina, USA",http://ufcstats.com/statistics/events/completed?page=all,f6ea42f97ff342da9bc50a09f1565a41,2026-09-10 03:03:51.063517+00:00
http://ufcstats.com/event-details/02177caefe7c07d4,UFC 220: Miocic vs. Ngannou,"January 20, 2018","Boston, Massachusetts, USA",http://ufcstats.com/statistics/events/completed?page=all,f6ea42f97ff342da9bc50a09f1565a41,2026-09-10 03:03:51.063517+00:00
http://ufcstats.com/event-details/fc1868f56d3036eb,UFC Fight Night: Stephens vs. Choi,"January 14, 2018","St. Louis, Missouri, USA",http://ufcstats.com/statistics/events/completed?page=all,f6ea42f97ff342da9bc50a09f1565a41,2026-09-10 03:03:51.063517+00:00
http://ufcstats.com/event-details/04076783ca83d6ae,UFC 219: Cyborg vs. Holm,"December 30, 2017","Las Vegas, Nevada, USA",http://ufcstats.com/statistics/events/completed?page=all,f6ea42f97ff342da9bc50a09f1565a41,2026-09-10 03:03:51.063517+00:00
http://ufcstats.com/event-details/eaa0a728cc91ef60,UFC Fight Night: Lawler vs. Dos Anjos,"December 16, 2017","Winnipeg, Manitoba, Canada",http://ufcstats.com/statistics/events/completed?page=all,f6ea42f97ff342da9bc50a09f1565a41,2026-09-10 03:03:51.063517+00:00
http://ufcstats.com/event-details/9e30f69cc0869301,UFC 218: Holloway vs. Aldo 2,"December 02, 2017","Detroit, Michigan, USA",http://ufcstats.com/statistics/events/completed?page=all,f6ea42f97ff342da9bc50a09f1565a41,2026-09-10 03:03:51.063517+00:00
http://ufcstats.com/event-details/e7bc606d269896aa,UFC Fight Night: Bisping vs. Gastelum,"November 25, 2017","Shanghai, Hebei, China",http://ufcstats.com/statistics/events/completed?page=all,f6ea42f97ff342da9bc50a09f1565a41,2026-09-10 03:03:51.063517+00:00
http://ufcstats.com/event-details/caced97768818230,UFC Fight Night: Werdum vs. Tybura,"November 18, 2017","Sydney, New South Wales, Australia",http://ufcstats.com/statistics/events/completed?page=all,f6ea42f97ff342da9bc50a09f1565a41,2026-09-10 03:03:51.063517+00:00
http://ufcstats.com/event-details/d856a0080ac09ed7,UFC Fight Night: Poirier vs. Pettis,"November 11, 2017","Norfolk, Virginia, USA",http://ufcstats.com/statistics/events/completed?page=all,f6ea42f97ff342da9bc50a09f1565a41,2026-09-10 03:03:51.063517+00:00
http://ufcstats.com/event-details/a25b71fe5e31fa97,UFC 217: Bisping vs. St-Pierre,"November 04, 2017","New York City, New York, USA",http://ufcstats.com/statistics/events/completed?page=all,f6ea42f97ff342da9bc50a09f1565a41,2026-09-10 03:03:51.063517+00:00
http://ufcstats.com/event-details/a7724f51e32e763e,UFC Fight Night: Brunson vs. Machida,"October 28, 2017","Sao Paulo, Sao Paulo, Brazil",http://ufcstats.com/statistics/events/completed?page=all,f6ea42f97ff342da9bc50a09f1565a41,2026-09-10 03:03:51.063517+00:00
http://ufcstats.com/event-details/d6b68eaf4b68b160,UFC Fight Night: Cerrone vs. Till,"October 21, 2017","Gdansk, Poland",http://ufcstats.com/statistics/events/completed?page=all,f6ea42f97ff342da9bc50a09f1565a41,2026-09-10 03:03:51.063517+00:00
http://ufcstats.com/event-details/cc5834a495d1ea08,UFC 216: Ferguson vs. Lee,"October 07, 2017","Las Vegas, Nevada, USA",http://ufcstats.com/statistics/events/completed?page=all,f6ea42f97ff342da9bc50a09f1565a41,2026-09-10 03:03:51.063517+00:00
http://ufcstats.com/event-details/9211aae062b799d6,UFC Fight Night: Saint Preux vs. Okami,"September 22, 2017","Saitama, Saitama, Japan",http://ufcstats.com/statistics/events/completed?page=all,f6ea42f97ff342da9bc50a09f1565a41,2026-09-10 03:03:51.063517+00:00
http://ufcstats.com/event-details/d86e913c548c07c2,UFC 215: Nunes vs Shevchenko 2,"September 09, 2017","Edmonton, Alberta, Canada",http://ufcstats.com/statistics/events/completed?page=all,f6ea42f97ff342da9bc50a09f1565a41,2026-09-10 03:03:51.063517+00:00
http://ufcstats.com/event-details/ff9578cdbfabd323,UFC 214: Cormier vs. Jones 2,"July 29, 2017","Anaheim, California, USA",http://ufcstats.com/statistics/events/completed?page=all,f6ea42f97ff342da9bc50a09f1565a41,2026-09-10 03:03:51.063517+00:00
http://ufcstats.com/event-details/9f3d6ddef3d3cccc,UFC Fight Night: Weidman vs. Gastelum,"July 22, 2017","Uniondale, New York, USA",http://ufcstats.com/statistics/events/completed?page=all,f6ea42f97ff342da9bc50a09f1565a41,2026-09-10 03:03:51.063517+00:00
http://ufcstats.com/event-details/686cccbf1a4de453,UFC 213: Romero vs. Whittaker,"July 08, 2017","Las Vegas, Nevada, USA",http://ufcstats.com/statistics/events/completed?page=all,f6ea42f97ff342da9bc50a09f1565a41,2026-09-10 03:03:51.063517+00:00
http://ufcstats.com/event-details/23bd78c3f89bdb54,The Ultimate Fighter: Redemption Finale,"July 07, 2017","Las Vegas, Nevada, USA",http://ufcstats.com/statistics/events/completed?page=all,f6ea42f97ff342da9bc50a09f1565a41,2026-09-10 03:03:51.063517+00:00
http://ufcstats.com/event-details/99bf06f20491cb54,UFC Fight Night: Chiesa vs. Lee,"June 25, 2017","Oklahoma City, Oklahoma, USA",http://ufcstats.com/statistics/events/completed?page=all,f6ea42f97ff342da9bc50a09f1565a41,2026-09-10 03:03:51.063517+00:00
http://ufcstats.com/event-details/353de740bb6c7e75,UFC Fight Night: Holm vs. Correia,"June 17, 2017","Kallang, Singapore",http://ufcstats.com/statistics/events/completed?page=all,f6ea42f97ff342da9bc50a09f1565a41,2026-09-10 03:03:51.063517+00:00
http://ufcstats.com/event-details/90e7447d8b7f3f35,UFC Fight Night: Lewis vs. Hunt,"June 10, 2017","Auckland, New Zealand",http://ufcstats.com/statistics/events/completed?page=all,f6ea42f97ff342da9bc50a09f1565a41,2026-09-10 03:03:51.063517+00:00
http://ufcstats.com/event-details/1507214bbc7a79e2,UFC 212: Aldo vs. Holloway,"June 03, 2017","Rio de Janeiro, Rio de Janeiro, Brazil",http://ufcstats.com/statistics/events/completed?page=all,f6ea42f97ff342da9bc50a09f1565a41,2026-09-10 03:03:51.063517+00:00
http://ufcstats.com/event-details/5df10509264586e5,UFC 211: Miocic vs. Dos Santos,"May 13, 2017","Dallas, Texas, USA",http://ufcstats.com/statistics/events/completed?page=all,f6ea42f97ff342da9bc50a09f1565a41,2026-09-10 03:03:51.063517+00:00
http://ufcstats.com/event-details/bc7f7f0ba3db74d2,UFC Fight Night: Swanson vs. Lobov,"April 22, 2017","Nashville, Tennessee, USA",http://ufcstats.com/statistics/events/completed?page=all,f6ea42f97ff342da9bc50a09f1565a41,2026-09-10 03:03:51.063517+00:00
http://ufcstats.com/event-details/ed069a95aaaf4f56,UFC on FOX: Johnson vs. Reis,"April 15, 2017","Kansas City, Missouri, USA",http://ufcstats.com/statistics/events/completed?page=all,f6ea42f97ff342da9bc50a09f1565a41,2026-09-10 03:03:51.063517+00:00
http://ufcstats.com/event-details/e7bfdb5e0112891e,UFC 210: Cormier vs. Johnson 2,"April 08, 2017","Buffalo, New York, USA",http://ufcstats.com/statistics/events/completed?page=all,f6ea42f97ff342da9bc50a09f1565a41,2026-09-10 03:03:51.063517+00:00
http://ufcstats.com/event-details/47b7e4e60813b7b2,UFC Fight Night: Belfort vs. Gastelum,"March 11, 2017","Fortaleza, Ceara, Brazil",http://ufcstats.com/statistics/events/completed?page=all,f6ea42f97ff342da9bc50a09f1565a41,2026-09-10 03:03:51.063517+00:00
http://ufcstats.com/event-details/20e403a1acfef130,UFC 209: Woodley vs. Thompson 2,"March 04, 2017","Las Vegas, Nevada, USA",http://ufcstats.com/statistics/events/completed?page=all,f6ea42f97ff342da9bc50a09f1565a41,2026-09-10 03:03:51.063517+00:00
http://ufcstats.com/event-details/b4ad3a06ee4d660c,UFC Fight Night: Lewis vs. Browne,"February 19, 2017","Halifax, Nova Scotia, Canada",http://ufcstats.com/statistics/events/completed?page=all,f6ea42f97ff342da9bc50a09f1565a41,2026-09-10 03:03:51.063517+00:00
http://ufcstats.com/event-details/865aa315ea62c511,UFC 208: Holm vs. De Randamie,"February 11, 2017","Brooklyn, New York, USA",http://ufcstats.com/statistics/events/completed?page=all,f6ea42f97ff342da9bc50a09f1565a41,2026-09-10 03:03:51.063517+00:00
http://ufcstats.com/event-details/6a8a06b542e1516d,UFC Fight Night: Bermudez vs. The Korean Zombie,"February 04, 2017","Houston, Texas, USA",http://ufcstats.com/statistics/events/completed?page=all,f6ea42f97ff342da9bc50a09f1565a41,2026-09-10 03:03:51.063517+00:00
http://ufcstats.com/event-details/4512e46543b960ad,UFC on FOX: Shevchenko vs. Pena,"January 28, 2017","Denver, Colorado, USA",http://ufcstats.com/statistics/events/completed?page=all,f6ea42f97ff342da9bc50a09f1565a41,2026-09-10 03:03:51.063517+00:00
http://ufcstats.com/event-details/4b2390cfaceb91d8,UFC 207: Nunes vs. Rousey,"December 30, 2016","Las Vegas, Nevada, USA",http://ufcstats.com/statistics/events/completed?page=all,f6ea42f97ff342da9bc50a09f1565a41,2026-09-10 03:03:51.063517+00:00
http://ufcstats.com/event-details/6e3282d57d2467a0,UFC 206: Holloway vs. Pettis,"December 10, 2016","Toronto, Ontario, Canada",http://ufcstats.com/statistics/events/completed?page=all,f6ea42f97ff342da9bc50a09f1565a41,2026-09-10 03:03:51.063517+00:00
http://ufcstats.com/event-details/7139cd2ae4bf6a29,UFC Fight Night: Lewis vs. Abdurakhimov,"December 09, 2016","Albany, New York, USA",http://ufcstats.com/statistics/events/completed?page=all,f6ea42f97ff342da9bc50a09f1565a41,2026-09-10 03:03:51.063517+00:00
http://ufcstats.com/event-details/4956f60b7fa57c1a,UFC 205: Alvarez vs McGregor,"November 12, 2016","New York City, New York, USA",http://ufcstats.com/statistics/events/completed?page=all,f6ea42f97ff342da9bc50a09f1565a41,2026-09-10 03:03:51.063517+00:00
http://ufcstats.com/event-details/6083f497c22cc075,UFC Fight Night: Dos Anjos vs. Ferguson,"November 05, 2016","Mexico City, Distrito Federal, Mexico",http://ufcstats.com/statistics/events/completed?page=all,f6ea42f97ff342da9bc50a09f1565a41,2026-09-10 03:03:51.063517+00:00
http://ufcstats.com/event-details/154a6b3ffae264cd,UFC 204: Bisping vs. Henderson,"October 08, 2016","Manchester, England, United Kingdom",http://ufcstats.com/statistics/events/completed?page=all,f6ea42f97ff342da9bc50a09f1565a41,2026-09-10 03:03:51.063517+00:00
http://ufcstats.com/event-details/d6455cb4bee503ce,UFC Fight Night: Poirier vs. Johnson,"September 17, 2016","Hidalgo, Texas, USA",http://ufcstats.com/statistics/events/completed?page=all,f6ea42f97ff342da9bc50a09f1565a41,2026-09-10 03:03:51.063517+00:00
http://ufcstats.com/event-details/2dc7f1762dc0a7ef,UFC 203: Miocic vs. Overeem,"September 10, 2016","Cleveland, Ohio, USA",http://ufcstats.com/statistics/events/completed?page=all,f6ea42f97ff342da9bc50a09f1565a41,2026-09-10 03:03:51.063517+00:00
http://ufcstats.com/event-details/2b4faacc16d66898,UFC Fight Night: Arlovski vs. Barnett,"September 03, 2016","Hamburg, Hamburg, Germany",http://ufcstats.com/statistics/events/completed?page=all,f6ea42f97ff342da9bc50a09f1565a41,2026-09-10 03:03:51.063517+00:00
http://ufcstats.com/event-details/cfbccfed4e4796fe,UFC on FOX: Maia vs. Condit,"August 27, 2016","Vancouver, British Columbia, Canada",http://ufcstats.com/statistics/events/completed?page=all,f6ea42f97ff342da9bc50a09f1565a41,2026-09-10 03:03:51.063517+00:00
http://ufcstats.com/event-details/5da4e8dc02e50ac0,UFC 202: Diaz vs. McGregor 2,"August 20, 2016","Las Vegas, Nevada, USA",http://ufcstats.com/statistics/events/completed?page=all,f6ea42f97ff342da9bc50a09f1565a41,2026-09-10 03:03:51.063517+00:00
http://ufcstats.com/event-details/232c582f29f8f65e,UFC Fight Night: Rodriguez vs. Caceres,"August 06, 2016","Salt Lake City, Utah, USA",http://ufcstats.com/statistics/events/completed?page=all,f6ea42f97ff342da9bc50a09f1565a41,2026-09-10 03:03:51.063517+00:00
http://ufcstats.com/event-details/72cbe507644a587c,UFC 201: Lawler vs. Woodley,"July 30, 2016","Atlanta, Georgia, USA",http://ufcstats.com/statistics/events/completed?page=all,f6ea42f97ff342da9bc50a09f1565a41,2026-09-10 03:03:51.063517+00:00
http://ufcstats.com/event-details/8a028648f3f0761d,UFC on FOX: Holm vs. Shevchenko,"July 23, 2016","Chicago, Illinois, USA",http://ufcstats.com/statistics/events/completed?page=all,f6ea42f97ff342da9bc50a09f1565a41,2026-09-10 03:03:51.063517+00:00
http://ufcstats.com/event-details/aa5b4eff51bdc7d1,UFC 200: Tate vs Nunes,"July 09, 2016","Las Vegas, Nevada, USA",http://ufcstats.com/statistics/events/completed?page=all,f6ea42f97ff342da9bc50a09f1565a41,2026-09-10 03:03:51.063517+00:00
http://ufcstats.com/event-details/45a2ba3ef82b9700,UFC Fight Night: Dos Anjos vs. Alvarez,"July 07, 2016","Las Vegas, Nevada, USA",http://ufcstats.com/statistics/events/completed?page=all,f6ea42f97ff342da9bc50a09f1565a41,2026-09-10 03:03:51.063517+00:00
http://ufcstats.com/event-details/563d051c9e769b24,UFC Fight Night: MacDonald vs Thompson,"June 18, 2016","Ottawa, Ontario, Canada",http://ufcstats.com/statistics/events/completed?page=all,f6ea42f97ff342da9bc50a09f1565a41,2026-09-10 03:03:51.063517+00:00
http://ufcstats.com/event-details/ff4c3ab594c7fac3,UFC 199: Rockhold vs. Bisping 2,"June 04, 2016","Los Angeles, California, USA",http://ufcstats.com/statistics/events/completed?page=all,f6ea42f97ff342da9bc50a09f1565a41,2026-09-10 03:03:51.063517+00:00
http://ufcstats.com/event-details/990060b2a68a7b82,UFC Fight Night: Almeida vs Garbrandt,"May 29, 2016","Las Vegas, Nevada, USA",http://ufcstats.com/statistics/events/completed?page=all,f6ea42f97ff342da9bc50a09f1565a41,2026-09-10 03:03:51.063517+00:00
http://ufcstats.com/event-details/a4bf17bd3ba3423b,UFC 198: Werdum vs Miocic,"May 14, 2016","Curitiba, Parana, Brazil",http://ufcstats.com/statistics/events/completed?page=all,f6ea42f97ff342da9bc50a09f1565a41,2026-09-10 03:03:51.063517+00:00
http://ufcstats.com/event-details/a314687f372b2cec,UFC Fight Night: Overeem vs Arlovski,"May 08, 2016","Rotterdam, Zuid-Holland, Netherlands",http://ufcstats.com/statistics/events/completed?page=all,f6ea42f97ff342da9bc50a09f1565a41,2026-09-10 03:03:51.063517+00:00
http://ufcstats.com/event-details/3d481aa374c954a1,UFC 197: Jones vs Saint Preux,"April 23, 2016","Las Vegas, Nevada, USA",http://ufcstats.com/statistics/events/completed?page=all,f6ea42f97ff342da9bc50a09f1565a41,2026-09-10 03:03:51.063517+00:00
http://ufcstats.com/event-details/4887e5bc4dbb73ff,UFC Fight Night: Rothwell vs Dos Santos,"April 10, 2016","Zagreb, Croatia",http://ufcstats.com/statistics/events/completed?page=all,f6ea42f97ff342da9bc50a09f1565a41,2026-09-10 03:03:51.063517+00:00
http://ufcstats.com/event-details/e60201cfab7d656d,UFC Fight Night: Hunt vs Mir,"March 19, 2016","Brisbane, Queensland, Australia",http://ufcstats.com/statistics/events/completed?page=all,f6ea42f97ff342da9bc50a09f1565a41,2026-09-10 03:03:51.063517+00:00
http://ufcstats.com/event-details/db1f2ed63b54b9a7,UFC 196: McGregor vs Diaz,"March 05, 2016","Las Vegas, Nevada, USA",http://ufcstats.com/statistics/events/completed?page=all,f6ea42f97ff342da9bc50a09f1565a41,2026-09-10 03:03:51.063517+00:00
http://ufcstats.com/event-details/39c568f8c579913e,UFC Fight Night: Silva vs Bisping,"February 27, 2016","London, England, United Kingdom",http://ufcstats.com/statistics/events/completed?page=all,f6ea42f97ff342da9bc50a09f1565a41,2026-09-10 03:03:51.063517+00:00
http://ufcstats.com/event-details/d56bb6dff2ae77eb,UFC Fight Night: Cowboy vs Cowboy,"February 21, 2016","Pittsburgh, Pennsylvania, USA",http://ufcstats.com/statistics/events/completed?page=all,f6ea42f97ff342da9bc50a09f1565a41,2026-09-10 03:03:51.063517+00:00
http://ufcstats.com/event-details/de99da2c0d18d34a,UFC Fight Night: Hendricks vs Thompson,"February 06, 2016","Las Vegas, Nevada, USA",http://ufcstats.com/statistics/events/completed?page=all,f6ea42f97ff342da9bc50a09f1565a41,2026-09-10 03:03:51.063517+00:00
http://ufcstats.com/event-details/b3fb8d2293e17a59,UFC on FOX: Johnson vs. Bader,"January 30, 2016","Newark, New Jersey, USA",http://ufcstats.com/statistics/events/completed?page=all,f6ea42f97ff342da9bc50a09f1565a41,2026-09-10 03:03:51.063517+00:00
http://ufcstats.com/event-details/380e8b023290d091,UFC 195: Lawler vs Condit,"January 02, 2016","Las Vegas, Nevada, USA",http://ufcstats.com/statistics/events/completed?page=all,f6ea42f97ff342da9bc50a09f1565a41,2026-09-10 03:03:51.063517+00:00
http://ufcstats.com/event-details/80d918336163b80c,UFC on FOX: Dos Anjos vs. Cowboy 2,"December 19, 2015","Orlando, Florida, USA",http://ufcstats.com/statistics/events/completed?page=all,f6ea42f97ff342da9bc50a09f1565a41,2026-09-10 03:03:51.063517+00:00
http://ufcstats.com/event-details/354808cf38d9d73c,UFC 194: Aldo vs McGregor,"December 12, 2015","Las Vegas, Nevada, USA",http://ufcstats.com/statistics/events/completed?page=all,f6ea42f97ff342da9bc50a09f1565a41,2026-09-10 03:03:51.063517+00:00
http://ufcstats.com/event-details/20fbff570c678e1c,The Ultimate Fighter: Team McGregor vs. Team Faber Finale,"December 11, 2015","Las Vegas, Nevada, USA",http://ufcstats.com/statistics/events/completed?page=all,f6ea42f97ff342da9bc50a09f1565a41,2026-09-10 03:03:51.063517+00:00
http://ufcstats.com/event-details/dd39f1ca787a3d9d,UFC Fight Night: Namajunas vs. VanZant,"December 10, 2015","Las Vegas, Nevada, USA",http://ufcstats.com/statistics/events/completed?page=all,f6ea42f97ff342da9bc50a09f1565a41,2026-09-10 03:03:51.063517+00:00
http://ufcstats.com/event-details/243b07fc65ccbb16,UFC Fight Night: Magny vs Gastelum,"November 21, 2015","Monterrey, Nuevo Leon, Mexico",http://ufcstats.com/statistics/events/completed?page=all,f6ea42f97ff342da9bc50a09f1565a41,2026-09-10 03:03:51.063517+00:00
http://ufcstats.com/event-details/5345f86680378fc1,UFC Fight Night: Belfort vs Henderson 3,"November 07, 2015","Sao Paulo, Sao Paulo, Brazil",http://ufcstats.com/statistics/events/completed?page=all,f6ea42f97ff342da9bc50a09f1565a41,2026-09-10 03:03:51.063517+00:00
http://ufcstats.com/event-details/f3155a94ca420126,UFC Fight Night: Holohan vs Smolka,"October 24, 2015","Dublin, Leinster, Ireland",http://ufcstats.com/statistics/events/completed?page=all,f6ea42f97ff342da9bc50a09f1565a41,2026-09-10 03:03:51.063517+00:00
http://ufcstats.com/event-details/119ebea97e914dcf,UFC 192: Cormier vs Gustafsson,"October 03, 2015","Houston, Texas, USA",http://ufcstats.com/statistics/events/completed?page=all,f6ea42f97ff342da9bc50a09f1565a41,2026-09-10 03:03:51.063517+00:00
http://ufcstats.com/event-details/82f5c81f4e3c3eb5,UFC 191: Johnson vs Dodson 2,"September 05, 2015","Las Vegas, Nevada, USA",http://ufcstats.com/statistics/events/completed?page=all,f6ea42f97ff342da9bc50a09f1565a41,2026-09-10 03:03:51.063517+00:00
http://ufcstats.com/event-details/2ce6541127b0e232,UFC Fight Night: Holloway vs Oliveira,"August 23, 2015","Saskatoon, Saskatchewan, Canada",http://ufcstats.com/statistics/events/completed?page=all,f6ea42f97ff342da9bc50a09f1565a41,2026-09-10 03:03:51.063517+00:00
http://ufcstats.com/event-details/b71667c778b6d9e5,UFC Fight Night: Teixeira vs Saint Preux,"August 08, 2015","Nashville, Tennessee, USA",http://ufcstats.com/statistics/events/completed?page=all,f6ea42f97ff342da9bc50a09f1565a41,2026-09-10 03:03:51.063517+00:00
http://ufcstats.com/event-details/a9c45a8b21eabadc,UFC 190: Rousey vs Correia,"August 01, 2015","Rio de Janeiro, Rio de Janeiro, Brazil",http://ufcstats.com/statistics/events/completed?page=all,f6ea42f97ff342da9bc50a09f1565a41,2026-09-10 03:03:51.063517+00:00
http://ufcstats.com/event-details/0c3838c8f7c620c2,UFC on FOX: Dillashaw vs. Barao II,"July 25, 2015","Chicago, Illinois, USA",http://ufcstats.com/statistics/events/completed?page=all,f6ea42f97ff342da9bc50a09f1565a41,2026-09-10 03:03:51.063517+00:00
http://ufcstats.com/event-details/ef7fa30364cbe7f2,UFC Fight Night: Bisping vs Leites,"July 18, 2015","Glasgow, Scotland, United Kingdom",http://ufcstats.com/statistics/events/completed?page=all,f6ea42f97ff342da9bc50a09f1565a41,2026-09-10 03:03:51.063517+00:00
http://ufcstats.com/event-details/36877f0e62b25b96,UFC Fight Night: Mir vs Duffee,"July 15, 2015","San Diego, California, USA",http://ufcstats.com/statistics/events/completed?page=all,f6ea42f97ff342da9bc50a09f1565a41,2026-09-10 03:03:51.063517+00:00
http://ufcstats.com/event-details/3be081c29bf734d9,UFC 189: Mendes vs McGregor,"July 11, 2015","Las Vegas, Nevada, USA",http://ufcstats.com/statistics/events/completed?page=all,f6ea42f97ff342da9bc50a09f1565a41,2026-09-10 03:03:51.063517+00:00
http://ufcstats.com/event-details/a58114c6dd0add64,UFC 188: Velasquez vs Werdum,"June 13, 2015","Mexico City, Distrito Federal, Mexico",http://ufcstats.com/statistics/events/completed?page=all,f6ea42f97ff342da9bc50a09f1565a41,2026-09-10 03:03:51.063517+00:00
http://ufcstats.com/event-details/06dc1a58663579d2,UFC Fight Night: Boetsch vs Henderson,"June 06, 2015","New Orleans, Louisiana, USA",http://ufcstats.com/statistics/events/completed?page=all,f6ea42f97ff342da9bc50a09f1565a41,2026-09-10 03:03:51.063517+00:00
http://ufcstats.com/event-details/aae0897825336b1a,UFC Fight Night: Condit vs Alves,"May 30, 2015","Goiania, Goias, Brazil",http://ufcstats.com/statistics/events/completed?page=all,f6ea42f97ff342da9bc50a09f1565a41,2026-09-10 03:03:51.063517+00:00
http://ufcstats.com/event-details/4f7e290e71d60f87,UFC 187: Johnson vs Cormier,"May 23, 2015","Las Vegas, Nevada, USA",http://ufcstats.com/statistics/events/completed?page=all,f6ea42f97ff342da9bc50a09f1565a41,2026-09-10 03:03:51.063517+00:00
http://ufcstats.com/event-details/b1605ea39fba6af6,UFC Fight Night: Edgar vs Faber,"May 16, 2015","Manila, Philippines",http://ufcstats.com/statistics/events/completed?page=all,f6ea42f97ff342da9bc50a09f1565a41,2026-09-10 03:03:51.063517+00:00
http://ufcstats.com/event-details/8a1b4330c7957961,UFC Fight Night: Miocic vs Hunt,"May 09, 2015","Adelaide, South Australia, Australia",http://ufcstats.com/statistics/events/completed?page=all,f6ea42f97ff342da9bc50a09f1565a41,2026-09-10 03:03:51.063517+00:00
http://ufcstats.com/event-details/997b4f52f76a0b53,UFC 186: Johnson vs Horiguchi,"April 25, 2015","Montreal, Quebec, Canada",http://ufcstats.com/statistics/events/completed?page=all,f6ea42f97ff342da9bc50a09f1565a41,2026-09-10 03:03:51.063517+00:00
http://ufcstats.com/event-details/bc7cf284c1c2f16e,UFC on FOX: Machida vs Rockhold,"April 18, 2015","Newark, New Jersey, USA",http://ufcstats.com/statistics/events/completed?page=all,f6ea42f97ff342da9bc50a09f1565a41,2026-09-10 03:03:51.063517+00:00
http://ufcstats.com/event-details/16d09e800ad7ec79,UFC Fight Night: Mendes vs Lamas,"April 04, 2015","Fairfax, Virginia, USA",http://ufcstats.com/statistics/events/completed?page=all,f6ea42f97ff342da9bc50a09f1565a41,2026-09-10 03:03:51.063517+00:00
http://ufcstats.com/event-details/fa534853eb195270,UFC Fight Night: Maia vs LaFlare,"March 21, 2015","Rio de Janeiro, Brazil",http://ufcstats.com/statistics/events/completed?page=all,f6ea42f97ff342da9bc50a09f1565a41,2026-09-10 03:03:51.063517+00:00
http://ufcstats.com/event-details/f54200f1dfb9b5d4,UFC 185: Pettis vs Dos Anjos,"March 14, 2015","Dallas, Texas, USA",http://ufcstats.com/statistics/events/completed?page=all,f6ea42f97ff342da9bc50a09f1565a41,2026-09-10 03:03:51.063517+00:00
http://ufcstats.com/event-details/ad4e9055bf8cd04d,UFC 184: Rousey vs Zingano,"February 28, 2015","Los Angeles, California, USA",http://ufcstats.com/statistics/events/completed?page=all,f6ea42f97ff342da9bc50a09f1565a41,2026-09-10 03:03:51.063517+00:00
http://ufcstats.com/event-details/0577808d22dfe79c,UFC Fight Night: Bigfoot vs Mir,"February 22, 2015","Porto Alegre, Rio Grande do Sul, Brazil",http://ufcstats.com/statistics/events/completed?page=all,f6ea42f97ff342da9bc50a09f1565a41,2026-09-10 03:03:51.063517+00:00
http://ufcstats.com/event-details/f9c7fe2682af3802,UFC Fight Night: Henderson vs Thatch,"February 14, 2015","Broomfield, Colorado, USA",http://ufcstats.com/statistics/events/completed?page=all,f6ea42f97ff342da9bc50a09f1565a41,2026-09-10 03:03:51.063517+00:00
http://ufcstats.com/event-details/f9aa6376ae16bfb4,UFC Fight Night: McGregor vs Siver,"January 18, 2015","Boston, Massachusetts, USA",http://ufcstats.com/statistics/events/completed?page=all,f6ea42f97ff342da9bc50a09f1565a41,2026-09-10 03:03:51.063517+00:00
http://ufcstats.com/event-details/a72d260b436924c4,UFC 182: Jones vs Cormier,"January 03, 2015","Las Vegas, Nevada, USA",http://ufcstats.com/statistics/events/completed?page=all,f6ea42f97ff342da9bc50a09f1565a41,2026-09-10 03:03:51.063517+00:00
http://ufcstats.com/event-details/4e5bbc4566049cbf,UFC Fight Night: Machida vs Dollaway,"December 20, 2014","Barueri, Sao Paulo, Brazil",http://ufcstats.com/statistics/events/completed?page=all,f6ea42f97ff342da9bc50a09f1565a41,2026-09-10 03:03:51.063517+00:00
http://ufcstats.com/event-details/d4a12dfa4067742f,UFC on FOX: Dos Santos vs Miocic,"December 13, 2014","Phoenix, Arizona, USA",http://ufcstats.com/statistics/events/completed?page=all,f6ea42f97ff342da9bc50a09f1565a41,2026-09-10 03:03:51.063517+00:00
http://ufcstats.com/event-details/222d6b547de2e035,The Ultimate Fighter: A Champion Will Be Crowned Finale,"December 12, 2014","Las Vegas, Nevada, USA",http://ufcstats.com/statistics/events/completed?page=all,f6ea42f97ff342da9bc50a09f1565a41,2026-09-10 03:03:51.063517+00:00
http://ufcstats.com/event-details/155a02a8b4311057,UFC Fight Night: Edgar vs Swanson,"November 22, 2014","Austin, Texas, USA",http://ufcstats.com/statistics/events/completed?page=all,f6ea42f97ff342da9bc50a09f1565a41,2026-09-10 03:03:51.063517+00:00
http://ufcstats.com/event-details/6ca68b636fbc1f18,UFC Fight Night 56: Shogun vs Saint Preux,"November 08, 2014","Uberlandia, Minas Gerais, Brazil",http://ufcstats.com/statistics/events/completed?page=all,f6ea42f97ff342da9bc50a09f1565a41,2026-09-10 03:03:51.063517+00:00
http://ufcstats.com/event-details/371a1c91b24dec2b,UFC Fight Night: Rockhold vs Bisping,"November 07, 2014","Sydney, New South Wales, Australia",http://ufcstats.com/statistics/events/completed?page=all,f6ea42f97ff342da9bc50a09f1565a41,2026-09-10 03:03:51.063517+00:00
http://ufcstats.com/event-details/53f02bbc41d99432,UFC 179: Aldo vs Mendes 2,"October 25, 2014","Rio de Janeiro, Brazil",http://ufcstats.com/statistics/events/completed?page=all,f6ea42f97ff342da9bc50a09f1565a41,2026-09-10 03:03:51.063517+00:00
http://ufcstats.com/event-details/8dc4f34c1f50d00d,UFC Fight Night: Nelson vs Story,"October 04, 2014","Stockholm, Sweden",http://ufcstats.com/statistics/events/completed?page=all,f6ea42f97ff342da9bc50a09f1565a41,2026-09-10 03:03:51.063517+00:00
http://ufcstats.com/event-details/3bb030257966b022,UFC 178: Johnson vs Cariaso,"September 27, 2014","Las Vegas, Nevada, USA",http://ufcstats.com/statistics/events/completed?page=all,f6ea42f97ff342da9bc50a09f1565a41,2026-09-10 03:03:51.063517+00:00
http://ufcstats.com/event-details/2dea80c069847321,UFC Fight Night: Hunt vs Nelson,"September 20, 2014","Saitama, Japan",http://ufcstats.com/statistics/events/completed?page=all,f6ea42f97ff342da9bc50a09f1565a41,2026-09-10 03:03:51.063517+00:00
http://ufcstats.com/event-details/a71feb7ea7592a71,UFC Fight Night: Bigfoot vs Arlovski,"September 13, 2014","Brasilia, Distrito Federal, Brazil",http://ufcstats.com/statistics/events/completed?page=all,f6ea42f97ff342da9bc50a09f1565a41,2026-09-10 03:03:51.063517+00:00
http://ufcstats.com/event-details/9bcfb40dbcd50568,UFC Fight Night: Jacare vs Mousasi,"September 05, 2014","Ledyard, Connecticut, USA",http://ufcstats.com/statistics/events/completed?page=all,f6ea42f97ff342da9bc50a09f1565a41,2026-09-10 03:03:51.063517+00:00
http://ufcstats.com/event-details/063649e21bc9d6d5,UFC Fight Night: Henderson vs Dos Anjos,"August 23, 2014","Tulsa, Oklahoma, USA",http://ufcstats.com/statistics/events/completed?page=all,f6ea42f97ff342da9bc50a09f1565a41,2026-09-10 03:03:51.063517+00:00
http://ufcstats.com/event-details/770b9d4813c25902,UFC Fight Night: Bisping vs Le,"August 23, 2014","Macau, China",http://ufcstats.com/statistics/events/completed?page=all,f6ea42f97ff342da9bc50a09f1565a41,2026-09-10 03:03:51.063517+00:00
http://ufcstats.com/event-details/fd7acf42bd6e7e95,UFC Fight Night: Bader vs Saint Preux,"August 16, 2014","Bangor, Maine, USA",http://ufcstats.com/statistics/events/completed?page=all,f6ea42f97ff342da9bc50a09f1565a41,2026-09-10 03:03:51.063517+00:00
http://ufcstats.com/event-details/05fbfe628658c538,UFC on FOX: Lawler vs Brown,"July 26, 2014","San Jose, California, USA",http://ufcstats.com/statistics/events/completed?page=all,f6ea42f97ff342da9bc50a09f1565a41,2026-09-10 03:03:51.063517+00:00
http://ufcstats.com/event-details/79ded75550efc139,UFC Fight Night: Cowboy vs Miller,"July 16, 2014","Atlantic City, New Jersey, USA",http://ufcstats.com/statistics/events/completed?page=all,f6ea42f97ff342da9bc50a09f1565a41,2026-09-10 03:03:51.063517+00:00
http://ufcstats.com/event-details/1c5879330d42255f,The Ultimate Fighter: Team Edgar vs. Team Penn Finale,"July 06, 2014","Las Vegas, Nevada, USA",http://ufcstats.com/statistics/events/completed?page=all,f6ea42f97ff342da9bc50a09f1565a41,2026-09-10 03:03:51.063517+00:00
http://ufcstats.com/event-details/53adf5b845d91e4a,UFC 175: Weidman vs Machida,"July 05, 2014","Las Vegas, Nevada, USA",http://ufcstats.com/statistics/events/completed?page=all,f6ea42f97ff342da9bc50a09f1565a41,2026-09-10 03:03:51.063517+00:00
http://ufcstats.com/event-details/c0ed7b208197e8de,UFC Fight Night: Swanson vs Stephens,"June 28, 2014","San Antonio, Texas, USA",http://ufcstats.com/statistics/events/completed?page=all,f6ea42f97ff342da9bc50a09f1565a41,2026-09-10 03:03:51.063517+00:00
http://ufcstats.com/event-details/ac9521250dc1a14c,UFC Fight Night: Te Huna vs Marquardt,"June 28, 2014","Auckland, New Zealand",http://ufcstats.com/statistics/events/completed?page=all,f6ea42f97ff342da9bc50a09f1565a41,2026-09-10 03:03:51.063517+00:00
http://ufcstats.com/event-details/5b5307450405abf0,UFC 174: Johnson vs Bagautinov,"June 14, 2014","Vancouver, British Columbia, Canada",http://ufcstats.com/statistics/events/completed?page=all,f6ea42f97ff342da9bc50a09f1565a41,2026-09-10 03:03:51.063517+00:00
http://ufcstats.com/event-details/1fcfc3709fe58151,UFC Fight Night: Henderson vs Khabilov,"June 07, 2014","Albuquerque, New Mexico, USA",http://ufcstats.com/statistics/events/completed?page=all,f6ea42f97ff342da9bc50a09f1565a41,2026-09-10 03:03:51.063517+00:00
http://ufcstats.com/event-details/59aaf2730b84698a,UFC Fight Night: Miocic vs Maldonado,"May 31, 2014","Sao Paulo, Brazil",http://ufcstats.com/statistics/events/completed?page=all,f6ea42f97ff342da9bc50a09f1565a41,2026-09-10 03:03:51.063517+00:00
http://ufcstats.com/event-details/b757c73f443d4fca,UFC Fight Night: Munoz vs Mousasi,"May 31, 2014","Berlin, Germany",http://ufcstats.com/statistics/events/completed?page=all,f6ea42f97ff342da9bc50a09f1565a41,2026-09-10 03:03:51.063517+00:00
http://ufcstats.com/event-details/579fcdfcabd23a7b,UFC Fight Night: Brown vs Silva,"May 10, 2014","Cincinnati, Ohio, USA",http://ufcstats.com/statistics/events/completed?page=all,f6ea42f97ff342da9bc50a09f1565a41,2026-09-10 03:03:51.063517+00:00
http://ufcstats.com/event-details/4f2fcbefb668689d,UFC 172: Jones vs Teixeira,"April 26, 2014","Baltimore, Maryland, USA",http://ufcstats.com/statistics/events/completed?page=all,f6ea42f97ff342da9bc50a09f1565a41,2026-09-10 03:03:51.063517+00:00
http://ufcstats.com/event-details/a421465acbe59c77,UFC on FOX: Werdum vs Browne,"April 19, 2014","Orlando, Florida, USA",http://ufcstats.com/statistics/events/completed?page=all,f6ea42f97ff342da9bc50a09f1565a41,2026-09-10 03:03:51.063517+00:00
http://ufcstats.com/event-details/f9f07bb5a43535ed,UFC Fight Night: Bisping vs Kennedy,"April 16, 2014","Quebec City, Quebec, Canada",http://ufcstats.com/statistics/events/completed?page=all,f6ea42f97ff342da9bc50a09f1565a41,2026-09-10 03:03:51.063517+00:00
http://ufcstats.com/event-details/d632d156c0549e07,UFC Fight Night: Minotauro vs Nelson,"April 11, 2014","Abu Dhabi, United Arab Emirates",http://ufcstats.com/statistics/events/completed?page=all,f6ea42f97ff342da9bc50a09f1565a41,2026-09-10 03:03:51.063517+00:00
http://ufcstats.com/event-details/179f1948dc234f1f,UFC 171: Hendricks vs Lawler,"March 15, 2014","Dallas, Texas, USA",http://ufcstats.com/statistics/events/completed?page=all,f6ea42f97ff342da9bc50a09f1565a41,2026-09-10 03:03:51.063517+00:00
http://ufcstats.com/event-details/ebc1f40e00e0c481,UFC Fight Night: Gustafsson vs Manuwa,"March 08, 2014","London, England, United Kingdom",http://ufcstats.com/statistics/events/completed?page=all,f6ea42f97ff342da9bc50a09f1565a41,2026-09-10 03:03:51.063517+00:00
http://ufcstats.com/event-details/3138fab619faf4d1,UFC 170: Rousey vs McMann,"February 22, 2014","Las Vegas, Nevada, USA",http://ufcstats.com/statistics/events/completed?page=all,f6ea42f97ff342da9bc50a09f1565a41,2026-09-10 03:03:51.063517+00:00
http://ufcstats.com/event-details/51b0bb73a1da34bc,UFC Fight Night: Machida vs Mousasi,"February 15, 2014","Jaragua do Sul, Santa Catarina, Brazil",http://ufcstats.com/statistics/events/completed?page=all,f6ea42f97ff342da9bc50a09f1565a41,2026-09-10 03:03:51.063517+00:00
http://ufcstats.com/event-details/fc31f896cde2bc2e,UFC 169: Barao vs Faber 2,"February 01, 2014","Newark, New Jersey, USA",http://ufcstats.com/statistics/events/completed?page=all,f6ea42f97ff342da9bc50a09f1565a41,2026-09-10 03:03:51.063517+00:00
http://ufcstats.com/event-details/a8d521d913df4e31,UFC on FOX: Henderson vs Thomson,"January 25, 2014","Chicago, Illinois, USA",http://ufcstats.com/statistics/events/completed?page=all,f6ea42f97ff342da9bc50a09f1565a41,2026-09-10 03:03:51.063517+00:00
http://ufcstats.com/event-details/30a09e43f15f1d75,UFC Fight Night: Rockhold vs Philippou,"January 15, 2014","Duluth, Georgia, USA",http://ufcstats.com/statistics/events/completed?page=all,f6ea42f97ff342da9bc50a09f1565a41,2026-09-10 03:03:51.063517+00:00
http://ufcstats.com/event-details/e5c9de15bb58b1c6,UFC Fight Night: Saffiedine vs Lim,"January 04, 2014","Singapore, Singapore",http://ufcstats.com/statistics/events/completed?page=all,f6ea42f97ff342da9bc50a09f1565a41,2026-09-10 03:03:51.063517+00:00
http://ufcstats.com/event-details/83d0de122f2f9664,UFC 168: Weidman vs Silva 2,"December 28, 2013","Las Vegas, Nevada, USA",http://ufcstats.com/statistics/events/completed?page=all,f6ea42f97ff342da9bc50a09f1565a41,2026-09-10 03:03:51.063517+00:00
http://ufcstats.com/event-details/480b702debcb5433,UFC on FOX: Johnson vs. Benavidez 2,"December 14, 2013","Sacramento, California, USA",http://ufcstats.com/statistics/events/completed?page=all,f6ea42f97ff342da9bc50a09f1565a41,2026-09-10 03:03:51.063517+00:00
http://ufcstats.com/event-details/9a967e8e43dcef63,The Ultimate Fighter: Team Rousey vs. Team Tate Finale,"November 30, 2013","Las Vegas, Nevada, USA",http://ufcstats.com/statistics/events/completed?page=all,f6ea42f97ff342da9bc50a09f1565a41,2026-09-10 03:03:51.063517+00:00
http://ufcstats.com/event-details/28f3c2258a1d8874,UFC 167: St-Pierre vs Hendricks,"November 16, 2013","Las Vegas, Nevada, USA",http://ufcstats.com/statistics/events/completed?page=all,f6ea42f97ff342da9bc50a09f1565a41,2026-09-10 03:03:51.063517+00:00
http://ufcstats.com/event-details/5d7c18191b8aa432,UFC Fight Night: Belfort vs Henderson 2,"November 09, 2013","Goiania, Goias, Brazil",http://ufcstats.com/statistics/events/completed?page=all,f6ea42f97ff342da9bc50a09f1565a41,2026-09-10 03:03:51.063517+00:00
http://ufcstats.com/event-details/35dc6220b113b7ec,UFC Fight Night: Fight for the Troops 3,"November 06, 2013","Fort Campbell, Kentucky, USA",http://ufcstats.com/statistics/events/completed?page=all,f6ea42f97ff342da9bc50a09f1565a41,2026-09-10 03:03:51.063517+00:00
http://ufcstats.com/event-details/60884f31ead1609c,UFC Fight Night: Machida vs Munoz,"October 26, 2013","Manchester, England, United Kingdom",http://ufcstats.com/statistics/events/completed?page=all,f6ea42f97ff342da9bc50a09f1565a41,2026-09-10 03:03:51.063517+00:00
http://ufcstats.com/event-details/eae4aec1a5a8ff01,UFC 166: Velasquez vs Dos Santos 3,"October 19, 2013","Houston, Texas, USA",http://ufcstats.com/statistics/events/completed?page=all,f6ea42f97ff342da9bc50a09f1565a41,2026-09-10 03:03:51.063517+00:00
http://ufcstats.com/event-details/43612456979e5d5e,UFC Fight Night: Maia vs Shields,"October 09, 2013","Barueri, Sao Paulo, Brazil",http://ufcstats.com/statistics/events/completed?page=all,f6ea42f97ff342da9bc50a09f1565a41,2026-09-10 03:03:51.063517+00:00
http://ufcstats.com/event-details/df5a77121ba84a5d,UFC 165: Jones vs Gustafsson,"September 21, 2013","Toronto, Ontario, Canada",http://ufcstats.com/statistics/events/completed?page=all,f6ea42f97ff342da9bc50a09f1565a41,2026-09-10 03:03:51.063517+00:00
http://ufcstats.com/event-details/980b4e712489098e,UFC 164: Henderson vs Pettis 2,"August 31, 2013","Milwaukee, Wisconsin, USA",http://ufcstats.com/statistics/events/completed?page=all,f6ea42f97ff342da9bc50a09f1565a41,2026-09-10 03:03:51.063517+00:00
http://ufcstats.com/event-details/e5c38954c006f15c,UFC Fight Night: Condit vs Kampmann 2,"August 28, 2013","Indianapolis, Indiana, USA",http://ufcstats.com/statistics/events/completed?page=all,f6ea42f97ff342da9bc50a09f1565a41,2026-09-10 03:03:51.063517+00:00
http://ufcstats.com/event-details/cf1a88371c8cb690,UFC Fight Night: Shogun vs Sonnen,"August 17, 2013","Boston, Massachusetts, USA",http://ufcstats.com/statistics/events/completed?page=all,f6ea42f97ff342da9bc50a09f1565a41,2026-09-10 03:03:51.063517+00:00
http://ufcstats.com/event-details/ebc5af72ad5a28cb,UFC 163: Aldo vs Jung,"August 03, 2013","Rio de Janeiro, Brazil",http://ufcstats.com/statistics/events/completed?page=all,f6ea42f97ff342da9bc50a09f1565a41,2026-09-10 03:03:51.063517+00:00
http://ufcstats.com/event-details/5330fe7e4c3af81c,UFC on FOX: Johnson vs Moraga,"July 27, 2013","Seattle, Washington, USA",http://ufcstats.com/statistics/events/completed?page=all,f6ea42f97ff342da9bc50a09f1565a41,2026-09-10 03:03:51.063517+00:00
http://ufcstats.com/event-details/e0b74df14f52cd15,UFC 162: Silva vs Weidman,"July 06, 2013","Las Vegas, Nevada, USA",http://ufcstats.com/statistics/events/completed?page=all,f6ea42f97ff342da9bc50a09f1565a41,2026-09-10 03:03:51.063517+00:00
http://ufcstats.com/event-details/3c241737a6069b9f,UFC 160: Velasquez vs Silva 2,"May 25, 2013","Las Vegas, Nevada, USA",http://ufcstats.com/statistics/events/completed?page=all,f6ea42f97ff342da9bc50a09f1565a41,2026-09-10 03:03:51.063517+00:00
http://ufcstats.com/event-details/030f08370fd1c2bb,UFC on FX: Belfort vs. Rockhold,"May 18, 2013","Jaragua do Sul, Santa Catarina, Brazil",http://ufcstats.com/statistics/events/completed?page=all,f6ea42f97ff342da9bc50a09f1565a41,2026-09-10 03:03:51.063517+00:00
http://ufcstats.com/event-details/ea0ad155451ed1f5,UFC 159: Jones vs Sonnen,"April 27, 2013","Newark, New Jersey, USA",http://ufcstats.com/statistics/events/completed?page=all,f6ea42f97ff342da9bc50a09f1565a41,2026-09-10 03:03:51.063517+00:00
http://ufcstats.com/event-details/aa79d5399571068e,UFC on FOX: Henderson vs Melendez,"April 20, 2013","San Jose, California, USA",http://ufcstats.com/statistics/events/completed?page=all,f6ea42f97ff342da9bc50a09f1565a41,2026-09-10 03:03:51.063517+00:00
http://ufcstats.com/event-details/6291ac0a3726732f,UFC on FUEL TV: Mousasi vs Latifi,"April 06, 2013","Stockholm, Sweden",http://ufcstats.com/statistics/events/completed?page=all,f6ea42f97ff342da9bc50a09f1565a41,2026-09-10 03:03:51.063517+00:00
http://ufcstats.com/event-details/f1b2a4365799c48b,UFC 158: St-Pierre vs Diaz,"March 16, 2013","Montreal, Quebec, Canada",http://ufcstats.com/statistics/events/completed?page=all,f6ea42f97ff342da9bc50a09f1565a41,2026-09-10 03:03:51.063517+00:00
http://ufcstats.com/event-details/83c6c3e0f8bde8ee,UFC on FUEL TV: Silva vs. Stann,"March 02, 2013","Saitama, Japan",http://ufcstats.com/statistics/events/completed?page=all,f6ea42f97ff342da9bc50a09f1565a41,2026-09-10 03:03:51.063517+00:00
http://ufcstats.com/event-details/09c44b317c98bf96,UFC 157: Rousey vs Carmouche,"February 23, 2013","Anaheim, California, USA",http://ufcstats.com/statistics/events/completed?page=all,f6ea42f97ff342da9bc50a09f1565a41,2026-09-10 03:03:51.063517+00:00
http://ufcstats.com/event-details/4679a38cced7c64a,UFC on FUEL TV: Barao vs McDonald,"February 16, 2013","London, England, United Kingdom",http://ufcstats.com/statistics/events/completed?page=all,f6ea42f97ff342da9bc50a09f1565a41,2026-09-10 03:03:51.063517+00:00
http://ufcstats.com/event-details/601cf40c09090853,UFC 156: Aldo vs Edgar,"February 02, 2013","Las Vegas, Nevada, USA",http://ufcstats.com/statistics/events/completed?page=all,f6ea42f97ff342da9bc50a09f1565a41,2026-09-10 03:03:51.063517+00:00
http://ufcstats.com/event-details/738acab0c6934dd8,UFC on FOX: Johnson vs Dodson,"January 26, 2013","Chicago, Illinois, USA",http://ufcstats.com/statistics/events/completed?page=all,f6ea42f97ff342da9bc50a09f1565a41,2026-09-10 03:03:51.063517+00:00
http://ufcstats.com/event-details/56f4b81ec4db61af,UFC on FX: Belfort vs Bisping,"January 19, 2013","Sao Paulo, Brazil",http://ufcstats.com/statistics/events/completed?page=all,f6ea42f97ff342da9bc50a09f1565a41,2026-09-10 03:03:51.063517+00:00
http://ufcstats.com/event-details/c6e6926a81adcd00,UFC 155: Dos Santos vs Velasquez II,"December 29, 2012","Las Vegas, Nevada, USA",http://ufcstats.com/statistics/events/completed?page=all,f6ea42f97ff342da9bc50a09f1565a41,2026-09-10 03:03:51.063517+00:00
http://ufcstats.com/event-details/c6da1c24fe473418,The Ultimate Fighter: Team Carwin vs. Team Nelson Finale,"December 15, 2012","Las Vegas, Nevada, USA",http://ufcstats.com/statistics/events/completed?page=all,f6ea42f97ff342da9bc50a09f1565a41,2026-09-10 03:03:51.063517+00:00
http://ufcstats.com/event-details/d1e6a6536ee62517,UFC on FOX: Henderson vs Diaz,"December 08, 2012","Seattle, Washington, USA",http://ufcstats.com/statistics/events/completed?page=all,f6ea42f97ff342da9bc50a09f1565a41,2026-09-10 03:03:51.063517+00:00
http://ufcstats.com/event-details/d41937647eae9a34,UFC 154: St-Pierre vs Condit,"November 17, 2012","Montreal, Quebec, Canada",http://ufcstats.com/statistics/events/completed?page=all,f6ea42f97ff342da9bc50a09f1565a41,2026-09-10 03:03:51.063517+00:00
http://ufcstats.com/event-details/319fa1bd3176bded,UFC Macao: Franklin vs Le,"November 10, 2012","Macau, China",http://ufcstats.com/statistics/events/completed?page=all,f6ea42f97ff342da9bc50a09f1565a41,2026-09-10 03:03:51.064517+00:00
http://ufcstats.com/event-details/96d173b7f92aa520,UFC 153: Silva vs Bonnar,"October 13, 2012","Rio de Janeiro, Brazil",http://ufcstats.com/statistics/events/completed?page=all,f6ea42f97ff342da9bc50a09f1565a41,2026-09-10 03:03:51.064517+00:00
http://ufcstats.com/event-details/6a0b80a24f22e152,UFC on FX: Browne vs Bigfoot,"October 05, 2012","Minneapolis, Minnesota, USA",http://ufcstats.com/statistics/events/completed?page=all,f6ea42f97ff342da9bc50a09f1565a41,2026-09-10 03:03:51.064517+00:00
http://ufcstats.com/event-details/6cbb7661c3258617,UFC on FUEL TV: Struve vs Miocic,"September 29, 2012","Nottingham, England, United Kingdom",http://ufcstats.com/statistics/events/completed?page=all,f6ea42f97ff342da9bc50a09f1565a41,2026-09-10 03:03:51.064517+00:00
http://ufcstats.com/event-details/53e533db1b8e9712,UFC 152: Jones vs Belfort,"September 22, 2012","Toronto, Ontario, Canada",http://ufcstats.com/statistics/events/completed?page=all,f6ea42f97ff342da9bc50a09f1565a41,2026-09-10 03:03:51.064517+00:00
http://ufcstats.com/event-details/3c48019bc387b80c,UFC 150: Henderson vs Edgar II,"August 11, 2012","Denver, Colorado, USA",http://ufcstats.com/statistics/events/completed?page=all,f6ea42f97ff342da9bc50a09f1565a41,2026-09-10 03:03:51.064517+00:00
http://ufcstats.com/event-details/d3b5ad3b15a64a18,UFC on FUEL TV: Munoz vs Weidman,"July 11, 2012","San Jose, California, USA",http://ufcstats.com/statistics/events/completed?page=all,f6ea42f97ff342da9bc50a09f1565a41,2026-09-10 03:03:51.064517+00:00
http://ufcstats.com/event-details/e8efeb9cf33b1941,UFC 148: Silva vs Sonnen 2,"July 07, 2012","Las Vegas, Nevada, USA",http://ufcstats.com/statistics/events/completed?page=all,f6ea42f97ff342da9bc50a09f1565a41,2026-09-10 03:03:51.064517+00:00
http://ufcstats.com/event-details/505934897b8b4824,UFC on FX: Maynard vs Guida,"June 22, 2012","Atlantic City, New Jersey, USA",http://ufcstats.com/statistics/events/completed?page=all,f6ea42f97ff342da9bc50a09f1565a41,2026-09-10 03:03:51.064517+00:00
http://ufcstats.com/event-details/49590e0508b2c19f,UFC on FX: Johnson vs McCall,"June 08, 2012","Sunrise, Florida, USA",http://ufcstats.com/statistics/events/completed?page=all,f6ea42f97ff342da9bc50a09f1565a41,2026-09-10 03:03:51.064517+00:00
http://ufcstats.com/event-details/96087e90d900f0ef,The Ultimate Fighter: Live Finale,"June 01, 2012","Las Vegas, Nevada, USA",http://ufcstats.com/statistics/events/completed?page=all,f6ea42f97ff342da9bc50a09f1565a41,2026-09-10 03:03:51.064517+00:00
http://ufcstats.com/event-details/4985113c0928aa62,UFC 146: Dos Santos vs Mir,"May 26, 2012","Las Vegas, Nevada, USA",http://ufcstats.com/statistics/events/completed?page=all,f6ea42f97ff342da9bc50a09f1565a41,2026-09-10 03:03:51.064517+00:00
http://ufcstats.com/event-details/8caca5857ce0e30b,UFC on FUEL TV: Korean Zombie vs Poirier,"May 15, 2012","Fairfax, Virginia, USA",http://ufcstats.com/statistics/events/completed?page=all,f6ea42f97ff342da9bc50a09f1565a41,2026-09-10 03:03:51.064517+00:00
http://ufcstats.com/event-details/5898357a45a73674,UFC on FOX: Diaz vs Miller,"May 05, 2012","East Rutherford, New Jersey, USA",http://ufcstats.com/statistics/events/completed?page=all,f6ea42f97ff342da9bc50a09f1565a41,2026-09-10 03:03:51.064517+00:00
http://ufcstats.com/event-details/155bfc7ed36622df,UFC 145: Jones vs Evans,"April 21, 2012","Atlanta, Georgia, USA",http://ufcstats.com/statistics/events/completed?page=all,f6ea42f97ff342da9bc50a09f1565a41,2026-09-10 03:03:51.064517+00:00
http://ufcstats.com/event-details/8377c5572cb356f3,UFC 144: Edgar vs Henderson,"February 25, 2012","Saitama, Japan",http://ufcstats.com/statistics/events/completed?page=all,f6ea42f97ff342da9bc50a09f1565a41,2026-09-10 03:03:51.064517+00:00
http://ufcstats.com/event-details/0a97691039c4bbfb,UFC on FUEL TV: Sanchez vs Ellenberger,"February 15, 2012","Omaha, Nebraska, USA",http://ufcstats.com/statistics/events/completed?page=all,f6ea42f97ff342da9bc50a09f1565a41,2026-09-10 03:03:51.064517+00:00
http://ufcstats.com/event-details/df2cf66d8c0123db,UFC 143: Diaz vs Condit,"February 04, 2012","Las Vegas, Nevada, USA",http://ufcstats.com/statistics/events/completed?page=all,f6ea42f97ff342da9bc50a09f1565a41,2026-09-10 03:03:51.064517+00:00
http://ufcstats.com/event-details/c3c23c99477c041b,UFC on FOX: Evans vs Davis,"January 28, 2012","Chicago, Illinois, USA",http://ufcstats.com/statistics/events/completed?page=all,f6ea42f97ff342da9bc50a09f1565a41,2026-09-10 03:03:51.064517+00:00
http://ufcstats.com/event-details/4d74641fac830182,UFC on FX: Guillard vs Miller,"January 20, 2012","Nashville, Tennessee, USA",http://ufcstats.com/statistics/events/completed?page=all,f6ea42f97ff342da9bc50a09f1565a41,2026-09-10 03:03:51.064517+00:00
http://ufcstats.com/event-details/18524b46c570730b,UFC 142: Aldo vs Mendes,"January 14, 2012","Rio de Janeiro, Brazil",http://ufcstats.com/statistics/events/completed?page=all,f6ea42f97ff342da9bc50a09f1565a41,2026-09-10 03:03:51.064517+00:00
http://ufcstats.com/event-details/91720876db0ee468,UFC 141: Lesnar vs Overeem,"December 30, 2011","Las Vegas, Nevada, USA",http://ufcstats.com/statistics/events/completed?page=all,f6ea42f97ff342da9bc50a09f1565a41,2026-09-10 03:03:51.064517+00:00
http://ufcstats.com/event-details/6d7886b094b471ac,UFC 140: Jones vs Machida,"December 10, 2011","Toronto, Ontario, Canada",http://ufcstats.com/statistics/events/completed?page=all,f6ea42f97ff342da9bc50a09f1565a41,2026-09-10 03:03:51.064517+00:00
http://ufcstats.com/event-details/1f5f75658551f2d3,The Ultimate Fighter: Team Bisping vs Team Miller Finale,"December 03, 2011","Las Vegas, Nevada, USA",http://ufcstats.com/statistics/events/completed?page=all,f6ea42f97ff342da9bc50a09f1565a41,2026-09-10 03:03:51.064517+00:00
http://ufcstats.com/event-details/0ec821423baa26bd,UFC 139: Shogun vs Henderson,"November 19, 2011","San Jose, California, USA",http://ufcstats.com/statistics/events/completed?page=all,f6ea42f97ff342da9bc50a09f1565a41,2026-09-10 03:03:51.064517+00:00
http://ufcstats.com/event-details/1c061eb6e29eaa0a,UFC on FOX: Velasquez vs Dos Santos,"November 12, 2011","Anaheim, California, USA",http://ufcstats.com/statistics/events/completed?page=all,f6ea42f97ff342da9bc50a09f1565a41,2026-09-10 03:03:51.064517+00:00
http://ufcstats.com/event-details/8788beb528894f33,UFC 137: Penn vs Diaz,"October 29, 2011","Las Vegas, Nevada, USA",http://ufcstats.com/statistics/events/completed?page=all,f6ea42f97ff342da9bc50a09f1565a41,2026-09-10 03:03:51.064517+00:00
http://ufcstats.com/event-details/7d5b12de1625984e,UFC 136: Edgar vs Maynard 3,"October 08, 2011","Houston, Texas, USA",http://ufcstats.com/statistics/events/completed?page=all,f6ea42f97ff342da9bc50a09f1565a41,2026-09-10 03:03:51.064517+00:00
http://ufcstats.com/event-details/44f9c777fed7ca03,UFC Live: Cruz vs Johnson,"October 01, 2011","Washington, DC, USA",http://ufcstats.com/statistics/events/completed?page=all,f6ea42f97ff342da9bc50a09f1565a41,2026-09-10 03:03:51.064517+00:00
http://ufcstats.com/event-details/18968f97ad34f15c,UFC 134: Silva vs Okami,"August 27, 2011","Rio de Janeiro, Brazil",http://ufcstats.com/statistics/events/completed?page=all,f6ea42f97ff342da9bc50a09f1565a41,2026-09-10 03:03:51.064517+00:00
http://ufcstats.com/event-details/4c8d6fde2dde07c4,UFC Live: Hardy vs Lytle,"August 14, 2011","Milwaukee, Wisconsin, USA",http://ufcstats.com/statistics/events/completed?page=all,f6ea42f97ff342da9bc50a09f1565a41,2026-09-10 03:03:51.064517+00:00
http://ufcstats.com/event-details/83fd97284f4bb4a4,UFC 132: Cruz vs Faber,"July 02, 2011","Las Vegas, Nevada, USA",http://ufcstats.com/statistics/events/completed?page=all,f6ea42f97ff342da9bc50a09f1565a41,2026-09-10 03:03:51.064517+00:00
http://ufcstats.com/event-details/d023ae89a2a4a41e,UFC Live: Kongo vs Barry,"June 26, 2011","Pittsburgh, Pennsylvania, USA",http://ufcstats.com/statistics/events/completed?page=all,f6ea42f97ff342da9bc50a09f1565a41,2026-09-10 03:03:51.064517+00:00
http://ufcstats.com/event-details/aac5ac38148f0528,UFC 131: Dos Santos vs Carwin,"June 11, 2011","Vancouver, British Columbia, Canada",http://ufcstats.com/statistics/events/completed?page=all,f6ea42f97ff342da9bc50a09f1565a41,2026-09-10 03:03:51.064517+00:00
http://ufcstats.com/event-details/3ba3b5cc94498437,The Ultimate Fighter: Team Lesnar vs Team dos Santos Finale,"June 04, 2011","Las Vegas, Nevada, USA",http://ufcstats.com/statistics/events/completed?page=all,f6ea42f97ff342da9bc50a09f1565a41,2026-09-10 03:03:51.064517+00:00
http://ufcstats.com/event-details/b732b326c362fb62,UFC 130: Rampage vs Hamill,"May 28, 2011","Las Vegas, Nevada, USA",http://ufcstats.com/statistics/events/completed?page=all,f6ea42f97ff342da9bc50a09f1565a41,2026-09-10 03:03:51.064517+00:00
http://ufcstats.com/event-details/8a59d346dc976a10,UFC Fight Night: Nogueira vs Davis,"March 26, 2011","Seattle, Washington, USA",http://ufcstats.com/statistics/events/completed?page=all,f6ea42f97ff342da9bc50a09f1565a41,2026-09-10 03:03:51.064517+00:00
http://ufcstats.com/event-details/1411c630ba711b64,UFC 128: Shogun vs Jones,"March 19, 2011","Newark, New Jersey, USA",http://ufcstats.com/statistics/events/completed?page=all,f6ea42f97ff342da9bc50a09f1565a41,2026-09-10 03:03:51.064517+00:00
http://ufcstats.com/event-details/a54fc2d6fc224dc3,UFC Live: Sanchez vs Kampmann,"March 03, 2011","Louisville, Kentucky, USA",http://ufcstats.com/statistics/events/completed?page=all,f6ea42f97ff342da9bc50a09f1565a41,2026-09-10 03:03:51.064517+00:00
http://ufcstats.com/event-details/88a9bc81271ccd89,UFC 127: Penn vs Fitch,"February 26, 2011","Sydney, New South Wales, Australia",http://ufcstats.com/statistics/events/completed?page=all,f6ea42f97ff342da9bc50a09f1565a41,2026-09-10 03:03:51.064517+00:00
http://ufcstats.com/event-details/65ddc8a9ac4e8531,UFC 126: Silva vs Belfort,"February 05, 2011","Las Vegas, Nevada, USA",http://ufcstats.com/statistics/events/completed?page=all,f6ea42f97ff342da9bc50a09f1565a41,2026-09-10 03:03:51.064517+00:00
http://ufcstats.com/event-details/d1152823307d7e7c,UFC 125: Resolution,"January 01, 2011","Las Vegas, Nevada, USA",http://ufcstats.com/statistics/events/completed?page=all,f6ea42f97ff342da9bc50a09f1565a41,2026-09-10 03:03:51.064517+00:00
http://ufcstats.com/event-details/132f860d02953f4c,UFC 124: St-Pierre vs Koscheck 2,"December 11, 2010","Montreal, Quebec, Canada",http://ufcstats.com/statistics/events/completed?page=all,f6ea42f97ff342da9bc50a09f1565a41,2026-09-10 03:03:51.064517+00:00
http://ufcstats.com/event-details/5d7bdab5e03e3216,The Ultimate Fighter: Team GSP vs Team Koscheck Finale,"December 04, 2010","Las Vegas, Nevada, USA",http://ufcstats.com/statistics/events/completed?page=all,f6ea42f97ff342da9bc50a09f1565a41,2026-09-10 03:03:51.064517+00:00
http://ufcstats.com/event-details/dd992d569aaebee6,UFC 123: Rampage vs Machida,"November 20, 2010","Auburn Hills, Michigan, USA",http://ufcstats.com/statistics/events/completed?page=all,f6ea42f97ff342da9bc50a09f1565a41,2026-09-10 03:03:51.064517+00:00
http://ufcstats.com/event-details/afdb76fbd86f6d11,UFC 121: Lesnar vs Velasquez,"October 23, 2010","Anaheim, California, USA",http://ufcstats.com/statistics/events/completed?page=all,f6ea42f97ff342da9bc50a09f1565a41,2026-09-10 03:03:51.064517+00:00
http://ufcstats.com/event-details/d512d9f204059f57,UFC 120: Bisping vs Akiyama,"October 16, 2010","London, England, United Kingdom",http://ufcstats.com/statistics/events/completed?page=all,f6ea42f97ff342da9bc50a09f1565a41,2026-09-10 03:03:51.064517+00:00
http://ufcstats.com/event-details/ad32471f01e7b1a5,UFC 119: Mir vs Cro Cop,"September 25, 2010","Indianapolis, Indiana, USA",http://ufcstats.com/statistics/events/completed?page=all,f6ea42f97ff342da9bc50a09f1565a41,2026-09-10 03:03:51.064517+00:00
http://ufcstats.com/event-details/acff437707625fc7,UFC Fight Night: Marquardt vs Palhares,"September 15, 2010","Austin, Texas, USA",http://ufcstats.com/statistics/events/completed?page=all,f6ea42f97ff342da9bc50a09f1565a41,2026-09-10 03:03:51.064517+00:00
http://ufcstats.com/event-details/054defd5420a551f,UFC 118: Edgar vs Penn 2,"August 28, 2010","Boston, Massachusetts, USA",http://ufcstats.com/statistics/events/completed?page=all,f6ea42f97ff342da9bc50a09f1565a41,2026-09-10 03:03:51.064517+00:00
http://ufcstats.com/event-details/2f3f12002564bb55,UFC 117: Silva vs Sonnen,"August 07, 2010","Oakland, California, USA",http://ufcstats.com/statistics/events/completed?page=all,f6ea42f97ff342da9bc50a09f1565a41,2026-09-10 03:03:51.064517+00:00
http://ufcstats.com/event-details/f12f979b657ab876,UFC Live: Jones vs Matyushenko,"August 01, 2010","San Diego, California, USA",http://ufcstats.com/statistics/events/completed?page=all,f6ea42f97ff342da9bc50a09f1565a41,2026-09-10 03:03:51.064517+00:00
http://ufcstats.com/event-details/140745cbbcb023ac,UFC 116: Lesnar vs Carwin,"July 03, 2010","Las Vegas, Nevada, USA",http://ufcstats.com/statistics/events/completed?page=all,f6ea42f97ff342da9bc50a09f1565a41,2026-09-10 03:03:51.064517+00:00
http://ufcstats.com/event-details/9bcf8603ceb25680,The Ultimate Fighter: Team Liddell vs Team Ortiz Finale,"June 19, 2010","Las Vegas, Nevada, USA",http://ufcstats.com/statistics/events/completed?page=all,f6ea42f97ff342da9bc50a09f1565a41,2026-09-10 03:03:51.064517+00:00
http://ufcstats.com/event-details/bfc2fc38a0e20211,UFC 114: Rampage vs Evans,"May 29, 2010","Las Vegas, Nevada, USA",http://ufcstats.com/statistics/events/completed?page=all,f6ea42f97ff342da9bc50a09f1565a41,2026-09-10 03:03:51.064517+00:00
http://ufcstats.com/event-details/d0c29452d3272603,UFC 113: Machida vs Shogun 2,"May 08, 2010","Montreal, Quebec, Canada",http://ufcstats.com/statistics/events/completed?page=all,f6ea42f97ff342da9bc50a09f1565a41,2026-09-10 03:03:51.064517+00:00
http://ufcstats.com/event-details/24b033b3daf1c9df,UFC 112: Invincible,"April 10, 2010","Abu Dhabi, United Arab Emirates",http://ufcstats.com/statistics/events/completed?page=all,f6ea42f97ff342da9bc50a09f1565a41,2026-09-10 03:03:51.064517+00:00
http://ufcstats.com/event-details/3ed134d85dfbd7b4,UFC Fight Night: Florian vs Gomi,"March 31, 2010","Charlotte, North Carolina, USA",http://ufcstats.com/statistics/events/completed?page=all,f6ea42f97ff342da9bc50a09f1565a41,2026-09-10 03:03:51.064517+00:00
http://ufcstats.com/event-details/c80095f6092271a7,UFC 111: St-Pierre vs Hardy,"March 27, 2010","Newark, New Jersey, USA",http://ufcstats.com/statistics/events/completed?page=all,f6ea42f97ff342da9bc50a09f1565a41,2026-09-10 03:03:51.064517+00:00
http://ufcstats.com/event-details/3795fca327cbcf23,UFC Live: Vera vs Jones,"March 21, 2010","Broomfield, Colorado, USA",http://ufcstats.com/statistics/events/completed?page=all,f6ea42f97ff342da9bc50a09f1565a41,2026-09-10 03:03:51.064517+00:00
http://ufcstats.com/event-details/49efbdc6c9f650c4,UFC 110: Nogueira vs Velasquez,"February 20, 2010","Sydney, New South Wales, Australia",http://ufcstats.com/statistics/events/completed?page=all,f6ea42f97ff342da9bc50a09f1565a41,2026-09-10 03:03:51.064517+00:00
http://ufcstats.com/event-details/15edcf67ccf5be84,UFC 109: Relentless,"February 06, 2010","Las Vegas, Nevada, USA",http://ufcstats.com/statistics/events/completed?page=all,f6ea42f97ff342da9bc50a09f1565a41,2026-09-10 03:03:51.064517+00:00
http://ufcstats.com/event-details/58bc81376286b3d3,UFC Fight Night: Maynard vs Diaz,"January 11, 2010","Fairfax, Virginia, USA",http://ufcstats.com/statistics/events/completed?page=all,f6ea42f97ff342da9bc50a09f1565a41,2026-09-10 03:03:51.064517+00:00
http://ufcstats.com/event-details/a6d8bfe9e0c8153b,UFC 108: Evans vs Silva,"January 02, 2010","Las Vegas, Nevada, USA",http://ufcstats.com/statistics/events/completed?page=all,f6ea42f97ff342da9bc50a09f1565a41,2026-09-10 03:03:51.064517+00:00
http://ufcstats.com/event-details/821cd80aab70d5f9,UFC 107: Penn vs Sanchez,"December 12, 2009","Memphis, Tennessee, USA",http://ufcstats.com/statistics/events/completed?page=all,f6ea42f97ff342da9bc50a09f1565a41,2026-09-10 03:03:51.064517+00:00
http://ufcstats.com/event-details/91d73ee59347ac16,The Ultimate Fighter: Heavyweights Finale,"December 05, 2009","Las Vegas, Nevada, USA",http://ufcstats.com/statistics/events/completed?page=all,f6ea42f97ff342da9bc50a09f1565a41,2026-09-10 03:03:51.064517+00:00
http://ufcstats.com/event-details/fa8b9e6b0c2269f8,UFC 105: Couture vs Vera,"November 14, 2009","Manchester, England, United Kingdom",http://ufcstats.com/statistics/events/completed?page=all,f6ea42f97ff342da9bc50a09f1565a41,2026-09-10 03:03:51.064517+00:00
http://ufcstats.com/event-details/7c0847d3854a95f2,UFC 104: Machida vs Shogun,"October 24, 2009","Los Angeles, California, USA",http://ufcstats.com/statistics/events/completed?page=all,f6ea42f97ff342da9bc50a09f1565a41,2026-09-10 03:03:51.064517+00:00
http://ufcstats.com/event-details/896c322f56b8be5a,UFC 103: Franklin vs Belfort,"September 19, 2009","Dallas, Texas, USA",http://ufcstats.com/statistics/events/completed?page=all,f6ea42f97ff342da9bc50a09f1565a41,2026-09-10 03:03:51.064517+00:00
http://ufcstats.com/event-details/a8ea84cbe1655f0a,UFC Fight Night: Diaz vs Guillard,"September 16, 2009","Oklahoma City, Oklahoma, USA",http://ufcstats.com/statistics/events/completed?page=all,f6ea42f97ff342da9bc50a09f1565a41,2026-09-10 03:03:51.064517+00:00
http://ufcstats.com/event-details/c6a33ff198aaaeeb,UFC 102: Couture vs Nogueira,"August 29, 2009","Portland, Oregon, USA",http://ufcstats.com/statistics/events/completed?page=all,f6ea42f97ff342da9bc50a09f1565a41,2026-09-10 03:03:51.064517+00:00
http://ufcstats.com/event-details/0ee783aa00e468f0,UFC 100,"July 11, 2009","Las Vegas, Nevada, USA",http://ufcstats.com/statistics/events/completed?page=all,f6ea42f97ff342da9bc50a09f1565a41,2026-09-10 03:03:51.064517+00:00
http://ufcstats.com/event-details/4908c5ee68a50ee5,The Ultimate Fighter: United States vs. United Kingdom Finale,"June 20, 2009","Las Vegas, Nevada, USA",http://ufcstats.com/statistics/events/completed?page=all,f6ea42f97ff342da9bc50a09f1565a41,2026-09-10 03:03:51.064517+00:00
http://ufcstats.com/event-details/c4b6099f0d25f75e,UFC 98: Evans vs Machida,"May 23, 2009","Las Vegas, Nevada, USA",http://ufcstats.com/statistics/events/completed?page=all,f6ea42f97ff342da9bc50a09f1565a41,2026-09-10 03:03:51.064517+00:00
http://ufcstats.com/event-details/04d5718ed2661e8c,UFC Fight Night: Condit vs Kampmann,"April 01, 2009","Nashville, Tennessee, USA",http://ufcstats.com/statistics/events/completed?page=all,f6ea42f97ff342da9bc50a09f1565a41,2026-09-10 03:03:51.064517+00:00
http://ufcstats.com/event-details/29b5791e51e7e832,UFC 96: Jackson vs Jardine,"March 07, 2009","Columbus, Ohio, USA",http://ufcstats.com/statistics/events/completed?page=all,f6ea42f97ff342da9bc50a09f1565a41,2026-09-10 03:03:51.064517+00:00
http://ufcstats.com/event-details/7d21de9c6d7c98b2,UFC 95: Sanchez vs Stevenson,"February 21, 2009","London, England, United Kingdom",http://ufcstats.com/statistics/events/completed?page=all,f6ea42f97ff342da9bc50a09f1565a41,2026-09-10 03:03:51.064517+00:00
http://ufcstats.com/event-details/d1759b2b7be9be56,UFC Fight Night: Lauzon vs Stephens,"February 07, 2009","Tampa, Florida, USA",http://ufcstats.com/statistics/events/completed?page=all,f6ea42f97ff342da9bc50a09f1565a41,2026-09-10 03:03:51.064517+00:00
http://ufcstats.com/event-details/2a542ee8a8b83559,UFC 94: St-Pierre vs Penn 2,"January 31, 2009","Las Vegas, Nevada, USA",http://ufcstats.com/statistics/events/completed?page=all,f6ea42f97ff342da9bc50a09f1565a41,2026-09-10 03:03:51.064517+00:00
http://ufcstats.com/event-details/23ab42947c1990e3,UFC 92: The Ultimate 2008,"December 27, 2008","Las Vegas, Nevada, USA",http://ufcstats.com/statistics/events/completed?page=all,f6ea42f97ff342da9bc50a09f1565a41,2026-09-10 03:03:51.064517+00:00
http://ufcstats.com/event-details/30cd319d39ee689b,UFC Fight Night - Fight for the Troops,"December 10, 2008","Fayetteville, North Carolina, USA",http://ufcstats.com/statistics/events/completed?page=all,f6ea42f97ff342da9bc50a09f1565a41,2026-09-10 03:03:51.064517+00:00
http://ufcstats.com/event-details/a2b06ca02bca14c0,UFC 91: Couture vs Lesnar,"November 15, 2008","Las Vegas, Nevada, USA",http://ufcstats.com/statistics/events/completed?page=all,f6ea42f97ff342da9bc50a09f1565a41,2026-09-10 03:03:51.064517+00:00
http://ufcstats.com/event-details/312f47c3d2f83ffa,UFC 89: Bisping vs Leben,"October 18, 2008","Birmingham, England, United Kingdom",http://ufcstats.com/statistics/events/completed?page=all,f6ea42f97ff342da9bc50a09f1565a41,2026-09-10 03:03:51.064517+00:00
http://ufcstats.com/event-details/279093302a6f44b3,UFC Fight Night: Diaz vs Neer,"September 17, 2008","Omaha, Nebraska, USA",http://ufcstats.com/statistics/events/completed?page=all,f6ea42f97ff342da9bc50a09f1565a41,2026-09-10 03:03:51.064517+00:00
http://ufcstats.com/event-details/0db70ca89e1c7374,UFC 88: Breakthrough,"September 06, 2008","Atlanta, Georgia, USA",http://ufcstats.com/statistics/events/completed?page=all,f6ea42f97ff342da9bc50a09f1565a41,2026-09-10 03:03:51.064517+00:00
http://ufcstats.com/event-details/19ffeb5e3fffd6d5,UFC 87: Seek And Destroy,"August 09, 2008","Minneapolis, Minnesota, USA",http://ufcstats.com/statistics/events/completed?page=all,f6ea42f97ff342da9bc50a09f1565a41,2026-09-10 03:03:51.064517+00:00
http://ufcstats.com/event-details/46f11d15c0134fe3,UFC: Silva vs Irvin,"July 19, 2008","Las Vegas, Nevada, USA",http://ufcstats.com/statistics/events/completed?page=all,f6ea42f97ff342da9bc50a09f1565a41,2026-09-10 03:03:51.064517+00:00
http://ufcstats.com/event-details/bf12aca029bfcc47,UFC 86: Jackson vs Griffin,"July 05, 2008","Las Vegas, Nevada, USA",http://ufcstats.com/statistics/events/completed?page=all,f6ea42f97ff342da9bc50a09f1565a41,2026-09-10 03:03:51.064517+00:00
http://ufcstats.com/event-details/2299605af59fd309,The Ultimate Fighter: Team Rampage vs Team Forrest Finale,"June 21, 2008","Las Vegas, Nevada, USA",http://ufcstats.com/statistics/events/completed?page=all,f6ea42f97ff342da9bc50a09f1565a41,2026-09-10 03:03:51.064517+00:00
http://ufcstats.com/event-details/2efbc83a6b9b7f86,UFC 85: Bedlam,"June 07, 2008","London, England, United Kingdom",http://ufcstats.com/statistics/events/completed?page=all,f6ea42f97ff342da9bc50a09f1565a41,2026-09-10 03:03:51.064517+00:00
http://ufcstats.com/event-details/ad047e3073a775f3,UFC 83: Serra vs St-Pierre 2,"April 19, 2008","Montreal, Quebec, Canada",http://ufcstats.com/statistics/events/completed?page=all,f6ea42f97ff342da9bc50a09f1565a41,2026-09-10 03:03:51.064517+00:00
http://ufcstats.com/event-details/b9e871af730f826c,UFC Fight Night: Florian vs Lauzon,"April 02, 2008","Broomfield, Colorado, USA",http://ufcstats.com/statistics/events/completed?page=all,f6ea42f97ff342da9bc50a09f1565a41,2026-09-10 03:03:51.064517+00:00
http://ufcstats.com/event-details/598a58db87b890ee,UFC 82: Pride of a Champion,"March 01, 2008","Columbus, Ohio, USA",http://ufcstats.com/statistics/events/completed?page=all,f6ea42f97ff342da9bc50a09f1565a41,2026-09-10 03:03:51.064517+00:00
http://ufcstats.com/event-details/597db668b01c442c,UFC 81: Breaking Point,"February 02, 2008","Las Vegas, Nevada, USA",http://ufcstats.com/statistics/events/completed?page=all,f6ea42f97ff342da9bc50a09f1565a41,2026-09-10 03:03:51.064517+00:00
http://ufcstats.com/event-details/33e33d51f289d2a1,UFC Fight Night: Swick vs Burkman,"January 23, 2008","Las Vegas, Nevada, USA",http://ufcstats.com/statistics/events/completed?page=all,f6ea42f97ff342da9bc50a09f1565a41,2026-09-10 03:03:51.064517+00:00
http://ufcstats.com/event-details/df85d6ec3493d120,The Ultimate Fighter: Team Hughes vs. Team Serra Finale,"December 08, 2007","Las Vegas, Nevada, USA",http://ufcstats.com/statistics/events/completed?page=all,f6ea42f97ff342da9bc50a09f1565a41,2026-09-10 03:03:51.064517+00:00
http://ufcstats.com/event-details/1d147d4163a6989b,UFC 78: Validation,"November 17, 2007","Newark, New Jersey, USA",http://ufcstats.com/statistics/events/completed?page=all,f6ea42f97ff342da9bc50a09f1565a41,2026-09-10 03:03:51.064517+00:00
http://ufcstats.com/event-details/91181b29be041f1c,UFC 77: Hostile Territory,"October 20, 2007","Cincinnati, Ohio, USA",http://ufcstats.com/statistics/events/completed?page=all,f6ea42f97ff342da9bc50a09f1565a41,2026-09-10 03:03:51.064517+00:00
http://ufcstats.com/event-details/bad28b7b34f334de,UFC 76: Knockout,"September 22, 2007","Anaheim, California, USA",http://ufcstats.com/statistics/events/completed?page=all,f6ea42f97ff342da9bc50a09f1565a41,2026-09-10 03:03:51.064517+00:00
http://ufcstats.com/event-details/0aa92558424ced9e,UFC 75: Champion vs Champion,"September 08, 2007","London, England, United Kingdom",http://ufcstats.com/statistics/events/completed?page=all,f6ea42f97ff342da9bc50a09f1565a41,2026-09-10 03:03:51.064517+00:00
http://ufcstats.com/event-details/a5c53b3ddb31cc7d,UFC 74: Respect,"August 25, 2007","Las Vegas, Nevada, USA",http://ufcstats.com/statistics/events/completed?page=all,f6ea42f97ff342da9bc50a09f1565a41,2026-09-10 03:03:51.064517+00:00
http://ufcstats.com/event-details/2a6f8136da1e52c0,UFC 73: Stacked,"July 07, 2007","Sacramento, California, USA",http://ufcstats.com/statistics/events/completed?page=all,f6ea42f97ff342da9bc50a09f1565a41,2026-09-10 03:03:51.064517+00:00
http://ufcstats.com/event-details/5ca158b1cc9cb242,UFC 72: Victory,"June 16, 2007","Belfast, Northern Ireland, United Kingdom",http://ufcstats.com/statistics/events/completed?page=all,f6ea42f97ff342da9bc50a09f1565a41,2026-09-10 03:03:51.064517+00:00
http://ufcstats.com/event-details/304fcd812f12c589,UFC Fight Night: Stout vs Fisher,"June 12, 2007","Hollywood, Florida, USA",http://ufcstats.com/statistics/events/completed?page=all,f6ea42f97ff342da9bc50a09f1565a41,2026-09-10 03:03:51.064517+00:00
http://ufcstats.com/event-details/2e04a3b4a2011b97,UFC 71: Liddell vs Jackson,"May 26, 2007","Las Vegas, Nevada, USA",http://ufcstats.com/statistics/events/completed?page=all,f6ea42f97ff342da9bc50a09f1565a41,2026-09-10 03:03:51.064517+00:00
http://ufcstats.com/event-details/4604ab1de9058474,UFC 70: Nations Collide,"April 21, 2007","Manchester, England, United Kingdom",http://ufcstats.com/statistics/events/completed?page=all,f6ea42f97ff342da9bc50a09f1565a41,2026-09-10 03:03:51.064517+00:00
http://ufcstats.com/event-details/c1684f00c626f4c0,UFC 69: Shootout,"April 07, 2007","Houston, Texas, USA",http://ufcstats.com/statistics/events/completed?page=all,f6ea42f97ff342da9bc50a09f1565a41,2026-09-10 03:03:51.064517+00:00
http://ufcstats.com/event-details/de3ed2e152520c8d,UFC 68: The Uprising,"March 03, 2007","Columbus, Ohio, USA",http://ufcstats.com/statistics/events/completed?page=all,f6ea42f97ff342da9bc50a09f1565a41,2026-09-10 03:03:51.064517+00:00
http://ufcstats.com/event-details/63b65af1c5cb02cb,UFC 67: All or Nothing,"February 03, 2007","Las Vegas, Nevada, USA",http://ufcstats.com/statistics/events/completed?page=all,f6ea42f97ff342da9bc50a09f1565a41,2026-09-10 03:03:51.064517+00:00
http://ufcstats.com/event-details/13c4313ed0f744f3,UFC Fight Night: Evans vs Salmon,"January 25, 2007","Hollywood, Florida, USA",http://ufcstats.com/statistics/events/completed?page=all,f6ea42f97ff342da9bc50a09f1565a41,2026-09-10 03:03:51.064517+00:00
http://ufcstats.com/event-details/ee5df903f80c6816,UFC 66: Liddell vs Ortiz 2,"December 30, 2006","Las Vegas, Nevada, USA",http://ufcstats.com/statistics/events/completed?page=all,f6ea42f97ff342da9bc50a09f1565a41,2026-09-10 03:03:51.064517+00:00
http://ufcstats.com/event-details/21b8a0f5c231096f,UFC Fight Night: Sanchez vs Riggs,"December 13, 2006","San Diego, California, USA",http://ufcstats.com/statistics/events/completed?page=all,f6ea42f97ff342da9bc50a09f1565a41,2026-09-10 03:03:51.064517+00:00
http://ufcstats.com/event-details/3fed746acfd026dd,UFC 65: Bad Intentions,"November 18, 2006","Sacramento, California, USA",http://ufcstats.com/statistics/events/completed?page=all,f6ea42f97ff342da9bc50a09f1565a41,2026-09-10 03:03:51.064517+00:00
http://ufcstats.com/event-details/13b2f59210dda9cc,UFC 64: Unstoppable,"October 14, 2006","Las Vegas, Nevada, USA",http://ufcstats.com/statistics/events/completed?page=all,f6ea42f97ff342da9bc50a09f1565a41,2026-09-10 03:03:51.064517+00:00
http://ufcstats.com/event-details/46c8ec317aff28ac,UFC Fight Night 6,"August 17, 2006","Las Vegas, Nevada, USA",http://ufcstats.com/statistics/events/completed?page=all,f6ea42f97ff342da9bc50a09f1565a41,2026-09-10 03:03:51.064517+00:00
http://ufcstats.com/event-details/f70144caea5c4c80,UFC 61: Bitter Rivals,"July 08, 2006","Las Vegas, Nevada, USA",http://ufcstats.com/statistics/events/completed?page=all,f6ea42f97ff342da9bc50a09f1565a41,2026-09-10 03:03:51.064517+00:00
http://ufcstats.com/event-details/1dab0d1d81dd06db,The Ultimate Fighter: Team Ortiz vs. Team Shamrock Finale,"June 24, 2006","Las Vegas, Nevada, USA",http://ufcstats.com/statistics/events/completed?page=all,f6ea42f97ff342da9bc50a09f1565a41,2026-09-10 03:03:51.064517+00:00
http://ufcstats.com/event-details/a54a35a670d8e852,UFC 60: Hughes vs Gracie,"May 27, 2006","Los Angeles, California, USA",http://ufcstats.com/statistics/events/completed?page=all,f6ea42f97ff342da9bc50a09f1565a41,2026-09-10 03:03:51.064517+00:00
http://ufcstats.com/event-details/03688dc3c3af3ac1,UFC 59: Reality Check,"April 15, 2006","Anaheim, California, USA",http://ufcstats.com/statistics/events/completed?page=all,f6ea42f97ff342da9bc50a09f1565a41,2026-09-10 03:03:51.064517+00:00
http://ufcstats.com/event-details/977081bc01197656,UFC 57: Liddell vs Couture 3,"February 04, 2006","Las Vegas, Nevada, USA",http://ufcstats.com/statistics/events/completed?page=all,f6ea42f97ff342da9bc50a09f1565a41,2026-09-10 03:03:51.064517+00:00
http://ufcstats.com/event-details/31ceaf0e670c1578,The Ultimate Fighter: Team Hughes vs. Team Franklin Finale,"November 05, 2005","Las Vegas, Nevada, USA",http://ufcstats.com/statistics/events/completed?page=all,f6ea42f97ff342da9bc50a09f1565a41,2026-09-10 03:03:51.064517+00:00
http://ufcstats.com/event-details/271fe91f4ba9d2c5,UFC 55: Fury,"October 07, 2005","Uncasville, Connecticut, USA",http://ufcstats.com/statistics/events/completed?page=all,f6ea42f97ff342da9bc50a09f1565a41,2026-09-10 03:03:51.064517+00:00
http://ufcstats.com/event-details/669a3cb6e394f515,UFC 54: Boiling Point,"August 20, 2005","Las Vegas, Nevada, USA",http://ufcstats.com/statistics/events/completed?page=all,f6ea42f97ff342da9bc50a09f1565a41,2026-09-10 03:03:51.064517+00:00
http://ufcstats.com/event-details/d3711d3784b76255,UFC 53: Heavy Hitters,"June 04, 2005","Atlantic City, New Jersey, USA",http://ufcstats.com/statistics/events/completed?page=all,f6ea42f97ff342da9bc50a09f1565a41,2026-09-10 03:03:51.064517+00:00
http://ufcstats.com/event-details/fbbde91f7bc2d3c5,The Ultimate Fighter: Team Couture vs. Team Liddell Finale,"April 09, 2005","Las Vegas, Nevada, USA",http://ufcstats.com/statistics/events/completed?page=all,f6ea42f97ff342da9bc50a09f1565a41,2026-09-10 03:03:51.064517+00:00
http://ufcstats.com/event-details/85d905f7c4f5a1af,UFC 51: Super Saturday,"February 05, 2005","Las Vegas, Nevada, USA",http://ufcstats.com/statistics/events/completed?page=all,f6ea42f97ff342da9bc50a09f1565a41,2026-09-10 03:03:51.064517+00:00
http://ufcstats.com/event-details/429e7d3725852ce9,UFC 48: Payback,"June 19, 2004","Las Vegas, Nevada, USA",http://ufcstats.com/statistics/events/completed?page=all,f6ea42f97ff342da9bc50a09f1565a41,2026-09-10 03:03:51.064517+00:00
http://ufcstats.com/event-details/e8fb8e53bc2e29d6,UFC 47: It's On!,"April 02, 2004","Las Vegas, Nevada, USA",http://ufcstats.com/statistics/events/completed?page=all,f6ea42f97ff342da9bc50a09f1565a41,2026-09-10 03:03:51.064517+00:00
http://ufcstats.com/event-details/94609dd91731d428,UFC 46: Supernatural,"January 31, 2004","Las Vegas, Nevada, USA",http://ufcstats.com/statistics/events/completed?page=all,f6ea42f97ff342da9bc50a09f1565a41,2026-09-10 03:03:51.064517+00:00
http://ufcstats.com/event-details/c61f66d8c3fd5f07,UFC 44: Undisputed,"September 26, 2003","Las Vegas, Nevada, USA",http://ufcstats.com/statistics/events/completed?page=all,f6ea42f97ff342da9bc50a09f1565a41,2026-09-10 03:03:51.064517+00:00
http://ufcstats.com/event-details/108afe61a26bcbf4,UFC 43: Meltdown,"June 06, 2003","Las Vegas, Nevada, USA",http://ufcstats.com/statistics/events/completed?page=all,f6ea42f97ff342da9bc50a09f1565a41,2026-09-10 03:03:51.064517+00:00
http://ufcstats.com/event-details/bba678d312590087,UFC 41: Onslaught,"February 28, 2003","Atlantic City, New Jersey, USA",http://ufcstats.com/statistics/events/completed?page=all,f6ea42f97ff342da9bc50a09f1565a41,2026-09-10 03:03:51.064517+00:00
http://ufcstats.com/event-details/e06fd1260ac865a7,UFC 40: Vendetta,"November 22, 2002","Las Vegas, Nevada, USA",http://ufcstats.com/statistics/events/completed?page=all,f6ea42f97ff342da9bc50a09f1565a41,2026-09-10 03:03:51.064517+00:00
http://ufcstats.com/event-details/1dc56b59cb28425d,UFC 38: Brawl at the Hall,"July 13, 2002","London, England, United Kingdom",http://ufcstats.com/statistics/events/completed?page=all,f6ea42f97ff342da9bc50a09f1565a41,2026-09-10 03:03:51.064517+00:00
http://ufcstats.com/event-details/02fc8f50f56eb307,UFC 36: Worlds Collide,"March 22, 2002","Las Vegas, Nevada, USA",http://ufcstats.com/statistics/events/completed?page=all,f6ea42f97ff342da9bc50a09f1565a41,2026-09-10 03:03:51.064517+00:00
http://ufcstats.com/event-details/4dc496aa0cfc0d95,UFC 34: High Voltage,"November 02, 2001","Las Vegas, Nevada, USA",http://ufcstats.com/statistics/events/completed?page=all,f6ea42f97ff342da9bc50a09f1565a41,2026-09-10 03:03:51.064517+00:00
http://ufcstats.com/event-details/7b9aa973e5c04624,UFC 32: Showdown in the Meadowlands,"June 29, 2001","East Rutherford, New Jersey, USA",http://ufcstats.com/statistics/events/completed?page=all,f6ea42f97ff342da9bc50a09f1565a41,2026-09-10 03:03:51.064517+00:00
http://ufcstats.com/event-details/da6dfd09cca1d705,UFC 28: High Stakes,"November 17, 2000","Atlantic City, New Jersey, USA",http://ufcstats.com/statistics/events/completed?page=all,f6ea42f97ff342da9bc50a09f1565a41,2026-09-10 03:03:51.064517+00:00
