fighter_url,fighter_name,first_name,last_name,height,weight,reach,stance,dob,sig_strikes_landed_per_min,sig_strike_accuracy,sig_strikes_absorbed_per_min,sig_strike_defense,takedown_average,takedown_accuracy,takedown_defense,submission_average,_source_url,_batch_id,_ingested_at
http://www.ufcstats.com/fighter-details/193b9d1858bc4df3,Dan Hooker,Dan,Hooker,"6' 0""",155 lbs.,"75""",Switch,"Feb 13, 1990",4.82,48%,4.94,48%,0.67,33%,77%,0.6,http://www.ufcstats.com/fighter-details/193b9d1858bc4df3,c51ba89947344bee9661ccd1c7c96d7a,2026-09-08 23:02:57.136865+00:00
http://www.ufcstats.com/fighter-details/a67d071163962af8,Michael Page,Michael,Page,"6' 3""",185 lbs.,"79""",Switch,"Apr 07, 1987",2.04,56%,1.36,63%,0.16,12%,65%,0.2,http://www.ufcstats.com/fighter-details/a67d071163962af8,c51ba89947344bee9661ccd1c7c96d7a,2026-09-08 23:03:03.090668+00:00
http://www.ufcstats.com/fighter-details/a67f5afa8d6a1b80,Ryan Spann,Ryan,Spann,"6' 5""",264 lbs.,"79""",Orthodox,"Aug 24, 1991",3.06,39%,4.16,41%,1.14,33%,51%,1.7,http://www.ufcstats.com/fighter-details/a67f5afa8d6a1b80,c51ba89947344bee9661ccd1c7c96d7a,2026-09-08 23:03:18.019209+00:00
http://www.ufcstats.com/fighter-details/c41d426cc7326d1b,Yan Xiaonan,Yan,Xiaonan,"5' 5""",115 lbs.,"63""",Orthodox,"Jun 16, 1989",4.67,44%,3.24,60%,0.82,73%,64%,0.0,http://www.ufcstats.com/fighter-details/c41d426cc7326d1b,c51ba89947344bee9661ccd1c7c96d7a,2026-09-08 23:03:38.538995+00:00
http://www.ufcstats.com/fighter-details/cffb87059e645bd1,Denise Gomes,Denise,Gomes,"5' 2""",115 lbs.,"63""",Orthodox,"Dec 30, 1999",4.40,48%,3.19,52%,1.38,34%,66%,0.7,http://www.ufcstats.com/fighter-details/cffb87059e645bd1,c51ba89947344bee9661ccd1c7c96d7a,2026-09-08 23:03:39.895128+00:00
http://www.ufcstats.com/fighter-details/4682bc59d5f55145,Sean Woodson,Sean,Woodson,"6' 2""",145 lbs.,"78""",Orthodox,"Jun 07, 1992",5.39,46%,4.04,58%,0.52,45%,85%,0.3,http://www.ufcstats.com/fighter-details/4682bc59d5f55145,c51ba89947344bee9661ccd1c7c96d7a,2026-09-08 23:03:59.045151+00:00
http://www.ufcstats.com/fighter-details/2cdb479a0ef0ee1d,Xiong Jingnan,Xiong,Jingnan,"5' 4""",115 lbs.,"63""",Switch,"Jan 12, 1988",4.64,35%,7.62,37%,0.00,0%,75%,0.0,http://www.ufcstats.com/fighter-details/2cdb479a0ef0ee1d,c51ba89947344bee9661ccd1c7c96d7a,2026-09-08 23:04:05.825550+00:00
http://www.ufcstats.com/fighter-details/093e1f5bb73850be,Anthony Hernandez,Anthony,Hernandez,"6' 0""",185 lbs.,"75""",Orthodox,"Oct 18, 1993",4.42,60%,3.69,48%,5.25,40%,68%,1.4,http://www.ufcstats.com/fighter-details/093e1f5bb73850be,c51ba89947344bee9661ccd1c7c96d7a,2026-09-08 23:04:11.284929+00:00
http://www.ufcstats.com/fighter-details/d1c65d2cf2925ddd,Gregory Rodrigues,Gregory,Rodrigues,"6' 3""",185 lbs.,"75""",Orthodox,"Feb 17, 1992",5.78,53%,4.57,50%,1.57,34%,85%,0.3,http://www.ufcstats.com/fighter-details/d1c65d2cf2925ddd,c51ba89947344bee9661ccd1c7c96d7a,2026-09-08 23:04:12.631874+00:00
http://www.ufcstats.com/fighter-details/e2f6b2769aaedd6c,Serghei Spivac,Serghei,Spivac,"6' 3""",257 lbs.,"78""",Orthodox,"Jan 24, 1995",3.35,46%,4.23,50%,3.42,57%,52%,0.4,http://www.ufcstats.com/fighter-details/e2f6b2769aaedd6c,c51ba89947344bee9661ccd1c7c96d7a,2026-09-08 23:04:14.114398+00:00
http://www.ufcstats.com/fighter-details/d549cefc7c54ab78,Reinier de Ridder,Reinier,de Ridder,"6' 4""",185 lbs.,"78""",Southpaw,"Sep 07, 1990",3.18,54%,2.26,47%,2.44,29%,40%,0.5,http://www.ufcstats.com/fighter-details/d549cefc7c54ab78,c51ba89947344bee9661ccd1c7c96d7a,2026-09-08 23:04:17.073712+00:00
http://www.ufcstats.com/fighter-details/327d5f279895110d,Roman Dolidze,Roman,Dolidze,"6' 2""",185 lbs.,"76""",Orthodox,"Jul 15, 1988",3.12,41%,4.02,46%,1.13,43%,32%,0.7,http://www.ufcstats.com/fighter-details/327d5f279895110d,c51ba89947344bee9661ccd1c7c96d7a,2026-09-08 23:04:18.519833+00:00
http://www.ufcstats.com/fighter-details/f6ad6a1e4d600e0d,Mason Jones,Mason,Jones,"5' 10""",155 lbs.,"74""",Orthodox,"Apr 26, 1995",6.33,43%,4.87,48%,3.38,56%,77%,0.1,http://www.ufcstats.com/fighter-details/f6ad6a1e4d600e0d,c51ba89947344bee9661ccd1c7c96d7a,2026-09-08 23:04:21.375437+00:00
http://www.ufcstats.com/fighter-details/8667caa0451d245b,Kennedy Nzechukwu,Kennedy,Nzechukwu,"6' 5""",244 lbs.,"83""",Southpaw,"Jun 13, 1992",4.94,46%,4.55,51%,0.49,45%,80%,0.2,http://www.ufcstats.com/fighter-details/8667caa0451d245b,c51ba89947344bee9661ccd1c7c96d7a,2026-09-08 23:04:31.012810+00:00
http://www.ufcstats.com/fighter-details/b7b84ccd221be298,Nasrat Haqparast,Nasrat,Haqparast,"5' 10""",155 lbs.,"72""",Southpaw,"Aug 22, 1995",6.24,45%,6.18,62%,0.31,18%,84%,0.0,http://www.ufcstats.com/fighter-details/b7b84ccd221be298,c51ba89947344bee9661ccd1c7c96d7a,2026-09-08 23:04:35.126030+00:00
http://www.ufcstats.com/fighter-details/275aca31f61ba28c,Islam Makhachev,Islam,Makhachev,"5' 10""",170 lbs.,"70""",Southpaw,"Oct 27, 1991",2.27,58%,1.42,61%,3.22,54%,91%,0.9,http://www.ufcstats.com/fighter-details/275aca31f61ba28c,c51ba89947344bee9661ccd1c7c96d7a,2026-09-08 23:04:47.093477+00:00
http://www.ufcstats.com/fighter-details/442c9011034ae1fd,Ian Machado Garry,Ian,Machado Garry,"6' 3""",170 lbs.,"74""",Orthodox,"Nov 17, 1997",4.29,53%,2.59,52%,0.80,31%,71%,0.3,http://www.ufcstats.com/fighter-details/442c9011034ae1fd,c51ba89947344bee9661ccd1c7c96d7a,2026-09-08 23:04:48.506919+00:00
http://www.ufcstats.com/fighter-details/7447e9f28508106a,Mackenzie Dern,Mackenzie,Dern,"5' 4""",115 lbs.,"63""",Orthodox,"Mar 24, 1993",3.38,41%,3.74,52%,1.07,21%,40%,1.0,http://www.ufcstats.com/fighter-details/7447e9f28508106a,c51ba89947344bee9661ccd1c7c96d7a,2026-09-08 23:04:49.749016+00:00
http://www.ufcstats.com/fighter-details/4d8fa64202cee4c1,Jalin Turner,Jalin,Turner,"6' 3""",155 lbs.,"77""",Southpaw,"May 18, 1995",5.84,49%,4.53,41%,0.75,55%,75%,1.1,http://www.ufcstats.com/fighter-details/4d8fa64202cee4c1,c51ba89947344bee9661ccd1c7c96d7a,2026-09-08 23:04:52.756810+00:00
http://www.ufcstats.com/fighter-details/64a50dad704d1d49,Edson Barboza,Edson,Barboza,"5' 11""",155 lbs.,"75""",Orthodox,"Jan 21, 1986",4.15,44%,4.76,55%,0.42,50%,73%,0.1,http://www.ufcstats.com/fighter-details/64a50dad704d1d49,c51ba89947344bee9661ccd1c7c96d7a,2026-09-08 23:04:58.790156+00:00
http://www.ufcstats.com/fighter-details/323d4ca260dfa0ba,Esteban Ribovics,Esteban,Ribovics,"5' 10""",155 lbs.,"69""",Orthodox,"Apr 27, 1996",7.43,43%,5.74,54%,0.32,66%,66%,0.2,http://www.ufcstats.com/fighter-details/323d4ca260dfa0ba,c51ba89947344bee9661ccd1c7c96d7a,2026-09-08 23:05:00.314089+00:00
http://www.ufcstats.com/fighter-details/6d4b63c767106d3a,Vicente Luque,Vicente,Luque,"5' 11""",185 lbs.,"75""",Orthodox,"Nov 27, 1991",4.69,50%,5.19,51%,0.83,46%,60%,0.7,http://www.ufcstats.com/fighter-details/6d4b63c767106d3a,c51ba89947344bee9661ccd1c7c96d7a,2026-09-08 23:05:10.553745+00:00
http://www.ufcstats.com/fighter-details/84b3e7d38f2d2ec5,Neil Magny,Neil,Magny,"6' 3""",170 lbs.,"80""",Orthodox,"Aug 03, 1987",3.39,47%,2.41,51%,2.13,39%,55%,0.3,http://www.ufcstats.com/fighter-details/84b3e7d38f2d2ec5,c51ba89947344bee9661ccd1c7c96d7a,2026-09-08 23:05:16.006636+00:00
http://www.ufcstats.com/fighter-details/3d074044a33825e7,Ramiz Brahimaj,Ramiz,Brahimaj,"5' 10""",170 lbs.,"72""",Orthodox,"Nov 17, 1992",2.14,49%,3.23,46%,1.97,34%,46%,1.4,http://www.ufcstats.com/fighter-details/3d074044a33825e7,c51ba89947344bee9661ccd1c7c96d7a,2026-09-08 23:05:17.403883+00:00
http://www.ufcstats.com/fighter-details/72db2a14ffa73ece,Mateusz Gamrot,Mateusz,Gamrot,"5' 10""",155 lbs.,"70""",Southpaw,"Dec 11, 1990",3.14,51%,2.79,60%,5.08,38%,76%,0.4,http://www.ufcstats.com/fighter-details/72db2a14ffa73ece,c51ba89947344bee9661ccd1c7c96d7a,2026-09-08 23:05:21.542911+00:00
http://www.ufcstats.com/fighter-details/f53d4f21d1b5f2dc,Diego Ferreira,Diego,Ferreira,"5' 9""",155 lbs.,"74""",Orthodox,"Jan 18, 1985",4.95,40%,3.58,57%,1.08,33%,58%,0.5,http://www.ufcstats.com/fighter-details/f53d4f21d1b5f2dc,c51ba89947344bee9661ccd1c7c96d7a,2026-09-08 23:05:24.242283+00:00
http://www.ufcstats.com/fighter-details/aa171d55d4b5208f,Billy Quarantillo,Billy,Quarantillo,"5' 10""",155 lbs.,"70""",Orthodox,"Dec 08, 1988",7.18,52%,6.02,44%,1.42,24%,60%,0.9,http://www.ufcstats.com/fighter-details/aa171d55d4b5208f,c51ba89947344bee9661ccd1c7c96d7a,2026-09-08 23:05:25.544796+00:00
http://www.ufcstats.com/fighter-details/92a9aa9c93192871,Darren Elkins,Darren,Elkins,"5' 10""",145 lbs.,"71""",Orthodox,"May 16, 1984",3.39,38%,3.34,51%,2.86,33%,56%,1.1,http://www.ufcstats.com/fighter-details/92a9aa9c93192871,c51ba89947344bee9661ccd1c7c96d7a,2026-09-08 23:05:27.141556+00:00
http://www.ufcstats.com/fighter-details/70380ccdc81915b8,Yadier del Valle,Yadier,del Valle,"5' 9""",145 lbs.,"69""",Southpaw,"Jul 29, 1996",4.12,61%,2.13,55%,1.21,42%,61%,2.0,http://www.ufcstats.com/fighter-details/70380ccdc81915b8,c51ba89947344bee9661ccd1c7c96d7a,2026-09-08 23:05:28.541114+00:00
http://www.ufcstats.com/fighter-details/3df5493bb279226f,Amanda Lemos,Amanda,Lemos,"5' 4""",115 lbs.,"65""",Southpaw,"May 22, 1987",2.84,55%,3.22,44%,0.93,57%,63%,0.7,http://www.ufcstats.com/fighter-details/3df5493bb279226f,c51ba89947344bee9661ccd1c7c96d7a,2026-09-08 23:05:29.833544+00:00
http://www.ufcstats.com/fighter-details/681399317dbf4701,Uros Medic,Uros,Medic,"6' 1""",170 lbs.,"71""",Southpaw,"Apr 25, 1993",5.77,60%,3.40,56%,0.34,50%,55%,0.0,http://www.ufcstats.com/fighter-details/681399317dbf4701,c51ba89947344bee9661ccd1c7c96d7a,2026-09-08 23:05:54.246844+00:00
http://www.ufcstats.com/fighter-details/8a1f3b5c526cd6e6,Daniel Rodriguez,Daniel,Rodriguez,"6' 1""",170 lbs.,"74""",Southpaw,"Dec 31, 1986",7.19,49%,5.44,57%,0.51,50%,64%,0.1,http://www.ufcstats.com/fighter-details/8a1f3b5c526cd6e6,c51ba89947344bee9661ccd1c7c96d7a,2026-09-08 23:05:55.731434+00:00
http://www.ufcstats.com/fighter-details/c9cf753cfdf77fc2,Marcin Tybura,Marcin,Tybura,"6' 3""",254 lbs.,"78""",Orthodox,"Nov 09, 1985",3.49,46%,3.34,54%,1.23,32%,70%,0.1,http://www.ufcstats.com/fighter-details/c9cf753cfdf77fc2,c51ba89947344bee9661ccd1c7c96d7a,2026-09-08 23:06:02.051783+00:00
http://www.ufcstats.com/fighter-details/873626e5547b5235,Kyle Prepolec,Kyle,Prepolec,"5' 10""",155 lbs.,"70""",Southpaw,"Aug 30, 1989",3.01,33%,6.59,45%,0.00,0%,41%,0.0,http://www.ufcstats.com/fighter-details/873626e5547b5235,c51ba89947344bee9661ccd1c7c96d7a,2026-09-08 23:06:24.030129+00:00
http://www.ufcstats.com/fighter-details/6d1bffff14897645,Santiago Ponzinibbio,Santiago,Ponzinibbio,"6' 0""",170 lbs.,"73""",Orthodox,"Sep 26, 1986",4.67,40%,4.79,61%,0.58,26%,71%,0.0,http://www.ufcstats.com/fighter-details/6d1bffff14897645,c51ba89947344bee9661ccd1c7c96d7a,2026-09-08 23:06:51.766728+00:00
http://www.ufcstats.com/fighter-details/0d7b51c9d2649a6e,Dricus Du Plessis,Dricus,Du Plessis,"6' 1""",185 lbs.,"76""",Switch,"Jan 14, 1994",5.21,48%,4.24,54%,1.90,48%,50%,0.6,http://www.ufcstats.com/fighter-details/0d7b51c9d2649a6e,c51ba89947344bee9661ccd1c7c96d7a,2026-09-08 23:07:04.287067+00:00
http://www.ufcstats.com/fighter-details/f1b2aa7853d1ed6e,Kamaru Usman,Kamaru,Usman,"6' 0""",185 lbs.,"76""",Switch,"May 11, 1987",4.13,50%,2.86,54%,2.60,42%,90%,0.1,http://www.ufcstats.com/fighter-details/f1b2aa7853d1ed6e,c51ba89947344bee9661ccd1c7c96d7a,2026-09-08 23:07:05.610008+00:00
http://www.ufcstats.com/fighter-details/971246648e162f0d,Chase Hooper,Chase,Hooper,"6' 1""",155 lbs.,"74""",Southpaw,"Sep 13, 1999",4.44,49%,2.97,39%,2.50,32%,55%,2.2,http://www.ufcstats.com/fighter-details/971246648e162f0d,c51ba89947344bee9661ccd1c7c96d7a,2026-09-08 23:07:09.739760+00:00
http://www.ufcstats.com/fighter-details/d25240135aee03e5,Tabatha Ricci,Tabatha,Ricci,"5' 1""",115 lbs.,"61""",Orthodox,"Feb 21, 1995",3.77,36%,4.79,58%,2.37,34%,54%,0.1,http://www.ufcstats.com/fighter-details/d25240135aee03e5,c51ba89947344bee9661ccd1c7c96d7a,2026-09-08 23:07:12.575312+00:00
http://www.ufcstats.com/fighter-details/745fa7b605f8e2da,Fatima Kline,Fatima,Kline,"5' 6""",115 lbs.,"67""",Orthodox,"Jul 12, 2000",4.88,48%,2.46,61%,3.13,66%,65%,0.2,http://www.ufcstats.com/fighter-details/745fa7b605f8e2da,c51ba89947344bee9661ccd1c7c96d7a,2026-09-08 23:07:14.008319+00:00
http://www.ufcstats.com/fighter-details/f4c49976c75c5ab2,Conor McGregor,Conor,McGregor,"5' 9""",155 lbs.,"74""",Southpaw,"Jul 14, 1988",5.27,49%,4.71,53%,0.66,55%,66%,0.1,http://www.ufcstats.com/fighter-details/f4c49976c75c5ab2,c51ba89947344bee9661ccd1c7c96d7a,2026-09-08 23:07:35.549078+00:00
http://www.ufcstats.com/fighter-details/150ff4cc642270b9,Max Holloway,Max,Holloway,"5' 11""",155 lbs.,"69""",Orthodox,"Dec 04, 1991",6.92,48%,4.60,58%,0.22,53%,81%,0.3,http://www.ufcstats.com/fighter-details/150ff4cc642270b9,c51ba89947344bee9661ccd1c7c96d7a,2026-09-08 23:07:37.035878+00:00
http://www.ufcstats.com/fighter-details/c2299ec916bc7c56,Benoit Saint Denis,Benoit,Saint Denis,"5' 11""",155 lbs.,"73""",Southpaw,"Dec 18, 1995",5.58,58%,4.09,41%,4.15,35%,72%,1.7,http://www.ufcstats.com/fighter-details/c2299ec916bc7c56,c51ba89947344bee9661ccd1c7c96d7a,2026-09-08 23:07:38.523337+00:00
http://www.ufcstats.com/fighter-details/7826923b47f8d72a,Paddy Pimblett,Paddy,Pimblett,"5' 10""",155 lbs.,"73""",Orthodox,"Jan 03, 1995",5.48,52%,3.86,42%,0.68,21%,46%,1.4,http://www.ufcstats.com/fighter-details/7826923b47f8d72a,c51ba89947344bee9661ccd1c7c96d7a,2026-09-08 23:07:39.844874+00:00
http://www.ufcstats.com/fighter-details/65f09bacd3957381,Cory Sandhagen,Cory,Sandhagen,"5' 11""",135 lbs.,"70""",Switch,"Apr 20, 1992",4.92,45%,3.72,55%,1.14,33%,57%,0.2,http://www.ufcstats.com/fighter-details/65f09bacd3957381,c51ba89947344bee9661ccd1c7c96d7a,2026-09-08 23:07:41.371890+00:00
http://www.ufcstats.com/fighter-details/887961364be5ceb3,King Green,King,Green,"5' 10""",155 lbs.,"71""",Orthodox,"Sep 09, 1986",6.49,53%,3.63,62%,1.32,43%,71%,0.3,http://www.ufcstats.com/fighter-details/887961364be5ceb3,c51ba89947344bee9661ccd1c7c96d7a,2026-09-08 23:07:47.009519+00:00
http://www.ufcstats.com/fighter-details/809bd1a871491508,Terrance McKinney,Terrance,McKinney,"5' 10""",155 lbs.,"73""",Switch,"Sep 15, 1994",6.83,55%,4.07,42%,3.27,42%,72%,1.8,http://www.ufcstats.com/fighter-details/809bd1a871491508,c51ba89947344bee9661ccd1c7c96d7a,2026-09-08 23:07:48.435135+00:00
http://www.ufcstats.com/fighter-details/1091d4d957141094,Nikita Krylov,Nikita,Krylov,"6' 3""",205 lbs.,"77""",Orthodox,"Mar 07, 1992",4.38,54%,2.75,48%,2.19,38%,53%,1.1,http://www.ufcstats.com/fighter-details/1091d4d957141094,c51ba89947344bee9661ccd1c7c96d7a,2026-09-08 23:07:49.878065+00:00
http://www.ufcstats.com/fighter-details/e1147d3d2dabe1ce,Robert Whittaker,Robert,Whittaker,"6' 0""",205 lbs.,"73""",Orthodox,"Dec 20, 1990",4.41,43%,3.40,59%,0.71,38%,80%,0.0,http://www.ufcstats.com/fighter-details/e1147d3d2dabe1ce,c51ba89947344bee9661ccd1c7c96d7a,2026-09-08 23:07:51.315488+00:00
http://www.ufcstats.com/fighter-details/c814b4c899793af6,Rafael Fiziev,Rafael,Fiziev,"5' 8""",155 lbs.,"71""",Switch,"Mar 05, 1993",4.71,52%,4.81,50%,1.00,71%,90%,0.0,http://www.ufcstats.com/fighter-details/c814b4c899793af6,c51ba89947344bee9661ccd1c7c96d7a,2026-09-08 23:08:16.152093+00:00
http://www.ufcstats.com/fighter-details/2e7878927067fdca,Manuel Torres,Manuel,Torres,"5' 10""",155 lbs.,"73""",Switch,"Mar 25, 1995",6.57,56%,4.24,50%,1.32,66%,76%,0.7,http://www.ufcstats.com/fighter-details/2e7878927067fdca,c51ba89947344bee9661ccd1c7c96d7a,2026-09-08 23:08:17.596296+00:00
http://www.ufcstats.com/fighter-details/595db60957de51d3,Michel Pereira,Michel,Pereira,"6' 1""",185 lbs.,"73""",Orthodox,"Oct 06, 1993",4.28,51%,4.32,50%,1.11,52%,75%,0.6,http://www.ufcstats.com/fighter-details/595db60957de51d3,c51ba89947344bee9661ccd1c7c96d7a,2026-09-08 23:08:20.226686+00:00
http://www.ufcstats.com/fighter-details/0d65c432720accb9,Michal Oleksiejczuk,Michal,Oleksiejczuk,"6' 0""",185 lbs.,"74""",Southpaw,"Feb 22, 1995",5.73,52%,4.45,60%,0.99,42%,52%,0.0,http://www.ufcstats.com/fighter-details/0d65c432720accb9,c51ba89947344bee9661ccd1c7c96d7a,2026-09-08 23:08:29.733914+00:00
http://www.ufcstats.com/fighter-details/8fd808923cffff82,Andre Fili,Andre,Fili,"5' 11""",145 lbs.,"74""",Orthodox,"Jun 25, 1990",3.89,37%,4.55,49%,2.24,46%,71%,0.2,http://www.ufcstats.com/fighter-details/8fd808923cffff82,c51ba89947344bee9661ccd1c7c96d7a,2026-09-08 23:08:58.702795+00:00
http://www.ufcstats.com/fighter-details/54f64b5e283b0ce7,Ilia Topuria,Ilia,Topuria,"5' 7""",155 lbs.,"69""",Orthodox,"Jan 21, 1997",4.82,50%,3.97,62%,1.73,57%,95%,0.9,http://www.ufcstats.com/fighter-details/54f64b5e283b0ce7,c51ba89947344bee9661ccd1c7c96d7a,2026-09-08 23:09:16.629032+00:00
http://www.ufcstats.com/fighter-details/9e8f6c728eb01124,Justin Gaethje,Justin,Gaethje,"5' 11""",155 lbs.,"70""",Orthodox,"Nov 14, 1988",6.29,57%,6.83,50%,0.30,26%,73%,0.0,http://www.ufcstats.com/fighter-details/9e8f6c728eb01124,c51ba89947344bee9661ccd1c7c96d7a,2026-09-08 23:09:18.019983+00:00
http://www.ufcstats.com/fighter-details/787bb1f087ccff8a,Ciryl Gane,Ciryl,Gane,"6' 4""",247 lbs.,"81""",Orthodox,"Apr 12, 1990",5.40,61%,2.31,60%,0.66,23%,47%,0.6,http://www.ufcstats.com/fighter-details/787bb1f087ccff8a,c51ba89947344bee9661ccd1c7c96d7a,2026-09-08 23:09:20.892602+00:00
http://www.ufcstats.com/fighter-details/955da1675ad58a50,Josh Hokit,Josh,Hokit,"6' 1""",235 lbs.,"73""",Orthodox,"Nov 12, 1997",9.29,64%,5.28,48%,3.73,47%,77%,0.4,http://www.ufcstats.com/fighter-details/955da1675ad58a50,c51ba89947344bee9661ccd1c7c96d7a,2026-09-08 23:09:25.075737+00:00
http://www.ufcstats.com/fighter-details/d3df1add9d9a7efb,Derrick Lewis,Derrick,Lewis,"6' 3""",260 lbs.,"79""",Orthodox,"Feb 07, 1985",2.41,48%,2.79,38%,0.53,25%,51%,0.0,http://www.ufcstats.com/fighter-details/d3df1add9d9a7efb,c51ba89947344bee9661ccd1c7c96d7a,2026-09-08 23:09:26.359700+00:00
http://www.ufcstats.com/fighter-details/9c393e836a852f30,Mauricio Ruffy,Mauricio,Ruffy,"5' 11""",155 lbs.,"75""",Orthodox,"Jun 17, 1996",4.19,57%,3.83,59%,0.00,0%,86%,0.0,http://www.ufcstats.com/fighter-details/9c393e836a852f30,c51ba89947344bee9661ccd1c7c96d7a,2026-09-08 23:09:27.651404+00:00
http://www.ufcstats.com/fighter-details/4b93a88f3b1de35b,Michael Chandler,Michael,Chandler,"5' 8""",155 lbs.,"71""",Orthodox,"Apr 24, 1986",3.91,49%,4.51,43%,1.88,37%,61%,0.5,http://www.ufcstats.com/fighter-details/4b93a88f3b1de35b,c51ba89947344bee9661ccd1c7c96d7a,2026-09-08 23:09:29.103303+00:00
http://www.ufcstats.com/fighter-details/d6c0cdd7e467c440,Kyle Daukaus,Kyle,Daukaus,"6' 2""",185 lbs.,"76""",Southpaw,"Feb 27, 1993",3.16,53%,2.94,42%,1.97,25%,79%,2.0,http://www.ufcstats.com/fighter-details/d6c0cdd7e467c440,c51ba89947344bee9661ccd1c7c96d7a,2026-09-08 23:09:31.839855+00:00
http://www.ufcstats.com/fighter-details/b1b0729d27936f2f,Belal Muhammad,Belal,Muhammad,"5' 11""",170 lbs.,"72""",Orthodox,"Jul 09, 1988",4.36,42%,3.92,55%,1.98,35%,90%,0.1,http://www.ufcstats.com/fighter-details/b1b0729d27936f2f,c51ba89947344bee9661ccd1c7c96d7a,2026-09-08 23:09:36.280215+00:00
http://www.ufcstats.com/fighter-details/2f181c0467965b98,Brendan Allen,Brendan,Allen,"6' 2""",185 lbs.,"75""",Orthodox,"Dec 28, 1995",3.75,52%,3.78,47%,1.52,41%,57%,1.1,http://www.ufcstats.com/fighter-details/2f181c0467965b98,c51ba89947344bee9661ccd1c7c96d7a,2026-09-08 23:09:39.246313+00:00
http://www.ufcstats.com/fighter-details/4144798612ef96e5,Edmen Shahbazyan,Edmen,Shahbazyan,"6' 2""",185 lbs.,"74""",Orthodox,"Nov 20, 1997",4.06,48%,3.87,50%,1.43,36%,66%,0.4,http://www.ufcstats.com/fighter-details/4144798612ef96e5,c51ba89947344bee9661ccd1c7c96d7a,2026-09-08 23:09:40.642663+00:00
http://www.ufcstats.com/fighter-details/d9c6f19f958643e9,Bryce Mitchell,Bryce,Mitchell,"5' 10""",135 lbs.,"70""",Southpaw,"Oct 04, 1994",2.19,59%,1.51,58%,3.12,36%,38%,1.3,http://www.ufcstats.com/fighter-details/d9c6f19f958643e9,c51ba89947344bee9661ccd1c7c96d7a,2026-09-08 23:09:43.442357+00:00
http://www.ufcstats.com/fighter-details/8bd4200561c77a62,Ketlen Souza,Ketlen,Souza,"5' 3""",115 lbs.,"63""",Orthodox,"Aug 18, 1994",4.11,57%,3.89,53%,0.45,13%,53%,0.2,http://www.ufcstats.com/fighter-details/8bd4200561c77a62,c51ba89947344bee9661ccd1c7c96d7a,2026-09-08 23:10:04.515320+00:00
http://www.ufcstats.com/fighter-details/c0d5c0c95c59050b,Ariane Carnelossi,Ariane,Carnelossi,"5' 2""",115 lbs.,"61""",Orthodox,"Nov 17, 1992",2.68,38%,4.69,43%,1.06,50%,22%,0.2,http://www.ufcstats.com/fighter-details/c0d5c0c95c59050b,c51ba89947344bee9661ccd1c7c96d7a,2026-09-08 23:10:05.955669+00:00
http://www.ufcstats.com/fighter-details/a495f599e787614f,Alonzo Menifield,Alonzo,Menifield,"6' 0""",205 lbs.,"76""",Orthodox,"Oct 18, 1987",3.84,53%,3.81,51%,0.48,31%,78%,0.2,http://www.ufcstats.com/fighter-details/a495f599e787614f,c51ba89947344bee9661ccd1c7c96d7a,2026-09-08 23:10:10.170084+00:00
http://www.ufcstats.com/fighter-details/f14cf73e51b29254,Sergei Pavlovich,Sergei,Pavlovich,"6' 3""",257 lbs.,"84""",Southpaw,"May 13, 1992",4.49,44%,3.58,56%,0.47,25%,75%,0.0,http://www.ufcstats.com/fighter-details/f14cf73e51b29254,c51ba89947344bee9661ccd1c7c96d7a,2026-09-08 23:10:11.684432+00:00
http://www.ufcstats.com/fighter-details/17923f676f100e16,Tallison Teixeira,Tallison,Teixeira,"6' 7""",258 lbs.,"83""",Orthodox,"Dec 07, 1999",4.85,62%,4.10,41%,2.40,30%,0%,0.0,http://www.ufcstats.com/fighter-details/17923f676f100e16,c51ba89947344bee9661ccd1c7c96d7a,2026-09-08 23:10:13.006395+00:00
http://www.ufcstats.com/fighter-details/a845f0735bc67405,Jake Matthews,Jake,Matthews,"5' 11""",170 lbs.,"73""",Orthodox,"Aug 19, 1994",3.36,44%,2.58,60%,1.36,41%,66%,0.7,http://www.ufcstats.com/fighter-details/a845f0735bc67405,c51ba89947344bee9661ccd1c7c96d7a,2026-09-08 23:10:15.912345+00:00
http://www.ufcstats.com/fighter-details/f0feeb2192937424,Angela Hill,Angela,Hill,"5' 3""",115 lbs.,"64""",Orthodox,"Jan 12, 1985",5.46,50%,5.00,60%,0.76,30%,72%,0.2,http://www.ufcstats.com/fighter-details/f0feeb2192937424,c51ba89947344bee9661ccd1c7c96d7a,2026-09-08 23:10:24.298058+00:00
http://www.ufcstats.com/fighter-details/4e30e4250cb08b61,Loma Lookboonmee,Loma,Lookboonmee,"5' 1""",115 lbs.,"61""",Orthodox,"Jan 18, 1996",3.58,55%,2.45,53%,1.76,50%,70%,0.1,http://www.ufcstats.com/fighter-details/4e30e4250cb08b61,c51ba89947344bee9661ccd1c7c96d7a,2026-09-08 23:10:28.273642+00:00
http://www.ufcstats.com/fighter-details/040a74bb0a465c54,Arnold Allen,Arnold,Allen,"5' 8""",145 lbs.,"70""",Southpaw,"Jan 22, 1994",3.52,43%,3.15,60%,1.24,60%,73%,0.3,http://www.ufcstats.com/fighter-details/040a74bb0a465c54,c51ba89947344bee9661ccd1c7c96d7a,2026-09-08 23:10:31.248352+00:00
http://www.ufcstats.com/fighter-details/e93b04e308913c2e,Dooho Choi,Dooho,Choi,"5' 10""",145 lbs.,"70""",Orthodox,"Apr 10, 1991",5.00,55%,4.43,57%,1.26,53%,59%,0.5,http://www.ufcstats.com/fighter-details/e93b04e308913c2e,c51ba89947344bee9661ccd1c7c96d7a,2026-09-08 23:10:33.896011+00:00
http://www.ufcstats.com/fighter-details/767755fd74662dbf,Khamzat Chimaev,Khamzat,Chimaev,"6' 2""",185 lbs.,"75""",Orthodox,"May 01, 1994",4.01,54%,2.98,52%,5.32,58%,87%,1.4,http://www.ufcstats.com/fighter-details/767755fd74662dbf,c51ba89947344bee9661ccd1c7c96d7a,2026-09-08 23:11:04.200261+00:00
http://www.ufcstats.com/fighter-details/279566840aa55bf2,Alexander Volkov,Alexander,Volkov,"6' 7""",250 lbs.,"80""",Orthodox,"Oct 24, 1988",4.84,57%,2.90,54%,0.54,62%,68%,0.2,http://www.ufcstats.com/fighter-details/279566840aa55bf2,c51ba89947344bee9661ccd1c7c96d7a,2026-09-08 23:11:10.333989+00:00
http://www.ufcstats.com/fighter-details/fc08099550072fe4,Waldo Cortes Acosta,Waldo,Cortes Acosta,"6' 4""",260 lbs.,"78""",Orthodox,"Oct 03, 1991",5.34,48%,3.63,54%,0.40,50%,73%,0.1,http://www.ufcstats.com/fighter-details/fc08099550072fe4,c51ba89947344bee9661ccd1c7c96d7a,2026-09-08 23:11:11.810219+00:00
http://www.ufcstats.com/fighter-details/b9437600497350f3,Joaquin Buckley,Joaquin,Buckley,"5' 10""",170 lbs.,"76""",Southpaw,"Apr 27, 1994",3.62,36%,3.10,58%,1.43,45%,70%,0.1,http://www.ufcstats.com/fighter-details/b9437600497350f3,c51ba89947344bee9661ccd1c7c96d7a,2026-09-08 23:11:14.566054+00:00
http://www.ufcstats.com/fighter-details/18968f97ad34f15c,Jeremy Stephens,Jeremy,Stephens,"5' 9""",155 lbs.,"71""",Orthodox,"May 25, 1986",3.13,40%,3.25,57%,1.10,38%,61%,0.4,http://www.ufcstats.com/fighter-details/18968f97ad34f15c,c51ba89947344bee9661ccd1c7c96d7a,2026-09-08 23:11:16.248268+00:00
http://www.ufcstats.com/fighter-details/f139d6836efd43dd,Yaroslav Amosov,Yaroslav,Amosov,"6' 0""",170 lbs.,"75""",Orthodox,"Sep 09, 1993",2.65,53%,1.38,60%,11.11,53%,0%,3.2,http://www.ufcstats.com/fighter-details/f139d6836efd43dd,c51ba89947344bee9661ccd1c7c96d7a,2026-09-08 23:11:20.483202+00:00
http://www.ufcstats.com/fighter-details/99bd51917728c25d,Grant Dawson,Grant,Dawson,"5' 10""",155 lbs.,"72""",Switch,"Feb 20, 1994",3.14,51%,2.14,44%,3.58,39%,66%,1.4,http://www.ufcstats.com/fighter-details/99bd51917728c25d,c51ba89947344bee9661ccd1c7c96d7a,2026-09-08 23:11:21.870138+00:00
http://www.ufcstats.com/fighter-details/d1941565abf50b16,Jim Miller,Jim,Miller,"5' 8""",155 lbs.,"71""",Southpaw,"Aug 30, 1983",2.92,42%,3.43,56%,1.49,45%,47%,1.7,http://www.ufcstats.com/fighter-details/d1941565abf50b16,c51ba89947344bee9661ccd1c7c96d7a,2026-09-08 23:11:23.605403+00:00
http://www.ufcstats.com/fighter-details/7026eca45f65377b,Jared Gordon,Jared,Gordon,"5' 9""",155 lbs.,"68""",Orthodox,"Sep 06, 1988",5.57,53%,4.11,55%,1.91,34%,60%,0.0,http://www.ufcstats.com/fighter-details/7026eca45f65377b,c51ba89947344bee9661ccd1c7c96d7a,2026-09-08 23:11:25.123859+00:00
http://www.ufcstats.com/fighter-details/6b453bc35a823c3f,Jack Della Maddalena,Jack,Della Maddalena,"5' 11""",170 lbs.,"73""",Switch,"Sep 10, 1996",5.32,51%,4.24,61%,0.34,20%,64%,0.1,http://www.ufcstats.com/fighter-details/6b453bc35a823c3f,c51ba89947344bee9661ccd1c7c96d7a,2026-09-08 23:11:37.244153+00:00
http://www.ufcstats.com/fighter-details/7ee0fd831c0fe7c3,Carlos Prates,Carlos,Prates,"6' 1""",170 lbs.,"78""",Switch,"Aug 17, 1993",4.41,54%,4.30,47%,0.18,100%,77%,0.0,http://www.ufcstats.com/fighter-details/7ee0fd831c0fe7c3,c51ba89947344bee9661ccd1c7c96d7a,2026-09-08 23:11:38.620852+00:00
http://www.ufcstats.com/fighter-details/08af939f41b5a57b,Beneil Dariush,Beneil,Dariush,"5' 10""",155 lbs.,"72""",Southpaw,"May 06, 1989",3.74,49%,2.63,57%,2.21,38%,82%,0.8,http://www.ufcstats.com/fighter-details/08af939f41b5a57b,c51ba89947344bee9661ccd1c7c96d7a,2026-09-08 23:11:40.077744+00:00
http://www.ufcstats.com/fighter-details/c62fbc117d57b943,Tai Tuivasa,Tai,Tuivasa,"6' 2""",264 lbs.,"75""",Southpaw,"Mar 16, 1993",3.37,48%,4.61,42%,0.00,0%,58%,0.0,http://www.ufcstats.com/fighter-details/c62fbc117d57b943,c51ba89947344bee9661ccd1c7c96d7a,2026-09-08 23:11:46.931698+00:00
http://www.ufcstats.com/fighter-details/f96856f9d69fd7e4,Robert Bryczek,Robert,Bryczek,"6' 0""",185 lbs.,"75""",Orthodox,"Jul 04, 1990",2.80,37%,4.51,55%,0.36,100%,71%,0.4,http://www.ufcstats.com/fighter-details/f96856f9d69fd7e4,c51ba89947344bee9661ccd1c7c96d7a,2026-09-08 23:11:49.570787+00:00
http://www.ufcstats.com/fighter-details/6ac9bc2953c47345,Gerald Meerschaert,Gerald,Meerschaert,"6' 1""",185 lbs.,"77""",Southpaw,"Dec 18, 1987",2.95,45%,3.44,53%,1.70,29%,40%,1.5,http://www.ufcstats.com/fighter-details/6ac9bc2953c47345,c51ba89947344bee9661ccd1c7c96d7a,2026-09-08 23:11:54.004167+00:00
http://www.ufcstats.com/fighter-details/e132d47bd9efbbe0,Rafa Garcia,Rafa,Garcia,"5' 7""",155 lbs.,"70""",Orthodox,"Aug 05, 1994",4.28,44%,4.42,61%,3.22,45%,77%,0.4,http://www.ufcstats.com/fighter-details/e132d47bd9efbbe0,c51ba89947344bee9661ccd1c7c96d7a,2026-09-08 23:12:11.494984+00:00
http://www.ufcstats.com/fighter-details/262a7d06203657e6,Alexander Hernandez,Alexander,Hernandez,"5' 9""",155 lbs.,"72""",Orthodox,"Oct 01, 1992",4.23,40%,4.45,59%,1.05,35%,68%,0.1,http://www.ufcstats.com/fighter-details/262a7d06203657e6,c51ba89947344bee9661ccd1c7c96d7a,2026-09-08 23:12:12.943152+00:00
http://www.ufcstats.com/fighter-details/b0d6a1d8ac3d563d,Max Griffin,Max,Griffin,"5' 11""",170 lbs.,"76""",Orthodox,"Nov 29, 1985",3.70,47%,3.69,58%,1.44,41%,69%,0.2,http://www.ufcstats.com/fighter-details/b0d6a1d8ac3d563d,c51ba89947344bee9661ccd1c7c96d7a,2026-09-08 23:12:31.901209+00:00
http://www.ufcstats.com/fighter-details/23024fdfc966410a,Gilbert Burns,Gilbert,Burns,"5' 10""",170 lbs.,"71""",Orthodox,"Jul 20, 1986",3.16,48%,3.68,52%,2.04,35%,53%,0.4,http://www.ufcstats.com/fighter-details/23024fdfc966410a,c51ba89947344bee9661ccd1c7c96d7a,2026-09-08 23:12:35.783728+00:00
http://www.ufcstats.com/fighter-details/dd6103dd7127db1d,Mike Malott,Mike,Malott,"6' 1""",170 lbs.,"73""",Orthodox,"Nov 07, 1991",4.02,48%,3.09,56%,1.63,50%,57%,0.7,http://www.ufcstats.com/fighter-details/dd6103dd7127db1d,c51ba89947344bee9661ccd1c7c96d7a,2026-09-08 23:12:37.189171+00:00
http://www.ufcstats.com/fighter-details/a9e260472d321361,Jasmine Jasudavicius,Jasmine,Jasudavicius,"5' 7""",125 lbs.,"68""",Orthodox,"Mar 01, 1989",3.47,44%,3.46,51%,2.63,46%,75%,0.5,http://www.ufcstats.com/fighter-details/a9e260472d321361,c51ba89947344bee9661ccd1c7c96d7a,2026-09-08 23:12:44.584940+00:00
http://www.ufcstats.com/fighter-details/d945aae53e3e54e6,Thiago Moises,Thiago,Moises,"5' 9""",155 lbs.,"70""",Orthodox,"Mar 23, 1995",2.52,42%,4.40,52%,1.37,29%,52%,1.1,http://www.ufcstats.com/fighter-details/d945aae53e3e54e6,c51ba89947344bee9661ccd1c7c96d7a,2026-09-08 23:12:47.646899+00:00
http://www.ufcstats.com/fighter-details/04c8b08b16a5b99e,Tanner Boser,Tanner,Boser,"6' 2""",245 lbs.,"75""",Orthodox,"Aug 02, 1991",4.82,53%,3.00,57%,0.00,0%,69%,0.0,http://www.ufcstats.com/fighter-details/04c8b08b16a5b99e,c51ba89947344bee9661ccd1c7c96d7a,2026-09-08 23:12:50.413068+00:00
http://www.ufcstats.com/fighter-details/fa6796c55d6c5440,Curtis Blaydes,Curtis,Blaydes,"6' 4""",265 lbs.,"80""",Orthodox,"Feb 18, 1991",4.18,52%,2.76,53%,5.12,47%,35%,0.0,http://www.ufcstats.com/fighter-details/fa6796c55d6c5440,c51ba89947344bee9661ccd1c7c96d7a,2026-09-08 23:13:07.316726+00:00
http://www.ufcstats.com/fighter-details/2e19380f34871c6a,Dominick Reyes,Dominick,Reyes,"6' 4""",205 lbs.,"77""",Southpaw,"Dec 26, 1989",4.99,53%,3.40,49%,0.25,28%,82%,0.2,http://www.ufcstats.com/fighter-details/2e19380f34871c6a,c51ba89947344bee9661ccd1c7c96d7a,2026-09-08 23:13:08.846647+00:00
http://www.ufcstats.com/fighter-details/d247691a6c0e9034,Cub Swanson,Cub,Swanson,"5' 8""",145 lbs.,"70""",Orthodox,"Nov 02, 1983",4.84,51%,3.99,59%,1.00,50%,63%,0.4,http://www.ufcstats.com/fighter-details/d247691a6c0e9034,c51ba89947344bee9661ccd1c7c96d7a,2026-09-08 23:13:11.948013+00:00
http://www.ufcstats.com/fighter-details/583ee11abddfc581,Nate Landwehr,Nate,Landwehr,"5' 9""",155 lbs.,"72""",Orthodox,"Jun 06, 1988",5.55,45%,5.96,51%,0.73,41%,71%,0.7,http://www.ufcstats.com/fighter-details/583ee11abddfc581,c51ba89947344bee9661ccd1c7c96d7a,2026-09-08 23:13:13.451858+00:00
http://www.ufcstats.com/fighter-details/3a46b268013afede,Kevin Holland,Kevin,Holland,"6' 3""",170 lbs.,"81""",Orthodox,"Nov 05, 1992",4.24,49%,3.21,50%,0.79,36%,57%,0.6,http://www.ufcstats.com/fighter-details/3a46b268013afede,c51ba89947344bee9661ccd1c7c96d7a,2026-09-08 23:13:17.780836+00:00
http://www.ufcstats.com/fighter-details/c6aee362c7a7d482,Randy Brown,Randy,Brown,"6' 3""",170 lbs.,"78""",Orthodox,"Jul 08, 1990",4.39,47%,3.35,53%,0.71,34%,74%,0.5,http://www.ufcstats.com/fighter-details/c6aee362c7a7d482,c51ba89947344bee9661ccd1c7c96d7a,2026-09-08 23:13:19.400148+00:00
http://www.ufcstats.com/fighter-details/b08012bbe542592a,Tatiana Suarez,Tatiana,Suarez,"5' 5""",115 lbs.,"66""",Southpaw,"Dec 19, 1990",2.86,60%,1.63,44%,4.52,45%,57%,0.7,http://www.ufcstats.com/fighter-details/b08012bbe542592a,c51ba89947344bee9661ccd1c7c96d7a,2026-09-08 23:13:20.816209+00:00
http://www.ufcstats.com/fighter-details/8e5d953bdb9ae5e7,Loopy Godinez,Loopy,Godinez,"5' 2""",115 lbs.,"61""",Orthodox,"Sep 06, 1993",4.43,49%,3.94,62%,2.99,42%,76%,0.8,http://www.ufcstats.com/fighter-details/8e5d953bdb9ae5e7,c51ba89947344bee9661ccd1c7c96d7a,2026-09-08 23:13:22.252750+00:00
http://www.ufcstats.com/fighter-details/8c0580d4fff106c1,Kelvin Gastelum,Kelvin,Gastelum,"5' 9""",185 lbs.,"71""",Southpaw,"Oct 24, 1991",3.65,42%,3.52,57%,1.04,35%,60%,0.1,http://www.ufcstats.com/fighter-details/8c0580d4fff106c1,c51ba89947344bee9661ccd1c7c96d7a,2026-09-08 23:13:23.882194+00:00
http://www.ufcstats.com/fighter-details/b6452706b373eea1,Renato Moicano,Renato,Moicano,"5' 11""",155 lbs.,"72""",Orthodox,"May 21, 1989",4.10,49%,3.55,59%,1.68,40%,64%,0.6,http://www.ufcstats.com/fighter-details/b6452706b373eea1,c51ba89947344bee9661ccd1c7c96d7a,2026-09-08 23:13:28.220795+00:00
http://www.ufcstats.com/fighter-details/7dda2cf308f24a02,Virna Jandiroba,Virna,Jandiroba,"5' 3""",115 lbs.,"64""",Orthodox,"May 30, 1988",2.27,41%,2.86,55%,3.13,39%,72%,1.4,http://www.ufcstats.com/fighter-details/7dda2cf308f24a02,c51ba89947344bee9661ccd1c7c96d7a,2026-09-08 23:13:31.129736+00:00
http://www.ufcstats.com/fighter-details/f9b200db02b488d9,Lando Vannata,Lando,Vannata,"5' 9""",155 lbs.,"71""",Orthodox,"Mar 14, 1992",4.52,45%,4.71,54%,1.24,36%,66%,0.3,http://www.ufcstats.com/fighter-details/f9b200db02b488d9,c51ba89947344bee9661ccd1c7c96d7a,2026-09-08 23:13:39.162413+00:00
http://www.ufcstats.com/fighter-details/65db4065e2bc107d,Darrius Flowers,Darrius,Flowers,"5' 9""",155 lbs.,"71""",Orthodox,"Aug 25, 1994",3.16,48%,5.28,43%,1.92,45%,66%,0.4,http://www.ufcstats.com/fighter-details/65db4065e2bc107d,c51ba89947344bee9661ccd1c7c96d7a,2026-09-08 23:13:40.481041+00:00
http://www.ufcstats.com/fighter-details/1338e2c7480bdf9e,Israel Adesanya,Israel,Adesanya,"6' 4""",185 lbs.,"80""",Switch,"Jul 22, 1989",4.03,48%,3.22,55%,0.05,9%,76%,0.1,http://www.ufcstats.com/fighter-details/1338e2c7480bdf9e,c51ba89947344bee9661ccd1c7c96d7a,2026-09-08 23:13:47.221802+00:00
http://www.ufcstats.com/fighter-details/c58f51dedb310998,Michael Chiesa,Michael,Chiesa,"6' 1""",170 lbs.,"75""",Southpaw,"Dec 07, 1987",2.02,40%,1.73,57%,3.11,47%,65%,1.0,http://www.ufcstats.com/fighter-details/c58f51dedb310998,c51ba89947344bee9661ccd1c7c96d7a,2026-09-08 23:13:53.280016+00:00
http://www.ufcstats.com/fighter-details/d8da10db80131bec,Niko Price,Niko,Price,"6' 0""",170 lbs.,"76""",Orthodox,"Sep 29, 1989",5.11,43%,5.57,48%,1.06,30%,50%,0.6,http://www.ufcstats.com/fighter-details/d8da10db80131bec,c51ba89947344bee9661ccd1c7c96d7a,2026-09-08 23:13:54.738864+00:00
http://www.ufcstats.com/fighter-details/902ec2cc48c8ae8a,Julian Erosa,Julian,Erosa,"6' 1""",145 lbs.,"74""",Southpaw,"Jul 31, 1989",6.18,48%,6.31,48%,1.73,43%,61%,0.7,http://www.ufcstats.com/fighter-details/902ec2cc48c8ae8a,c51ba89947344bee9661ccd1c7c96d7a,2026-09-08 23:13:56.157262+00:00
http://www.ufcstats.com/fighter-details/07bc580bdf3eb9c8,Lance Gibson Jr.,Lance,Gibson Jr.,"5' 9""",155 lbs.,"72""",Switch,"Feb 02, 1995",2.40,45%,4.24,56%,1.67,66%,75%,0.0,http://www.ufcstats.com/fighter-details/07bc580bdf3eb9c8,c51ba89947344bee9661ccd1c7c96d7a,2026-09-08 23:14:02.168072+00:00
http://www.ufcstats.com/fighter-details/396fe87b84ac2e1c,Lerone Murphy,Lerone,Murphy,"5' 9""",145 lbs.,"73""",Orthodox,"Jul 22, 1991",4.34,51%,2.65,60%,1.20,54%,44%,0.5,http://www.ufcstats.com/fighter-details/396fe87b84ac2e1c,c51ba89947344bee9661ccd1c7c96d7a,2026-09-08 23:14:10.485533+00:00
http://www.ufcstats.com/fighter-details/fba03cd6cc28dc41,Josh Emmett,Josh,Emmett,"5' 6""",145 lbs.,"70""",Orthodox,"Mar 04, 1985",3.67,35%,4.52,59%,1.07,36%,43%,0.1,http://www.ufcstats.com/fighter-details/fba03cd6cc28dc41,c51ba89947344bee9661ccd1c7c96d7a,2026-09-08 23:14:20.399249+00:00
http://www.ufcstats.com/fighter-details/0c6d9ea8306c029e,Brad Tavares,Brad,Tavares,"6' 1""",185 lbs.,"74""",Orthodox,"Dec 21, 1987",3.41,43%,3.32,54%,0.70,26%,80%,0.0,http://www.ufcstats.com/fighter-details/0c6d9ea8306c029e,c51ba89947344bee9661ccd1c7c96d7a,2026-09-08 23:14:30.561658+00:00
http://www.ufcstats.com/fighter-details/cad24459b28592ca,Eryk Anders,Eryk,Anders,"6' 1""",185 lbs.,"75""",Southpaw,"Apr 21, 1987",3.44,47%,4.03,50%,1.83,25%,80%,0.1,http://www.ufcstats.com/fighter-details/cad24459b28592ca,c51ba89947344bee9661ccd1c7c96d7a,2026-09-08 23:14:32.067081+00:00
http://www.ufcstats.com/fighter-details/07225ba28ae309b6,Charles Oliveira,Charles,Oliveira,"5' 10""",155 lbs.,"74""",Orthodox,"Oct 17, 1989",3.23,55%,3.05,48%,2.29,39%,54%,2.6,http://www.ufcstats.com/fighter-details/07225ba28ae309b6,c51ba89947344bee9661ccd1c7c96d7a,2026-09-08 23:14:40.639768+00:00
http://www.ufcstats.com/fighter-details/519e4fe37ce9ff75,Drew Dober,Drew,Dober,"5' 8""",155 lbs.,"70""",Southpaw,"Oct 19, 1988",4.48,41%,4.33,53%,0.61,16%,58%,0.1,http://www.ufcstats.com/fighter-details/519e4fe37ce9ff75,c51ba89947344bee9661ccd1c7c96d7a,2026-09-08 23:14:46.768498+00:00
http://www.ufcstats.com/fighter-details/511e82663651438d,Michael Johnson,Michael,Johnson,"5' 10""",155 lbs.,"73""",Southpaw,"Jun 04, 1986",4.27,39%,3.78,58%,0.57,38%,81%,0.0,http://www.ufcstats.com/fighter-details/511e82663651438d,c51ba89947344bee9661ccd1c7c96d7a,2026-09-08 23:14:48.097696+00:00
http://www.ufcstats.com/fighter-details/7c7332319c14094c,Marlon Vera,Marlon,Vera,"5' 8""",135 lbs.,"70""",Switch,"Dec 02, 1992",4.18,47%,5.34,50%,0.47,39%,71%,0.8,http://www.ufcstats.com/fighter-details/7c7332319c14094c,c51ba89947344bee9661ccd1c7c96d7a,2026-09-08 23:14:57.605672+00:00
http://www.ufcstats.com/fighter-details/4148802ae4a50768,Daniel Zellhuber,Daniel,Zellhuber,"6' 1""",155 lbs.,"77""",Switch,"Jul 07, 1999",5.45,38%,6.17,54%,0.14,25%,81%,0.3,http://www.ufcstats.com/fighter-details/4148802ae4a50768,c51ba89947344bee9661ccd1c7c96d7a,2026-09-08 23:15:00.328974+00:00
http://www.ufcstats.com/fighter-details/b997be68943010fc,Geoff Neal,Geoff,Neal,"5' 11""",170 lbs.,"75""",Southpaw,"Aug 28, 1990",5.02,50%,5.50,57%,0.54,45%,87%,0.1,http://www.ufcstats.com/fighter-details/b997be68943010fc,c51ba89947344bee9661ccd1c7c96d7a,2026-09-08 23:15:19.098038+00:00
http://www.ufcstats.com/fighter-details/82a5152216251682,Dan Ige,Dan,Ige,"5' 7""",135 lbs.,"71""",Orthodox,"Aug 06, 1991",3.60,45%,3.56,56%,0.93,26%,56%,0.2,http://www.ufcstats.com/fighter-details/82a5152216251682,c51ba89947344bee9661ccd1c7c96d7a,2026-09-08 23:15:20.565778+00:00
http://www.ufcstats.com/fighter-details/8e382b585a92affe,Phil Rowe,Phil,Rowe,"6' 3""",170 lbs.,"80""",Orthodox,"Jul 18, 1990",3.51,49%,4.15,50%,0.46,36%,53%,0.2,http://www.ufcstats.com/fighter-details/8e382b585a92affe,c51ba89947344bee9661ccd1c7c96d7a,2026-09-08 23:15:30.230995+00:00
http://www.ufcstats.com/fighter-details/41e83a89929d1327,Jailton Almeida,Jailton,Almeida,"6' 3""",225 lbs.,"79""",Orthodox,"Jun 26, 1991",2.23,62%,1.30,43%,5.64,55%,60%,1.7,http://www.ufcstats.com/fighter-details/41e83a89929d1327,c51ba89947344bee9661ccd1c7c96d7a,2026-09-08 23:15:33.117659+00:00
http://www.ufcstats.com/fighter-details/cdb96af67d096b1e,Alex Morono,Alex,Morono,"5' 11""",170 lbs.,"72""",Orthodox,"Aug 16, 1990",4.90,39%,4.88,55%,0.32,24%,47%,0.3,http://www.ufcstats.com/fighter-details/cdb96af67d096b1e,c51ba89947344bee9661ccd1c7c96d7a,2026-09-08 23:15:36.421788+00:00
http://www.ufcstats.com/fighter-details/e1248941344b3288,Alexander Volkanovski,Alexander,Volkanovski,"5' 6""",145 lbs.,"71""",Orthodox,"Sep 29, 1988",5.99,57%,3.31,58%,1.63,34%,68%,0.2,http://www.ufcstats.com/fighter-details/e1248941344b3288,c51ba89947344bee9661ccd1c7c96d7a,2026-09-08 23:15:43.442983+00:00
http://www.ufcstats.com/fighter-details/af9f42e6894047fc,Jamie Mullarkey,Jamie,Mullarkey,"6' 0""",155 lbs.,"74""",Orthodox,"Aug 17, 1994",4.10,46%,4.28,54%,2.46,30%,70%,0.1,http://www.ufcstats.com/fighter-details/af9f42e6894047fc,c51ba89947344bee9661ccd1c7c96d7a,2026-09-08 23:15:45.210107+00:00
http://www.ufcstats.com/fighter-details/262d32ebda89efc4,Natalia Silva,Natalia,Silva,"5' 4""",125 lbs.,"65""",Southpaw,"Feb 03, 1997",4.81,45%,2.36,66%,0.43,30%,90%,0.0,http://www.ufcstats.com/fighter-details/262d32ebda89efc4,c51ba89947344bee9661ccd1c7c96d7a,2026-09-08 23:15:56.272709+00:00
http://www.ufcstats.com/fighter-details/47b63240018d5d86,Rose Namajunas,Rose,Namajunas,"5' 5""",125 lbs.,"65""",Orthodox,"Jun 29, 1992",3.50,41%,3.38,63%,1.47,48%,62%,0.3,http://www.ufcstats.com/fighter-details/47b63240018d5d86,c51ba89947344bee9661ccd1c7c96d7a,2026-09-08 23:15:57.821223+00:00
http://www.ufcstats.com/fighter-details/52ef95b5860fb28c,Jean Silva,Jean,Silva,"5' 7""",145 lbs.,"69""",Orthodox,"Dec 13, 1996",4.82,51%,4.50,53%,1.20,60%,78%,0.6,http://www.ufcstats.com/fighter-details/52ef95b5860fb28c,c51ba89947344bee9661ccd1c7c96d7a,2026-09-08 23:15:59.223454+00:00
http://www.ufcstats.com/fighter-details/9560ff14eb3129f7,Giga Chikadze,Giga,Chikadze,"6' 0""",145 lbs.,"74""",Orthodox,"Aug 25, 1988",3.75,42%,3.47,59%,0.18,33%,65%,0.2,http://www.ufcstats.com/fighter-details/9560ff14eb3129f7,c51ba89947344bee9661ccd1c7c96d7a,2026-09-08 23:16:03.758486+00:00
http://www.ufcstats.com/fighter-details/7acbb0972e75281a,Marvin Vettori,Marvin,Vettori,"6' 0""",185 lbs.,"74""",Southpaw,"Sep 20, 1993",4.74,45%,4.55,56%,1.41,43%,68%,0.4,http://www.ufcstats.com/fighter-details/7acbb0972e75281a,c51ba89947344bee9661ccd1c7c96d7a,2026-09-08 23:16:19.827656+00:00
http://www.ufcstats.com/fighter-details/eae48ff31db420c2,Arman Tsarukyan,Arman,Tsarukyan,"5' 7""",155 lbs.,"72""",Orthodox,"Oct 11, 1996",3.85,50%,1.80,54%,3.26,37%,75%,0.1,http://www.ufcstats.com/fighter-details/eae48ff31db420c2,c51ba89947344bee9661ccd1c7c96d7a,2026-09-08 23:16:24.133376+00:00
http://www.ufcstats.com/fighter-details/0845c81e37d3bcb3,Volkan Oezdemir,Volkan,Oezdemir,"6' 2""",205 lbs.,"75""",Orthodox,"Sep 19, 1989",4.99,48%,4.19,55%,0.50,29%,80%,0.1,http://www.ufcstats.com/fighter-details/0845c81e37d3bcb3,c51ba89947344bee9661ccd1c7c96d7a,2026-09-08 23:16:25.553603+00:00
http://www.ufcstats.com/fighter-details/9d19d9e4aa2662e8,Nicolas Dalby,Nicolas,Dalby,"5' 11""",170 lbs.,"74""",Orthodox,"Nov 16, 1984",3.88,43%,3.51,52%,0.90,26%,59%,0.1,http://www.ufcstats.com/fighter-details/9d19d9e4aa2662e8,c51ba89947344bee9661ccd1c7c96d7a,2026-09-08 23:16:29.810678+00:00
http://www.ufcstats.com/fighter-details/132deb59abae64b1,Valentina Shevchenko,Valentina,Shevchenko,"5' 5""",125 lbs.,"66""",Southpaw,"Mar 07, 1988",3.04,52%,2.00,63%,2.65,61%,76%,0.3,http://www.ufcstats.com/fighter-details/132deb59abae64b1,c51ba89947344bee9661ccd1c7c96d7a,2026-09-08 23:16:38.067140+00:00
http://www.ufcstats.com/fighter-details/1ebe20ebbfa15e29,Zhang Weili,Zhang,Weili,"5' 4""",115 lbs.,"63""",Switch,"Aug 13, 1989",4.66,52%,2.63,53%,1.96,44%,63%,0.5,http://www.ufcstats.com/fighter-details/1ebe20ebbfa15e29,c51ba89947344bee9661ccd1c7c96d7a,2026-09-08 23:16:39.273445+00:00
http://www.ufcstats.com/fighter-details/c32aeb1a59e6272d,Michael Morales,Michael,Morales,"6' 0""",170 lbs.,"79""",Orthodox,"Jun 24, 1999",5.68,49%,3.26,53%,1.04,41%,89%,0.0,http://www.ufcstats.com/fighter-details/c32aeb1a59e6272d,c51ba89947344bee9661ccd1c7c96d7a,2026-09-08 23:16:40.596098+00:00
http://www.ufcstats.com/fighter-details/f1fac969a1d70b08,Leon Edwards,Leon,Edwards,"6' 2""",170 lbs.,"74""",Southpaw,"Aug 25, 1991",2.60,54%,2.44,52%,1.25,37%,63%,0.4,http://www.ufcstats.com/fighter-details/f1fac969a1d70b08,c51ba89947344bee9661ccd1c7c96d7a,2026-09-08 23:16:42.146843+00:00
http://www.ufcstats.com/fighter-details/669970f7feba8ecd,Erin Blanchfield,Erin,Blanchfield,"5' 4""",125 lbs.,"66""",Orthodox,"May 04, 1999",5.24,44%,4.25,58%,1.96,34%,78%,0.9,http://www.ufcstats.com/fighter-details/669970f7feba8ecd,c51ba89947344bee9661ccd1c7c96d7a,2026-09-08 23:16:43.631173+00:00
http://www.ufcstats.com/fighter-details/31ef8b67e13495b3,Tecia Pennington,Tecia,Pennington,"5' 1""",115 lbs.,"60""",Orthodox,"Aug 16, 1989",4.73,48%,3.48,61%,0.56,14%,62%,0.1,http://www.ufcstats.com/fighter-details/31ef8b67e13495b3,c51ba89947344bee9661ccd1c7c96d7a,2026-09-08 23:16:52.358370+00:00
http://www.ufcstats.com/fighter-details/399afbabc02376b5,Tom Aspinall,Tom,Aspinall,"6' 5""",255 lbs.,"78""",Orthodox,"Apr 11, 1993",7.63,67%,3.62,56%,2.62,80%,100%,1.3,http://www.ufcstats.com/fighter-details/399afbabc02376b5,c51ba89947344bee9661ccd1c7c96d7a,2026-09-08 23:17:03.847141+00:00
http://www.ufcstats.com/fighter-details/285ae0b4a68221f4,JunYong Park,JunYong,Park,"5' 10""",185 lbs.,"73""",Orthodox,"Feb 27, 1991",4.64,51%,3.82,51%,1.69,42%,54%,0.8,http://www.ufcstats.com/fighter-details/285ae0b4a68221f4,c51ba89947344bee9661ccd1c7c96d7a,2026-09-08 23:17:05.193372+00:00
http://www.ufcstats.com/fighter-details/dccb63727f2f5f74,Matt Frevola,Matt,Frevola,"5' 9""",155 lbs.,"71""",Orthodox,"Jun 11, 1990",3.30,39%,3.76,56%,2.34,41%,40%,0.8,http://www.ufcstats.com/fighter-details/dccb63727f2f5f74,c51ba89947344bee9661ccd1c7c96d7a,2026-09-08 23:17:13.802903+00:00
http://www.ufcstats.com/fighter-details/d7c3816669784109,Karolina Kowalkiewicz,Karolina,Kowalkiewicz,"5' 3""",115 lbs.,"64""",Orthodox,"Oct 15, 1985",5.54,42%,5.77,56%,0.36,23%,74%,0.2,http://www.ufcstats.com/fighter-details/d7c3816669784109,c51ba89947344bee9661ccd1c7c96d7a,2026-09-08 23:17:26.307922+00:00
http://www.ufcstats.com/fighter-details/45f0cc9d18f35137,Chris Gutierrez,Chris,Gutierrez,"5' 9""",135 lbs.,"67""",Orthodox,"Apr 22, 1991",4.40,57%,2.65,63%,0.30,30%,67%,0.1,http://www.ufcstats.com/fighter-details/45f0cc9d18f35137,c51ba89947344bee9661ccd1c7c96d7a,2026-09-08 23:17:37.646486+00:00
http://www.ufcstats.com/fighter-details/d747eb273a40a920,Claudio Puelles,Claudio,Puelles,"5' 10""",155 lbs.,"72""",Southpaw,"Apr 21, 1996",1.54,46%,2.62,48%,3.29,33%,60%,1.0,http://www.ufcstats.com/fighter-details/d747eb273a40a920,c51ba89947344bee9661ccd1c7c96d7a,2026-09-08 23:17:53.579704+00:00
http://www.ufcstats.com/fighter-details/ae7fe94f117f98cf,Joaquim Silva,Joaquim,Silva,"5' 8""",155 lbs.,"69""",Southpaw,"Feb 05, 1989",3.43,43%,4.17,53%,0.34,50%,70%,0.8,http://www.ufcstats.com/fighter-details/ae7fe94f117f98cf,c51ba89947344bee9661ccd1c7c96d7a,2026-09-08 23:17:54.944586+00:00
http://www.ufcstats.com/fighter-details/def8166ff24bd237,Brian Ortega,Brian,Ortega,"5' 8""",155 lbs.,"69""",Switch,"Feb 21, 1991",3.84,37%,6.38,49%,0.93,25%,54%,0.9,http://www.ufcstats.com/fighter-details/def8166ff24bd237,c51ba89947344bee9661ccd1c7c96d7a,2026-09-08 23:18:07.136779+00:00
http://www.ufcstats.com/fighter-details/6a1901c62ab3870f,Jessica Andrade,Jessica,Andrade,"5' 1""",115 lbs.,"62""",Orthodox,"Sep 25, 1991",6.37,48%,5.58,54%,2.10,54%,75%,0.3,http://www.ufcstats.com/fighter-details/6a1901c62ab3870f,c51ba89947344bee9661ccd1c7c96d7a,2026-09-08 23:18:18.449621+00:00
http://www.ufcstats.com/fighter-details/7cbf7c78d3b34218,Drakkar Klose,Drakkar,Klose,"5' 9""",155 lbs.,"70""",Orthodox,"Mar 09, 1988",4.25,55%,3.65,49%,1.49,26%,69%,0.0,http://www.ufcstats.com/fighter-details/7cbf7c78d3b34218,c51ba89947344bee9661ccd1c7c96d7a,2026-09-08 23:18:19.672022+00:00
http://www.ufcstats.com/fighter-details/abcf2cc6efc42031,Iasmin Lucindo,Iasmin,Lucindo,"5' 3""",115 lbs.,"66""",Orthodox,"Jan 08, 2002",3.22,45%,2.80,62%,2.28,55%,68%,0.1,http://www.ufcstats.com/fighter-details/abcf2cc6efc42031,c51ba89947344bee9661ccd1c7c96d7a,2026-09-08 23:18:21.052420+00:00
http://www.ufcstats.com/fighter-details/8adcbd525fab8d9b,Elizeu Zaleski dos Santos,Elizeu,Zaleski dos Santos,"5' 11""",170 lbs.,"73""",Orthodox,"Dec 11, 1986",4.16,41%,3.56,55%,0.79,20%,67%,0.4,http://www.ufcstats.com/fighter-details/8adcbd525fab8d9b,c51ba89947344bee9661ccd1c7c96d7a,2026-09-08 23:18:26.896930+00:00
http://www.ufcstats.com/fighter-details/8eb046f83e82bf26,Martin Buday,Martin,Buday,"6' 4""",265 lbs.,"77""",Orthodox,"Nov 11, 1991",4.39,53%,4.49,55%,0.15,20%,93%,0.1,http://www.ufcstats.com/fighter-details/8eb046f83e82bf26,c51ba89947344bee9661ccd1c7c96d7a,2026-09-08 23:18:39.650960+00:00
http://www.ufcstats.com/fighter-details/029eaff01e6bb8f0,Dustin Poirier,Dustin,Poirier,"5' 9""",155 lbs.,"72""",Southpaw,"Jan 19, 1989",5.24,50%,4.57,52%,1.15,35%,64%,1.2,http://www.ufcstats.com/fighter-details/029eaff01e6bb8f0,c51ba89947344bee9661ccd1c7c96d7a,2026-09-08 23:18:40.995087+00:00
http://www.ufcstats.com/fighter-details/4a28cb716c19157a,Stephen Thompson,Stephen,Thompson,"6' 0""",170 lbs.,"75""",Orthodox,"Feb 11, 1983",4.05,46%,3.00,54%,0.23,35%,63%,0.0,http://www.ufcstats.com/fighter-details/4a28cb716c19157a,c51ba89947344bee9661ccd1c7c96d7a,2026-09-08 23:18:46.958387+00:00
http://www.ufcstats.com/fighter-details/751de04455cfaac0,Calvin Kattar,Calvin,Kattar,"5' 11""",145 lbs.,"72""",Orthodox,"Mar 26, 1988",4.41,37%,6.55,54%,0.34,29%,77%,0.1,http://www.ufcstats.com/fighter-details/751de04455cfaac0,c51ba89947344bee9661ccd1c7c96d7a,2026-09-08 23:18:48.409424+00:00
http://www.ufcstats.com/fighter-details/729d4bd5a6cd0a97,Lauren Murphy,Lauren,Murphy,"5' 5""",125 lbs.,"67""",Orthodox,"Jul 27, 1983",3.94,38%,5.19,56%,1.09,24%,67%,0.2,http://www.ufcstats.com/fighter-details/729d4bd5a6cd0a97,c51ba89947344bee9661ccd1c7c96d7a,2026-09-08 23:18:49.973840+00:00
http://www.ufcstats.com/fighter-details/5444c5a201d3ee5a,Jamahal Hill,Jamahal,Hill,"6' 4""",205 lbs.,"79""",Southpaw,"May 19, 1991",6.19,51%,4.03,44%,0.00,0%,73%,0.0,http://www.ufcstats.com/fighter-details/5444c5a201d3ee5a,c51ba89947344bee9661ccd1c7c96d7a,2026-09-08 23:18:55.770999+00:00
http://www.ufcstats.com/fighter-details/37f560436d745c18,Nikolas Motta,Nikolas,Motta,"5' 9""",155 lbs.,"70""",Orthodox,"Feb 08, 1993",4.13,38%,5.28,52%,0.00,0%,83%,0.0,http://www.ufcstats.com/fighter-details/37f560436d745c18,c51ba89947344bee9661ccd1c7c96d7a,2026-09-08 23:18:57.207286+00:00
http://www.ufcstats.com/fighter-details/523fa774700d7d3f,Court McGee,Court,McGee,"5' 11""",170 lbs.,"75""",Orthodox,"Dec 12, 1984",4.50,36%,3.65,60%,1.78,24%,70%,0.5,http://www.ufcstats.com/fighter-details/523fa774700d7d3f,c51ba89947344bee9661ccd1c7c96d7a,2026-09-08 23:19:01.823640+00:00
http://www.ufcstats.com/fighter-details/94426bb170c88115,Sodiq Yusuff,Sodiq,Yusuff,"5' 9""",155 lbs.,"71""",Orthodox,"May 19, 1993",5.27,49%,4.29,53%,0.36,23%,62%,0.4,http://www.ufcstats.com/fighter-details/94426bb170c88115,c51ba89947344bee9661ccd1c7c96d7a,2026-09-08 23:19:17.044585+00:00
http://www.ufcstats.com/fighter-details/a3a542074109b347,Luana Pinheiro,Luana,Pinheiro,"5' 2""",115 lbs.,"62""",Orthodox,"Nov 18, 1992",3.29,39%,4.06,60%,2.33,37%,71%,0.2,http://www.ufcstats.com/fighter-details/a3a542074109b347,c51ba89947344bee9661ccd1c7c96d7a,2026-09-08 23:19:24.134185+00:00
http://www.ufcstats.com/fighter-details/d0f3959b4a9747e6,Jose Aldo,Jose,Aldo,"5' 7""",135 lbs.,"70""",Orthodox,"Sep 09, 1986",3.65,46%,3.81,60%,0.47,51%,92%,0.1,http://www.ufcstats.com/fighter-details/d0f3959b4a9747e6,c51ba89947344bee9661ccd1c7c96d7a,2026-09-08 23:19:25.811200+00:00
http://www.ufcstats.com/fighter-details/12ebd7d157e91701,Bruno Silva,Bruno,Silva,"6' 0""",185 lbs.,"74""",Orthodox,"Jul 13, 1989",3.86,48%,5.35,41%,0.77,22%,74%,0.0,http://www.ufcstats.com/fighter-details/12ebd7d157e91701,c51ba89947344bee9661ccd1c7c96d7a,2026-09-08 23:19:27.247945+00:00
http://www.ufcstats.com/fighter-details/cd2c4d30c6e13b47,Marina Rodriguez,Marina,Rodriguez,"5' 6""",115 lbs.,"65""",Orthodox,"Apr 29, 1987",4.51,46%,3.01,55%,0.27,50%,61%,0.3,http://www.ufcstats.com/fighter-details/cd2c4d30c6e13b47,c51ba89947344bee9661ccd1c7c96d7a,2026-09-08 23:19:34.531493+00:00
http://www.ufcstats.com/fighter-details/1a9480fc288e55d7,Don'Tale Mayes,Don'Tale,Mayes,"6' 6""",260 lbs.,"81""",Orthodox,"Jan 16, 1992",3.22,43%,3.61,46%,0.59,38%,46%,0.0,http://www.ufcstats.com/fighter-details/1a9480fc288e55d7,c51ba89947344bee9661ccd1c7c96d7a,2026-09-08 23:19:35.926872+00:00
http://www.ufcstats.com/fighter-details/cbf5e6f231b55443,Yair Rodriguez,Yair,Rodriguez,"5' 11""",145 lbs.,"71""",Orthodox,"Oct 06, 1992",4.65,46%,3.78,52%,0.71,29%,59%,0.6,http://www.ufcstats.com/fighter-details/cbf5e6f231b55443,c51ba89947344bee9661ccd1c7c96d7a,2026-09-08 23:19:47.990166+00:00
http://www.ufcstats.com/fighter-details/c77a953488e5607d,Vinc Pichel,Vinc,Pichel,"5' 10""",155 lbs.,"72""",Orthodox,"Nov 23, 1982",3.78,46%,3.17,54%,2.50,51%,31%,0.2,http://www.ufcstats.com/fighter-details/c77a953488e5607d,c51ba89947344bee9661ccd1c7c96d7a,2026-09-08 23:19:59.353205+00:00
http://www.ufcstats.com/fighter-details/fd55393021a8c255,Gunnar Nelson,Gunnar,Nelson,"5' 11""",170 lbs.,"72""",Switch,"Jul 28, 1988",1.77,61%,3.06,48%,2.00,52%,68%,1.0,http://www.ufcstats.com/fighter-details/fd55393021a8c255,c51ba89947344bee9661ccd1c7c96d7a,2026-09-08 23:20:02.947251+00:00
http://www.ufcstats.com/fighter-details/a68575214ecad140,SeungWoo Choi,SeungWoo,Choi,"6' 0""",145 lbs.,"74""",Orthodox,"Nov 03, 1992",3.56,38%,3.16,47%,0.83,54%,70%,0.0,http://www.ufcstats.com/fighter-details/a68575214ecad140,c51ba89947344bee9661ccd1c7c96d7a,2026-09-08 23:20:14.521089+00:00
http://www.ufcstats.com/fighter-details/2cd428e9606856fd,Jairzinho Rozenstruik,Jairzinho,Rozenstruik,"6' 2""",242 lbs.,"78""",Orthodox,"Mar 17, 1988",3.48,48%,2.63,52%,0.00,0%,72%,0.0,http://www.ufcstats.com/fighter-details/2cd428e9606856fd,c51ba89947344bee9661ccd1c7c96d7a,2026-09-08 23:20:33.358551+00:00
http://www.ufcstats.com/fighter-details/af65aa688d13eedf,Joe Solecki,Joe,Solecki,"5' 9""",155 lbs.,"70""",Orthodox,"Aug 27, 1993",1.97,53%,1.85,50%,2.06,48%,14%,1.4,http://www.ufcstats.com/fighter-details/af65aa688d13eedf,c51ba89947344bee9661ccd1c7c96d7a,2026-09-08 23:20:49.857534+00:00
http://www.ufcstats.com/fighter-details/dc9572dd6ec74859,Colby Covington,Colby,Covington,"5' 11""",170 lbs.,"72""",Orthodox,"Feb 22, 1988",3.81,38%,3.09,54%,3.64,42%,68%,0.2,http://www.ufcstats.com/fighter-details/dc9572dd6ec74859,c51ba89947344bee9661ccd1c7c96d7a,2026-09-08 23:20:51.994307+00:00
http://www.ufcstats.com/fighter-details/ee18ff42063174df,Ottman Azaitar,Ottman,Azaitar,"5' 8""",155 lbs.,"71""",Switch,"Feb 20, 1990",4.43,44%,4.11,52%,0.00,0%,100%,0.0,http://www.ufcstats.com/fighter-details/ee18ff42063174df,c51ba89947344bee9661ccd1c7c96d7a,2026-09-08 23:20:53.341001+00:00
http://www.ufcstats.com/fighter-details/01afe0916a40c7c5,Shavkat Rakhmonov,Shavkat,Rakhmonov,"6' 1""",170 lbs.,"77""",Orthodox,"Oct 23, 1994",3.25,60%,2.17,51%,1.40,25%,85%,1.2,http://www.ufcstats.com/fighter-details/01afe0916a40c7c5,c51ba89947344bee9661ccd1c7c96d7a,2026-09-08 23:20:58.340925+00:00
http://www.ufcstats.com/fighter-details/242d36d241b43c12,Kron Gracie,Kron,Gracie,"5' 9""",145 lbs.,"70""",Southpaw,"Jul 11, 1988",2.95,42%,5.73,51%,0.35,25%,0%,0.7,http://www.ufcstats.com/fighter-details/242d36d241b43c12,c51ba89947344bee9661ccd1c7c96d7a,2026-09-08 23:20:59.730304+00:00
http://www.ufcstats.com/fighter-details/3a8176e15b9887c1,Chris Weidman,Chris,Weidman,"6' 2""",185 lbs.,"78""",Orthodox,"Jun 17, 1984",3.11,45%,3.37,51%,3.27,42%,72%,0.8,http://www.ufcstats.com/fighter-details/3a8176e15b9887c1,c51ba89947344bee9661ccd1c7c96d7a,2026-09-08 23:21:04.300556+00:00
http://www.ufcstats.com/fighter-details/c47df9303d318c67,Clay Guida,Clay,Guida,"5' 7""",155 lbs.,"70""",Orthodox,"Dec 08, 1981",2.63,33%,3.00,61%,3.10,35%,66%,0.6,http://www.ufcstats.com/fighter-details/c47df9303d318c67,c51ba89947344bee9661ccd1c7c96d7a,2026-09-08 23:21:05.940500+00:00
http://www.ufcstats.com/fighter-details/07f72a2a7591b409,Jon Jones,Jon,Jones,"6' 4""",248 lbs.,"84""",Orthodox,"Jul 19, 1987",4.38,58%,2.24,64%,1.89,45%,95%,0.5,http://www.ufcstats.com/fighter-details/07f72a2a7591b409,c51ba89947344bee9661ccd1c7c96d7a,2026-09-08 23:21:15.646617+00:00
http://www.ufcstats.com/fighter-details/d28dee5c705991df,Stipe Miocic,Stipe,Miocic,"6' 4""",240 lbs.,"80""",Orthodox,"Aug 19, 1982",4.67,52%,4.01,52%,1.74,34%,65%,0.0,http://www.ufcstats.com/fighter-details/d28dee5c705991df,c51ba89947344bee9661ccd1c7c96d7a,2026-09-08 23:21:17.366952+00:00
http://www.ufcstats.com/fighter-details/29af297d9f1de0f8,Damon Jackson,Damon,Jackson,"5' 11""",155 lbs.,"71""",Switch,"Aug 08, 1988",2.96,42%,3.47,49%,2.30,32%,37%,1.2,http://www.ufcstats.com/fighter-details/29af297d9f1de0f8,c51ba89947344bee9661ccd1c7c96d7a,2026-09-08 23:21:21.348055+00:00
http://www.ufcstats.com/fighter-details/9e50097a89442158,Mickey Gall,Mickey,Gall,"6' 2""",170 lbs.,"74""",Switch,"Jan 22, 1992",3.50,49%,4.72,49%,1.15,32%,37%,1.6,http://www.ufcstats.com/fighter-details/9e50097a89442158,c51ba89947344bee9661ccd1c7c96d7a,2026-09-08 23:21:22.682412+00:00
http://www.ufcstats.com/fighter-details/6bd02119599741a4,Pedro Munhoz,Pedro,Munhoz,"5' 6""",135 lbs.,"65""",Orthodox,"Sep 07, 1986",5.38,41%,6.29,55%,0.48,16%,82%,0.5,http://www.ufcstats.com/fighter-details/6bd02119599741a4,c51ba89947344bee9661ccd1c7c96d7a,2026-09-08 23:21:32.955022+00:00
http://www.ufcstats.com/fighter-details/d31a5546c0e9b213,Rodrigo Nascimento,Rodrigo,Nascimento,"6' 2""",246 lbs.,"80""",Orthodox,"Nov 26, 1992",3.71,47%,4.34,44%,1.02,37%,60%,0.5,http://www.ufcstats.com/fighter-details/d31a5546c0e9b213,c51ba89947344bee9661ccd1c7c96d7a,2026-09-08 23:21:38.063679+00:00
http://www.ufcstats.com/fighter-details/6a2f7c151031653d,Rafael Dos Anjos,Rafael,Dos Anjos,"5' 8""",155 lbs.,"70""",Southpaw,"Oct 26, 1984",3.48,47%,3.23,60%,1.95,35%,54%,0.6,http://www.ufcstats.com/fighter-details/6a2f7c151031653d,c51ba89947344bee9661ccd1c7c96d7a,2026-09-08 23:21:42.657272+00:00
http://www.ufcstats.com/fighter-details/361d49960a196976,Daniel Pineda,Daniel,Pineda,"5' 7""",145 lbs.,"69""",Orthodox,"Aug 06, 1985",2.85,49%,3.26,45%,1.42,24%,54%,1.5,http://www.ufcstats.com/fighter-details/361d49960a196976,c51ba89947344bee9661ccd1c7c96d7a,2026-09-08 23:21:46.990706+00:00
http://www.ufcstats.com/fighter-details/c742287ed86a09bc,Jessica Penne,Jessica,Penne,"5' 5""",115 lbs.,"67""",Orthodox,"Jan 30, 1983",2.63,33%,5.05,45%,1.29,18%,36%,0.5,http://www.ufcstats.com/fighter-details/c742287ed86a09bc,c51ba89947344bee9661ccd1c7c96d7a,2026-09-08 23:21:51.289013+00:00
http://www.ufcstats.com/fighter-details/87c0b1c696ddfb43,Jonathan Pearce,Jonathan,Pearce,"6' 0""",145 lbs.,"71""",Switch,"May 01, 1992",5.12,54%,3.32,54%,5.02,50%,55%,0.8,http://www.ufcstats.com/fighter-details/87c0b1c696ddfb43,c51ba89947344bee9661ccd1c7c96d7a,2026-09-08 23:21:55.395283+00:00
http://www.ufcstats.com/fighter-details/fc169c387b4b465d,Raquel Pennington,Raquel,Pennington,"5' 7""",135 lbs.,"67""",Orthodox,"Sep 05, 1988",4.10,49%,3.32,61%,0.83,27%,62%,0.6,http://www.ufcstats.com/fighter-details/fc169c387b4b465d,c51ba89947344bee9661ccd1c7c96d7a,2026-09-08 23:21:59.676749+00:00
http://www.ufcstats.com/fighter-details/50db8711c70196cd,Ovince Saint Preux,Ovince,Saint Preux,"6' 3""",205 lbs.,"80""",Southpaw,"Apr 08, 1983",3.03,47%,3.33,47%,1.09,36%,67%,0.5,http://www.ufcstats.com/fighter-details/50db8711c70196cd,c51ba89947344bee9661ccd1c7c96d7a,2026-09-08 23:22:01.867112+00:00
http://www.ufcstats.com/fighter-details/4b47e71384a9522f,Tim Means,Tim,Means,"6' 2""",170 lbs.,"75""",Orthodox,"Feb 20, 1984",5.04,49%,3.65,60%,1.14,40%,64%,0.2,http://www.ufcstats.com/fighter-details/4b47e71384a9522f,c51ba89947344bee9661ccd1c7c96d7a,2026-09-08 23:22:05.449121+00:00
http://www.ufcstats.com/fighter-details/37c5366d18ed6c05,Roosevelt Roberts,Roosevelt,Roberts,"6' 2""",155 lbs.,"73""",Orthodox,"Feb 11, 1994",2.84,43%,3.10,52%,1.18,26%,50%,0.7,http://www.ufcstats.com/fighter-details/37c5366d18ed6c05,c51ba89947344bee9661ccd1c7c96d7a,2026-09-08 23:22:08.455093+00:00
http://www.ufcstats.com/fighter-details/e64b96c07d7ce999,Li Jingliang,Li,Jingliang,"6' 0""",170 lbs.,"71""",Orthodox,"Mar 20, 1988",4.46,42%,3.95,56%,1.19,41%,60%,0.0,http://www.ufcstats.com/fighter-details/e64b96c07d7ce999,c51ba89947344bee9661ccd1c7c96d7a,2026-09-08 23:22:19.774588+00:00
http://www.ufcstats.com/fighter-details/814ff3018127e8fc,Ricky Glenn,Ricky,Glenn,"6' 0""",170 lbs.,"70""",Southpaw,"Apr 12, 1989",3.79,42%,4.30,51%,0.72,13%,69%,0.4,http://www.ufcstats.com/fighter-details/814ff3018127e8fc,c51ba89947344bee9661ccd1c7c96d7a,2026-09-08 23:22:25.233052+00:00
http://www.ufcstats.com/fighter-details/22a92d7f62195791,Tony Ferguson,Tony,Ferguson,"5' 11""",170 lbs.,"76""",Orthodox,"Feb 12, 1984",4.91,45%,4.37,55%,0.39,35%,66%,0.9,http://www.ufcstats.com/fighter-details/22a92d7f62195791,c51ba89947344bee9661ccd1c7c96d7a,2026-09-08 23:22:32.270786+00:00
http://www.ufcstats.com/fighter-details/eb04b9d31e938edb,Michelle Waterson-Gomez,Michelle,Waterson-Gomez,"5' 3""",115 lbs.,"62""",Orthodox,"Jan 06, 1986",3.42,46%,4.25,48%,1.39,33%,69%,0.6,http://www.ufcstats.com/fighter-details/eb04b9d31e938edb,c51ba89947344bee9661ccd1c7c96d7a,2026-09-08 23:22:48.024783+00:00
http://www.ufcstats.com/fighter-details/3738e68d2261e60f,Andrei Arlovski,Andrei,Arlovski,"6' 3""",240 lbs.,"77""",Orthodox,"Feb 04, 1979",3.82,45%,3.22,57%,0.37,35%,76%,0.2,http://www.ufcstats.com/fighter-details/3738e68d2261e60f,c51ba89947344bee9661ccd1c7c96d7a,2026-09-08 23:22:49.711779+00:00
http://www.ufcstats.com/fighter-details/a7897d200692ab64,Kyung Ho Kang,Kyung,Ho Kang,"5' 9""",135 lbs.,"73""",Orthodox,"Sep 09, 1987",3.13,47%,3.32,54%,1.97,50%,68%,0.8,http://www.ufcstats.com/fighter-details/a7897d200692ab64,c51ba89947344bee9661ccd1c7c96d7a,2026-09-08 23:22:51.260089+00:00
http://www.ufcstats.com/fighter-details/82d4c957649faf9b,Miguel Baeza,Miguel,Baeza,"6' 2""",170 lbs.,"74""",Orthodox,"Aug 23, 1992",4.09,49%,5.92,46%,0.36,22%,54%,2.0,http://www.ufcstats.com/fighter-details/82d4c957649faf9b,c51ba89947344bee9661ccd1c7c96d7a,2026-09-08 23:22:58.160052+00:00
http://www.ufcstats.com/fighter-details/a75a48bfe776b2c2,Jesse Butler,Jesse,Butler,"5' 10""",135 lbs.,"73""",Orthodox,"May 24, 1992",2.02,34%,4.62,39%,0.00,0%,0%,0.0,http://www.ufcstats.com/fighter-details/a75a48bfe776b2c2,c51ba89947344bee9661ccd1c7c96d7a,2026-09-08 23:22:59.465171+00:00
http://www.ufcstats.com/fighter-details/02f8fedc18cbd26c,Emily Ducote,Emily,Ducote,"5' 2""",115 lbs.,"63""",Orthodox,"Jan 01, 1994",7.45,52%,7.84,57%,0.20,14%,94%,0.0,http://www.ufcstats.com/fighter-details/02f8fedc18cbd26c,c51ba89947344bee9661ccd1c7c96d7a,2026-09-08 23:23:09.196980+00:00
http://www.ufcstats.com/fighter-details/7aa3d6964eff4877,Alex Caceres,Alex,Caceres,"5' 10""",145 lbs.,"73""",Southpaw,"Jun 20, 1988",4.21,49%,3.09,62%,0.54,68%,64%,0.7,http://www.ufcstats.com/fighter-details/7aa3d6964eff4877,c51ba89947344bee9661ccd1c7c96d7a,2026-09-08 23:23:11.040337+00:00
http://www.ufcstats.com/fighter-details/436f970c9ea9169c,Gabriel Benitez,Gabriel,Benitez,"5' 8""",155 lbs.,"71""",Southpaw,"Jun 15, 1988",5.26,41%,4.49,63%,0.22,50%,55%,0.9,http://www.ufcstats.com/fighter-details/436f970c9ea9169c,c51ba89947344bee9661ccd1c7c96d7a,2026-09-08 23:23:18.341419+00:00
http://www.ufcstats.com/fighter-details/de45aaae23dfa392,Christos Giagos,Christos,Giagos,"5' 10""",155 lbs.,"71""",Orthodox,"Jan 23, 1990",3.03,41%,3.21,50%,2.84,36%,52%,0.4,http://www.ufcstats.com/fighter-details/de45aaae23dfa392,c51ba89947344bee9661ccd1c7c96d7a,2026-09-08 23:23:21.390635+00:00
http://www.ufcstats.com/fighter-details/a331233f597090a5,Bryan Barberena,Bryan,Barberena,"6' 0""",185 lbs.,"72""",Southpaw,"May 03, 1989",5.35,48%,4.59,44%,0.13,22%,50%,0.3,http://www.ufcstats.com/fighter-details/a331233f597090a5,c51ba89947344bee9661ccd1c7c96d7a,2026-09-08 23:23:31.949433+00:00
http://www.ufcstats.com/fighter-details/e872e9a9a902c045,Katlyn Cerminara,Katlyn,Cerminara,"5' 9""",125 lbs.,"68""",Orthodox,"Dec 28, 1988",4.58,34%,4.48,62%,0.31,15%,50%,0.3,http://www.ufcstats.com/fighter-details/e872e9a9a902c045,c51ba89947344bee9661ccd1c7c96d7a,2026-09-08 23:23:34.713133+00:00
http://www.ufcstats.com/fighter-details/53c943c873cffe90,Philipe Lins,Philipe,Lins,"6' 2""",205 lbs.,"78""",Orthodox,"Aug 17, 1985",3.80,49%,3.59,46%,1.65,33%,100%,0.0,http://www.ufcstats.com/fighter-details/53c943c873cffe90,c51ba89947344bee9661ccd1c7c96d7a,2026-09-08 23:23:36.134082+00:00
http://www.ufcstats.com/fighter-details/12f91bfa8f1f723b,Joanne Wood,Joanne,Wood,"5' 6""",125 lbs.,"65""",Orthodox,"Dec 23, 1985",7.10,51%,4.89,51%,1.52,55%,58%,0.3,http://www.ufcstats.com/fighter-details/12f91bfa8f1f723b,c51ba89947344bee9661ccd1c7c96d7a,2026-09-08 23:23:38.926536+00:00
http://www.ufcstats.com/fighter-details/b4192a975027aab6,Maryna Moroz,Maryna,Moroz,"5' 7""",125 lbs.,"67""",Orthodox,"Sep 08, 1991",4.42,33%,4.89,51%,0.70,24%,42%,0.6,http://www.ufcstats.com/fighter-details/b4192a975027aab6,c51ba89947344bee9661ccd1c7c96d7a,2026-09-08 23:23:40.304018+00:00
http://www.ufcstats.com/fighter-details/49e96ff8ab781589,Tyson Pedro,Tyson,Pedro,"6' 3""",205 lbs.,"79""",Orthodox,"Sep 17, 1991",2.90,59%,2.39,56%,0.76,30%,50%,0.8,http://www.ufcstats.com/fighter-details/49e96ff8ab781589,c51ba89947344bee9661ccd1c7c96d7a,2026-09-08 23:23:41.734521+00:00
http://www.ufcstats.com/fighter-details/ab943cd2c3c17825,Marcos Rogerio de Lima,Marcos,Rogerio de Lima,"6' 1""",253 lbs.,"75""",Orthodox,"Jun 25, 1985",3.70,57%,2.90,51%,1.40,45%,59%,0.5,http://www.ufcstats.com/fighter-details/ab943cd2c3c17825,c51ba89947344bee9661ccd1c7c96d7a,2026-09-08 23:23:50.361022+00:00
http://www.ufcstats.com/fighter-details/da0995f19b749cfa,Mark Madsen,Mark,Madsen,"5' 8""",155 lbs.,"72""",Orthodox,"Sep 23, 1984",3.56,49%,3.97,52%,2.86,66%,62%,0.0,http://www.ufcstats.com/fighter-details/da0995f19b749cfa,c51ba89947344bee9661ccd1c7c96d7a,2026-09-08 23:24:14.935666+00:00
http://www.ufcstats.com/fighter-details/32c355b04fc57f3a,Marc Diakiese,Marc,Diakiese,"5' 10""",155 lbs.,"73""",Orthodox,"Mar 16, 1993",2.54,40%,2.64,52%,3.29,43%,66%,0.0,http://www.ufcstats.com/fighter-details/32c355b04fc57f3a,c51ba89947344bee9661ccd1c7c96d7a,2026-09-08 23:24:16.390605+00:00
http://www.ufcstats.com/fighter-details/d31cbcdd7d69536d,TJ Brown,TJ,Brown,"5' 9""",145 lbs.,"72""",Switch,"May 22, 1990",3.37,44%,2.89,49%,3.41,57%,36%,1.3,http://www.ufcstats.com/fighter-details/d31cbcdd7d69536d,c51ba89947344bee9661ccd1c7c96d7a,2026-09-08 23:24:23.455983+00:00
http://www.ufcstats.com/fighter-details/b4c6c904a9ffc5e8,Ashley Yoder,Ashley,Yoder,"5' 7""",115 lbs.,"69""",Southpaw,"Oct 20, 1987",3.42,39%,4.13,47%,1.09,27%,66%,0.6,http://www.ufcstats.com/fighter-details/b4c6c904a9ffc5e8,c51ba89947344bee9661ccd1c7c96d7a,2026-09-08 23:24:24.890425+00:00
http://www.ufcstats.com/fighter-details/33efaf2d0941cfcf,Andre Fialho,Andre,Fialho,"6' 0""",170 lbs.,"74""",Orthodox,"Apr 07, 1994",3.30,41%,6.26,45%,0.25,100%,66%,0.0,http://www.ufcstats.com/fighter-details/33efaf2d0941cfcf,c51ba89947344bee9661ccd1c7c96d7a,2026-09-08 23:24:30.381789+00:00
http://www.ufcstats.com/fighter-details/92fa1401b7927da3,Jake Collier,Jake,Collier,"6' 3""",230 lbs.,"78""",Orthodox,"Oct 25, 1988",5.80,44%,5.08,50%,0.71,33%,67%,0.6,http://www.ufcstats.com/fighter-details/92fa1401b7927da3,c51ba89947344bee9661ccd1c7c96d7a,2026-09-08 23:24:31.746964+00:00
http://www.ufcstats.com/fighter-details/c21a036b4e012f1c,John Makdessi,John,Makdessi,"5' 8""",155 lbs.,"68""",Orthodox,"May 03, 1985",5.52,49%,4.15,68%,0.00,0%,86%,0.0,http://www.ufcstats.com/fighter-details/c21a036b4e012f1c,c51ba89947344bee9661ccd1c7c96d7a,2026-09-08 23:24:35.988946+00:00
http://www.ufcstats.com/fighter-details/c451d67c09c55418,Chan Sung Jung,Chan,Sung Jung,"5' 7""",145 lbs.,"72""",Orthodox,"Mar 17, 1987",3.93,41%,4.52,52%,0.70,44%,72%,0.6,http://www.ufcstats.com/fighter-details/c451d67c09c55418,c51ba89947344bee9661ccd1c7c96d7a,2026-09-08 23:24:45.018013+00:00
http://www.ufcstats.com/fighter-details/d0aaedcf7ccd0b45,Chris Daukaus,Chris,Daukaus,"6' 3""",205 lbs.,"76""",Orthodox,"Sep 25, 1989",6.05,50%,4.64,55%,0.00,0%,100%,0.0,http://www.ufcstats.com/fighter-details/d0aaedcf7ccd0b45,c51ba89947344bee9661ccd1c7c96d7a,2026-09-08 23:24:53.045275+00:00
http://www.ufcstats.com/fighter-details/f2925e6db404bf1d,Robbie Lawler,Robbie,Lawler,"5' 11""",170 lbs.,"74""",Southpaw,"Mar 20, 1982",3.85,47%,4.67,59%,0.65,64%,65%,0.0,http://www.ufcstats.com/fighter-details/f2925e6db404bf1d,c51ba89947344bee9661ccd1c7c96d7a,2026-09-08 23:25:14.617094+00:00
http://www.ufcstats.com/fighter-details/ee9ebceabfd16fa7,Kevin Lee,Kevin,Lee,"5' 9""",170 lbs.,"77""",Orthodox,"Sep 04, 1992",3.88,42%,3.60,50%,3.18,43%,75%,0.8,http://www.ufcstats.com/fighter-details/ee9ebceabfd16fa7,c51ba89947344bee9661ccd1c7c96d7a,2026-09-08 23:25:18.984578+00:00
http://www.ufcstats.com/fighter-details/1788eee370f077b7,Blagoy Ivanov,Blagoy,Ivanov,"5' 11""",250 lbs.,"73""",Southpaw,"Oct 09, 1986",3.25,40%,4.20,53%,0.69,40%,61%,0.1,http://www.ufcstats.com/fighter-details/1788eee370f077b7,c51ba89947344bee9661ccd1c7c96d7a,2026-09-08 23:25:20.575831+00:00
http://www.ufcstats.com/fighter-details/e9a3aeb207578eea,Ilir Latifi,Ilir,Latifi,"5' 10""",230 lbs.,"73""",Orthodox,"Jul 28, 1982",2.05,45%,2.93,56%,2.11,35%,100%,0.3,http://www.ufcstats.com/fighter-details/e9a3aeb207578eea,c51ba89947344bee9661ccd1c7c96d7a,2026-09-08 23:25:33.915121+00:00
http://www.ufcstats.com/fighter-details/31123249b0bbf52e,Matt Brown,Matt,Brown,"6' 0""",170 lbs.,"75""",Orthodox,"Jan 10, 1981",3.76,55%,2.92,55%,1.68,46%,63%,1.3,http://www.ufcstats.com/fighter-details/31123249b0bbf52e,c51ba89947344bee9661ccd1c7c96d7a,2026-09-08 23:25:38.839070+00:00
http://www.ufcstats.com/fighter-details/01b352b6a9074d5c,Chase Sherman,Chase,Sherman,"6' 4""",250 lbs.,"78""",Orthodox,"Nov 16, 1989",6.04,45%,6.65,52%,0.09,50%,74%,0.0,http://www.ufcstats.com/fighter-details/01b352b6a9074d5c,c51ba89947344bee9661ccd1c7c96d7a,2026-09-08 23:25:40.460871+00:00
http://www.ufcstats.com/fighter-details/06f36cf4bd97ec77,Ed Herman,Ed,Herman,"6' 1""",205 lbs.,"77""",Orthodox,"Oct 02, 1980",3.31,48%,3.71,42%,1.96,47%,59%,1.0,http://www.ufcstats.com/fighter-details/06f36cf4bd97ec77,c51ba89947344bee9661ccd1c7c96d7a,2026-09-08 23:25:53.360208+00:00
http://www.ufcstats.com/fighter-details/47b9e0e7703a4868,Jorge Masvidal,Jorge,Masvidal,"5' 11""",170 lbs.,"74""",Orthodox,"Nov 12, 1984",4.05,47%,3.05,64%,1.38,59%,72%,0.3,http://www.ufcstats.com/fighter-details/47b9e0e7703a4868,c51ba89947344bee9661ccd1c7c96d7a,2026-09-08 23:25:56.164902+00:00
http://www.ufcstats.com/fighter-details/98215d037be5bcb7,Cynthia Calvillo,Cynthia,Calvillo,"5' 4""",115 lbs.,"64""",Orthodox,"Jul 13, 1987",4.41,38%,4.12,64%,1.80,44%,77%,0.8,http://www.ufcstats.com/fighter-details/98215d037be5bcb7,c51ba89947344bee9661ccd1c7c96d7a,2026-09-08 23:25:57.673185+00:00
http://www.ufcstats.com/fighter-details/b93c06d09d1c4ac0,Steven Peterson,Steven,Peterson,"5' 10""",145 lbs.,"70""",Orthodox,"May 29, 1990",4.76,40%,5.94,53%,1.42,26%,64%,0.7,http://www.ufcstats.com/fighter-details/b93c06d09d1c4ac0,c51ba89947344bee9661ccd1c7c96d7a,2026-09-08 23:25:59.090864+00:00
http://www.ufcstats.com/fighter-details/87a1dc546b1c5caf,Makwan Amirkhani,Makwan,Amirkhani,"5' 10""",145 lbs.,"72""",Southpaw,"Nov 08, 1988",1.33,44%,2.98,46%,3.96,43%,35%,1.1,http://www.ufcstats.com/fighter-details/87a1dc546b1c5caf,c51ba89947344bee9661ccd1c7c96d7a,2026-09-08 23:26:01.251732+00:00
http://www.ufcstats.com/fighter-details/b1a3e0aca758b322,Derek Brunson,Derek,Brunson,"6' 1""",185 lbs.,"77""",Southpaw,"Jan 04, 1984",3.51,47%,3.05,51%,3.14,33%,85%,0.6,http://www.ufcstats.com/fighter-details/b1a3e0aca758b322,c51ba89947344bee9661ccd1c7c96d7a,2026-09-08 23:26:11.508125+00:00
http://www.ufcstats.com/fighter-details/441eacbe20e0e80b,Augusto Sakai,Augusto,Sakai,"6' 3""",265 lbs.,"77""",Orthodox,"May 09, 1991",4.60,49%,3.83,48%,0.23,40%,56%,0.0,http://www.ufcstats.com/fighter-details/441eacbe20e0e80b,c51ba89947344bee9661ccd1c7c96d7a,2026-09-08 23:26:14.454804+00:00
http://www.ufcstats.com/fighter-details/a2ccf35a88346a91,Erick Gonzalez,Erick,Gonzalez,"5' 11""",155 lbs.,"75""",Orthodox,"Jan 20, 1992",2.40,36%,8.08,40%,6.00,55%,50%,0.0,http://www.ufcstats.com/fighter-details/a2ccf35a88346a91,c51ba89947344bee9661ccd1c7c96d7a,2026-09-08 23:26:15.773207+00:00
http://www.ufcstats.com/fighter-details/029afd138865d20a,Rafael Alves,Rafael,Alves,"5' 8""",155 lbs.,"68""",Orthodox,"Nov 14, 1990",1.85,48%,3.30,58%,0.29,25%,44%,1.5,http://www.ufcstats.com/fighter-details/029afd138865d20a,c51ba89947344bee9661ccd1c7c96d7a,2026-09-08 23:26:17.273896+00:00
http://www.ufcstats.com/fighter-details/7ff97850e8c32bda,Glover Teixeira,Glover,Teixeira,"6' 2""",205 lbs.,"76""",Orthodox,"Oct 28, 1979",3.73,49%,4.43,51%,2.11,33%,60%,0.9,http://www.ufcstats.com/fighter-details/7ff97850e8c32bda,c51ba89947344bee9661ccd1c7c96d7a,2026-09-08 23:26:31.374909+00:00
http://www.ufcstats.com/fighter-details/140745cbbcb023ac,Mauricio Rua,Mauricio,Rua,"6' 1""",205 lbs.,"76""",Orthodox,"Nov 25, 1981",3.57,50%,2.79,54%,2.01,48%,49%,0.7,http://www.ufcstats.com/fighter-details/140745cbbcb023ac,c51ba89947344bee9661ccd1c7c96d7a,2026-09-08 23:26:33.045346+00:00
http://www.ufcstats.com/fighter-details/2f5cbecbbe18bac4,Shamil Abdurakhimov,Shamil,Abdurakhimov,"6' 3""",235 lbs.,"76""",Orthodox,"Sep 02, 1981",2.41,44%,3.02,55%,1.01,23%,45%,0.1,http://www.ufcstats.com/fighter-details/2f5cbecbbe18bac4,c51ba89947344bee9661ccd1c7c96d7a,2026-09-08 23:26:35.915653+00:00
http://www.ufcstats.com/fighter-details/9ce6d5a03af801b7,Darren Till,Darren,Till,"6' 0""",185 lbs.,"74""",Southpaw,"Dec 24, 1992",2.30,46%,3.31,56%,0.55,46%,69%,0.0,http://www.ufcstats.com/fighter-details/9ce6d5a03af801b7,c51ba89947344bee9661ccd1c7c96d7a,2026-09-08 23:26:41.337834+00:00
http://www.ufcstats.com/fighter-details/df1eb4354d18a906,Scott Holtzman,Scott,Holtzman,"5' 9""",155 lbs.,"69""",Orthodox,"Sep 30, 1983",4.32,47%,3.66,55%,1.88,56%,67%,0.2,http://www.ufcstats.com/fighter-details/df1eb4354d18a906,c51ba89947344bee9661ccd1c7c96d7a,2026-09-08 23:26:46.909514+00:00
http://www.ufcstats.com/fighter-details/f2688492b9a525a3,Frankie Edgar,Frankie,Edgar,"5' 6""",135 lbs.,"68""",Orthodox,"Oct 16, 1981",3.77,40%,2.82,65%,2.29,31%,65%,0.3,http://www.ufcstats.com/fighter-details/f2688492b9a525a3,c51ba89947344bee9661ccd1c7c96d7a,2026-09-08 23:26:51.254047+00:00
http://www.ufcstats.com/fighter-details/37ed1ab2f8b819f4,Brad Riddell,Brad,Riddell,"5' 7""",155 lbs.,"71""",Orthodox,"Sep 30, 1991",4.71,53%,3.53,53%,1.77,36%,63%,0.0,http://www.ufcstats.com/fighter-details/37ed1ab2f8b819f4,c51ba89947344bee9661ccd1c7c96d7a,2026-09-08 23:26:52.608754+00:00
http://www.ufcstats.com/fighter-details/34e516ab361afb1c,Darrick Minner,Darrick,Minner,"5' 7""",145 lbs.,"69""",Orthodox,"Apr 28, 1990",2.63,65%,2.28,35%,2.40,72%,66%,2.7,http://www.ufcstats.com/fighter-details/34e516ab361afb1c,c51ba89947344bee9661ccd1c7c96d7a,2026-09-08 23:26:58.281685+00:00
http://www.ufcstats.com/fighter-details/2b68d9f125d07b42,Jared Vanderaa,Jared,Vanderaa,"6' 4""",265 lbs.,"80""",Orthodox,"May 12, 1992",4.96,44%,5.67,45%,0.18,50%,20%,0.0,http://www.ufcstats.com/fighter-details/2b68d9f125d07b42,c51ba89947344bee9661ccd1c7c96d7a,2026-09-08 23:27:07.090487+00:00
http://www.ufcstats.com/fighter-details/a8283a4f415e1eb9,Francisco Trinaldo,Francisco,Trinaldo,"5' 9""",170 lbs.,"70""",Southpaw,"Aug 24, 1978",3.13,45%,2.67,60%,0.98,42%,60%,0.5,http://www.ufcstats.com/fighter-details/a8283a4f415e1eb9,c51ba89947344bee9661ccd1c7c96d7a,2026-09-08 23:27:20.330593+00:00
http://www.ufcstats.com/fighter-details/98c23cb6da5b3352,Aleksei Oleinik,Aleksei,Oleinik,"6' 2""",240 lbs.,"80""",Orthodox,"Jun 20, 1977",3.29,48%,3.80,44%,1.82,46%,37%,1.9,http://www.ufcstats.com/fighter-details/98c23cb6da5b3352,c51ba89947344bee9661ccd1c7c96d7a,2026-09-08 23:27:21.866341+00:00
http://www.ufcstats.com/fighter-details/4e06913c91da5200,Krzysztof Jotko,Krzysztof,Jotko,"6' 1""",185 lbs.,"77""",Southpaw,"Aug 19, 1989",2.98,42%,2.23,57%,1.33,39%,82%,0.1,http://www.ufcstats.com/fighter-details/4e06913c91da5200,c51ba89947344bee9661ccd1c7c96d7a,2026-09-08 23:27:24.924629+00:00
http://www.ufcstats.com/fighter-details/8355922d564b152c,Nate Diaz,Nate,Diaz,"6' 0""",170 lbs.,"76""",Southpaw,"Apr 16, 1985",4.57,45%,3.77,52%,1.05,30%,41%,1.3,http://www.ufcstats.com/fighter-details/8355922d564b152c,c51ba89947344bee9661ccd1c7c96d7a,2026-09-08 23:27:32.013073+00:00
http://www.ufcstats.com/fighter-details/77d7295d1b22c694,Alessio Di Chirico,Alessio,Di Chirico,"6' 0""",185 lbs.,"74""",Orthodox,"Dec 12, 1989",3.32,39%,3.44,61%,1.46,39%,83%,0.0,http://www.ufcstats.com/fighter-details/77d7295d1b22c694,c51ba89947344bee9661ccd1c7c96d7a,2026-09-08 23:27:36.377551+00:00
http://www.ufcstats.com/fighter-details/00e11b5c8b7bfeeb,Luke Rockhold,Luke,Rockhold,"6' 3""",185 lbs.,"77""",Southpaw,"Oct 17, 1984",4.10,49%,2.68,53%,0.70,29%,65%,1.0,http://www.ufcstats.com/fighter-details/00e11b5c8b7bfeeb,c51ba89947344bee9661ccd1c7c96d7a,2026-09-08 23:27:39.256650+00:00
http://www.ufcstats.com/fighter-details/9c65736747ca92ec,Leonardo Santos,Leonardo,Santos,"6' 0""",155 lbs.,"75""",Orthodox,"Feb 05, 1980",2.82,46%,3.40,54%,0.88,25%,86%,0.2,http://www.ufcstats.com/fighter-details/9c65736747ca92ec,c51ba89947344bee9661ccd1c7c96d7a,2026-09-08 23:27:43.749720+00:00
http://www.ufcstats.com/fighter-details/d343df8ba11f4c4e,Nina Nunes,Nina,Nunes,"5' 5""",125 lbs.,"64""",Orthodox,"Dec 03, 1985",4.39,45%,3.47,55%,0.24,33%,73%,0.5,http://www.ufcstats.com/fighter-details/d343df8ba11f4c4e,c51ba89947344bee9661ccd1c7c96d7a,2026-09-08 23:27:49.379950+00:00
http://www.ufcstats.com/fighter-details/318572f6f74b760d,Charlie Ontiveros,Charlie,Ontiveros,"6' 2""",155 lbs.,"74""",Switch,"Jul 04, 1991",1.89,41%,5.86,31%,0.00,0%,30%,0.0,http://www.ufcstats.com/fighter-details/318572f6f74b760d,c51ba89947344bee9661ccd1c7c96d7a,2026-09-08 23:27:50.802129+00:00
http://www.ufcstats.com/fighter-details/dea070ed4a2a8281,Thiago Santos,Thiago,Santos,"6' 2""",205 lbs.,"76""",Orthodox,"Jan 07, 1984",3.72,48%,2.57,53%,0.88,33%,65%,0.1,http://www.ufcstats.com/fighter-details/dea070ed4a2a8281,c51ba89947344bee9661ccd1c7c96d7a,2026-09-08 23:27:53.814295+00:00
http://www.ufcstats.com/fighter-details/98d961097baaf308,Shane Burgos,Shane,Burgos,"5' 11""",145 lbs.,"75""",Orthodox,"Mar 19, 1991",7.40,52%,6.78,56%,0.43,44%,91%,0.4,http://www.ufcstats.com/fighter-details/98d961097baaf308,c51ba89947344bee9661ccd1c7c96d7a,2026-09-08 23:28:03.101030+00:00
http://www.ufcstats.com/fighter-details/5f179af5fffeb9f6,Cortney Casey,Cortney,Casey,"5' 7""",125 lbs.,"67""",Orthodox,"May 05, 1987",4.29,39%,4.00,55%,0.39,31%,39%,0.5,http://www.ufcstats.com/fighter-details/5f179af5fffeb9f6,c51ba89947344bee9661ccd1c7c96d7a,2026-09-08 23:28:07.517303+00:00
http://www.ufcstats.com/fighter-details/1d00756835ca67c9,Donald Cerrone,Donald,Cerrone,"6' 1""",155 lbs.,"73""",Orthodox,"Mar 29, 1983",4.41,46%,4.48,53%,1.16,33%,73%,1.2,http://www.ufcstats.com/fighter-details/1d00756835ca67c9,c51ba89947344bee9661ccd1c7c96d7a,2026-09-08 23:28:10.319478+00:00
http://www.ufcstats.com/fighter-details/3d6749c4267da18f,Joanna Jedrzejczyk,Joanna,Jedrzejczyk,"5' 6""",115 lbs.,"65""",Orthodox,"Aug 18, 1987",6.28,48%,3.25,62%,0.27,62%,80%,0.1,http://www.ufcstats.com/fighter-details/3d6749c4267da18f,c51ba89947344bee9661ccd1c7c96d7a,2026-09-08 23:28:24.621416+00:00
http://www.ufcstats.com/fighter-details/764342d39cdaa54a,Frank Camacho,Frank,Camacho,"5' 10""",155 lbs.,"73""",Orthodox,"May 18, 1989",6.56,46%,7.44,51%,1.11,31%,73%,0.0,http://www.ufcstats.com/fighter-details/764342d39cdaa54a,c51ba89947344bee9661ccd1c7c96d7a,2026-09-08 23:28:41.810296+00:00
http://www.ufcstats.com/fighter-details/cd7763bcadb5d4c8,Alan Patrick,Alan,Patrick,"5' 11""",155 lbs.,"74""",Southpaw,"Jul 19, 1983",1.82,40%,2.95,43%,3.01,33%,43%,0.3,http://www.ufcstats.com/fighter-details/cd7763bcadb5d4c8,c51ba89947344bee9661ccd1c7c96d7a,2026-09-08 23:28:43.233137+00:00
http://www.ufcstats.com/fighter-details/2ebfbe72ed703925,Tristan Connelly,Tristan,Connelly,"5' 10""",145 lbs.,"68""",Orthodox,"Dec 12, 1985",3.31,51%,2.96,50%,0.33,14%,60%,0.3,http://www.ufcstats.com/fighter-details/2ebfbe72ed703925,c51ba89947344bee9661ccd1c7c96d7a,2026-09-08 23:28:44.563317+00:00
http://www.ufcstats.com/fighter-details/35b3772629e27a49,Kevin Croom,Kevin,Croom,"5' 11""",135 lbs.,"73""",Orthodox,"Jul 15, 1987",2.65,34%,3.10,41%,0.48,5%,30%,0.5,http://www.ufcstats.com/fighter-details/35b3772629e27a49,c51ba89947344bee9661ccd1c7c96d7a,2026-09-08 23:28:56.308260+00:00
http://www.ufcstats.com/fighter-details/57b10fca4f9c9a7a,Alex Oliveira,Alex,Oliveira,"5' 11""",170 lbs.,"76""",Orthodox,"Feb 21, 1988",2.99,51%,2.55,46%,2.35,38%,63%,0.6,http://www.ufcstats.com/fighter-details/57b10fca4f9c9a7a,c51ba89947344bee9661ccd1c7c96d7a,2026-09-08 23:29:12.958182+00:00
http://www.ufcstats.com/fighter-details/4bd6b4800070b069,Chas Skelly,Chas,Skelly,"5' 11""",145 lbs.,"72""",Orthodox,"May 11, 1985",2.01,40%,3.21,49%,1.74,34%,39%,2.3,http://www.ufcstats.com/fighter-details/4bd6b4800070b069,c51ba89947344bee9661ccd1c7c96d7a,2026-09-08 23:29:20.234430+00:00
http://www.ufcstats.com/fighter-details/8d03ce87ca14e778,Francis Ngannou,Francis,Ngannou,"6' 4""",250 lbs.,"83""",Orthodox,"Sep 05, 1986",2.33,41%,2.16,41%,0.76,62%,71%,0.3,http://www.ufcstats.com/fighter-details/8d03ce87ca14e778,c51ba89947344bee9661ccd1c7c96d7a,2026-09-08 23:29:30.394921+00:00
http://www.ufcstats.com/fighter-details/8866c6f509c19089,Ryan Hall,Ryan,Hall,"5' 10""",145 lbs.,"70""",Southpaw,"Feb 22, 1985",2.38,50%,1.33,65%,0.22,9%,0%,2.2,http://www.ufcstats.com/fighter-details/8866c6f509c19089,c51ba89947344bee9661ccd1c7c96d7a,2026-09-08 23:29:38.944253+00:00
http://www.ufcstats.com/fighter-details/bd58d34e39b7b12a,Ben Rothwell,Ben,Rothwell,"6' 4""",265 lbs.,"78""",Orthodox,"Oct 17, 1981",3.71,42%,4.63,47%,0.68,34%,70%,0.4,http://www.ufcstats.com/fighter-details/bd58d34e39b7b12a,c51ba89947344bee9661ccd1c7c96d7a,2026-09-08 23:29:46.041967+00:00
http://www.ufcstats.com/fighter-details/59279a7c978f7da0,Al Iaquinta,Al,Iaquinta,"5' 10""",155 lbs.,"70""",Orthodox,"Apr 30, 1987",4.06,40%,4.53,61%,0.63,18%,74%,0.2,http://www.ufcstats.com/fighter-details/59279a7c978f7da0,c51ba89947344bee9661ccd1c7c96d7a,2026-09-08 23:29:53.096201+00:00
http://www.ufcstats.com/fighter-details/fcd448a2fe1a23cc,Gian Villante,Gian,Villante,"6' 3""",230 lbs.,"76""",Orthodox,"Aug 18, 1985",4.38,44%,5.47,55%,0.45,23%,83%,0.0,http://www.ufcstats.com/fighter-details/fcd448a2fe1a23cc,c51ba89947344bee9661ccd1c7c96d7a,2026-09-08 23:29:56.166003+00:00
http://www.ufcstats.com/fighter-details/a12a8314adc1c1c9,Laureano Staropoli,Laureano,Staropoli,"6' 1""",185 lbs.,"71""",Orthodox,"Feb 27, 1993",3.31,34%,3.73,54%,0.83,26%,48%,0.0,http://www.ufcstats.com/fighter-details/a12a8314adc1c1c9,c51ba89947344bee9661ccd1c7c96d7a,2026-09-08 23:30:02.496245+00:00
http://www.ufcstats.com/fighter-details/4a57ebb14315b251,Randa Markos,Randa,Markos,"5' 4""",115 lbs.,"63""",Orthodox,"Aug 10, 1985",2.97,43%,3.10,58%,1.12,28%,52%,0.2,http://www.ufcstats.com/fighter-details/4a57ebb14315b251,c51ba89947344bee9661ccd1c7c96d7a,2026-09-08 23:30:06.645290+00:00
http://www.ufcstats.com/fighter-details/a2ea77e974c5889f,Carlos Felipe,Carlos,Felipe,"6' 0""",245 lbs.,"75""",Orthodox,"Jan 12, 1995",4.88,45%,5.60,50%,0.00,0%,72%,0.0,http://www.ufcstats.com/fighter-details/a2ea77e974c5889f,c51ba89947344bee9661ccd1c7c96d7a,2026-09-08 23:30:09.185345+00:00
http://www.ufcstats.com/fighter-details/f57a8a52ca401ed9,Nick Diaz,Nick,Diaz,"6' 1""",170 lbs.,"76""",Southpaw,"Aug 02, 1983",5.71,42%,3.84,59%,1.28,32%,60%,1.0,http://www.ufcstats.com/fighter-details/f57a8a52ca401ed9,c51ba89947344bee9661ccd1c7c96d7a,2026-09-08 23:30:17.881680+00:00
http://www.ufcstats.com/fighter-details/a17ad5a5048e8c3f,Darren Stewart,Darren,Stewart,"6' 0""",205 lbs.,"74""",Orthodox,"Dec 30, 1990",3.05,45%,3.29,48%,1.75,45%,67%,0.1,http://www.ufcstats.com/fighter-details/a17ad5a5048e8c3f,c51ba89947344bee9661ccd1c7c96d7a,2026-09-08 23:30:32.306353+00:00
http://www.ufcstats.com/fighter-details/c7d297714d9ab1a4,Marion Reneau,Marion,Reneau,"5' 6""",135 lbs.,"68""",Orthodox,"Jun 20, 1977",3.20,41%,3.52,59%,0.62,63%,50%,0.8,http://www.ufcstats.com/fighter-details/c7d297714d9ab1a4,c51ba89947344bee9661ccd1c7c96d7a,2026-09-08 23:30:46.234403+00:00
http://www.ufcstats.com/fighter-details/f9f07bb5a43535ed,Carlos Condit,Carlos,Condit,"6' 2""",170 lbs.,"75""",Orthodox,"Apr 26, 1984",3.66,39%,2.67,55%,0.59,46%,38%,1.0,http://www.ufcstats.com/fighter-details/f9f07bb5a43535ed,c51ba89947344bee9661ccd1c7c96d7a,2026-09-08 23:30:47.583483+00:00
http://www.ufcstats.com/fighter-details/16690d100f995f8f,Omari Akhmedov,Omari,Akhmedov,"6' 0""",185 lbs.,"73""",Orthodox,"Oct 12, 1987",2.97,34%,2.84,55%,2.58,45%,65%,0.2,http://www.ufcstats.com/fighter-details/16690d100f995f8f,c51ba89947344bee9661ccd1c7c96d7a,2026-09-08 23:30:48.999827+00:00
http://www.ufcstats.com/fighter-details/813550bc53b15fb0,Yancy Medeiros,Yancy,Medeiros,"5' 10""",155 lbs.,"75""",Orthodox,"Sep 07, 1987",4.36,37%,5.67,47%,0.33,50%,73%,0.7,http://www.ufcstats.com/fighter-details/813550bc53b15fb0,c51ba89947344bee9661ccd1c7c96d7a,2026-09-08 23:30:55.096401+00:00
http://www.ufcstats.com/fighter-details/e9213f53ddeca978,Dhiego Lima,Dhiego,Lima,"6' 2""",170 lbs.,"75""",Orthodox,"Jan 31, 1989",3.12,39%,3.88,58%,1.26,34%,73%,0.6,http://www.ufcstats.com/fighter-details/e9213f53ddeca978,c51ba89947344bee9661ccd1c7c96d7a,2026-09-08 23:30:56.577771+00:00
http://www.ufcstats.com/fighter-details/427b5953ac8e3a27,Demian Maia,Demian,Maia,"6' 1""",170 lbs.,"72""",Southpaw,"Nov 06, 1977",1.80,43%,2.07,63%,2.49,24%,61%,1.0,http://www.ufcstats.com/fighter-details/427b5953ac8e3a27,c51ba89947344bee9661ccd1c7c96d7a,2026-09-08 23:31:02.499817+00:00
http://www.ufcstats.com/fighter-details/03f982ca3735070c,Walt Harris,Walt,Harris,"6' 5""",250 lbs.,"77""",Southpaw,"Jun 10, 1983",3.05,39%,3.33,54%,0.29,28%,70%,0.1,http://www.ufcstats.com/fighter-details/03f982ca3735070c,c51ba89947344bee9661ccd1c7c96d7a,2026-09-08 23:31:03.946018+00:00
http://www.ufcstats.com/fighter-details/7a703c565ccaa18f,Jacare Souza,Jacare,Souza,"6' 1""",185 lbs.,"72""",Orthodox,"Dec 07, 1979",2.53,47%,2.83,62%,2.57,39%,57%,1.3,http://www.ufcstats.com/fighter-details/7a703c565ccaa18f,c51ba89947344bee9661ccd1c7c96d7a,2026-09-08 23:31:06.971194+00:00
http://www.ufcstats.com/fighter-details/f2b6fdb20675b11c,Mike Perry,Mike,Perry,"5' 10""",170 lbs.,"71""",Orthodox,"Sep 15, 1991",4.32,47%,5.16,52%,0.81,40%,78%,0.2,http://www.ufcstats.com/fighter-details/f2b6fdb20675b11c,c51ba89947344bee9661ccd1c7c96d7a,2026-09-08 23:31:25.150564+00:00
http://www.ufcstats.com/fighter-details/effd9de9937996f8,Tyron Woodley,Tyron,Woodley,"5' 9""",170 lbs.,"74""",Orthodox,"Apr 07, 1982",2.36,48%,2.76,54%,1.06,40%,87%,0.4,http://www.ufcstats.com/fighter-details/effd9de9937996f8,c51ba89947344bee9661ccd1c7c96d7a,2026-09-08 23:31:32.154729+00:00
http://www.ufcstats.com/fighter-details/b4ad3a06ee4d660c,Alistair Overeem,Alistair,Overeem,"6' 4""",265 lbs.,"80""",Orthodox,"May 17, 1980",3.67,64%,2.44,57%,1.42,55%,73%,0.8,http://www.ufcstats.com/fighter-details/b4ad3a06ee4d660c,c51ba89947344bee9661ccd1c7c96d7a,2026-09-08 23:31:46.708981+00:00
http://www.ufcstats.com/fighter-details/52e76bb4b3e852f3,Antonio Carlos Junior,Antonio,Carlos Junior,"6' 2""",185 lbs.,"79""",Orthodox,"Mar 16, 1990",1.95,42%,2.14,52%,3.42,39%,53%,0.8,http://www.ufcstats.com/fighter-details/52e76bb4b3e852f3,c51ba89947344bee9661ccd1c7c96d7a,2026-09-08 23:31:49.407912+00:00
http://www.ufcstats.com/fighter-details/6fb1ba67bef41b37,Nik Lentz,Nik,Lentz,"5' 8""",145 lbs.,"68""",Orthodox,"Aug 13, 1984",3.44,47%,3.25,50%,3.30,32%,43%,1.2,http://www.ufcstats.com/fighter-details/6fb1ba67bef41b37,c51ba89947344bee9661ccd1c7c96d7a,2026-09-08 23:31:50.931274+00:00
http://www.ufcstats.com/fighter-details/539ed332b3078821,Sarah Moras,Sarah,Moras,"5' 7""",135 lbs.,"67""",Orthodox,"Apr 30, 1988",2.28,34%,3.58,50%,0.67,21%,33%,0.8,http://www.ufcstats.com/fighter-details/539ed332b3078821,c51ba89947344bee9661ccd1c7c96d7a,2026-09-08 23:31:56.340794+00:00
http://www.ufcstats.com/fighter-details/cbb682f5fcc44bfc,Anthony Pettis,Anthony,Pettis,"5' 10""",155 lbs.,"72""",Orthodox,"Jan 27, 1987",3.05,47%,3.44,54%,0.61,50%,60%,1.1,http://www.ufcstats.com/fighter-details/cbb682f5fcc44bfc,c51ba89947344bee9661ccd1c7c96d7a,2026-09-08 23:32:01.315806+00:00
http://www.ufcstats.com/fighter-details/63def5a5662a6917,Junior Dos Santos,Junior,Dos Santos,"6' 4""",238 lbs.,"77""",Orthodox,"Jan 30, 1984",4.49,47%,3.33,56%,0.30,50%,81%,0.1,http://www.ufcstats.com/fighter-details/63def5a5662a6917,c51ba89947344bee9661ccd1c7c96d7a,2026-09-08 23:32:04.167370+00:00
http://www.ufcstats.com/fighter-details/eb29176b03dfa888,Matt Wiman,Matt,Wiman,"5' 10""",155 lbs.,"68""",Orthodox,"Sep 19, 1983",3.17,50%,3.57,51%,2.13,37%,56%,1.5,http://www.ufcstats.com/fighter-details/eb29176b03dfa888,c51ba89947344bee9661ccd1c7c96d7a,2026-09-08 23:32:07.324537+00:00
http://www.ufcstats.com/fighter-details/e5010b1b94ca5755,Paul Felder,Paul,Felder,"5' 11""",155 lbs.,"70""",Orthodox,"Apr 25, 1984",3.70,44%,3.44,48%,0.29,28%,64%,0.2,http://www.ufcstats.com/fighter-details/e5010b1b94ca5755,c51ba89947344bee9661ccd1c7c96d7a,2026-09-08 23:32:14.498523+00:00
http://www.ufcstats.com/fighter-details/ec34349e7dffcde7,Claudia Gadelha,Claudia,Gadelha,"5' 4""",115 lbs.,"63""",Orthodox,"Dec 07, 1988",3.31,41%,4.57,57%,3.03,42%,58%,0.7,http://www.ufcstats.com/fighter-details/ec34349e7dffcde7,c51ba89947344bee9661ccd1c7c96d7a,2026-09-08 23:32:17.367415+00:00
http://www.ufcstats.com/fighter-details/7bde387d50829adf,Eduardo Garagorri,Eduardo,Garagorri,"5' 9""",145 lbs.,"70""",Orthodox,"May 28, 1989",3.42,51%,2.36,58%,0.48,100%,61%,0.0,http://www.ufcstats.com/fighter-details/7bde387d50829adf,c51ba89947344bee9661ccd1c7c96d7a,2026-09-08 23:32:20.116927+00:00
http://www.ufcstats.com/fighter-details/1f454354805b6f75,Anderson Silva,Anderson,Silva,"6' 2""",185 lbs.,"77""",Southpaw,"Apr 14, 1975",3.05,61%,2.05,60%,0.50,77%,69%,0.8,http://www.ufcstats.com/fighter-details/1f454354805b6f75,c51ba89947344bee9661ccd1c7c96d7a,2026-09-08 23:32:21.958849+00:00
http://www.ufcstats.com/fighter-details/032cc3922d871c7f,Khabib Nurmagomedov,Khabib,Nurmagomedov,"5' 10""",155 lbs.,"70""",Orthodox,"Sep 20, 1988",4.10,48%,1.75,65%,5.32,48%,84%,0.8,http://www.ufcstats.com/fighter-details/032cc3922d871c7f,c51ba89947344bee9661ccd1c7c96d7a,2026-09-08 23:32:27.606718+00:00
http://www.ufcstats.com/fighter-details/ebc1f40e00e0c481,Stefan Struve,Stefan,Struve,"6' 11""",265 lbs.,"84""",Orthodox,"Feb 18, 1988",3.12,47%,4.04,46%,0.56,46%,55%,1.7,http://www.ufcstats.com/fighter-details/ebc1f40e00e0c481,c51ba89947344bee9661ccd1c7c96d7a,2026-09-08 23:32:30.526219+00:00
http://www.ufcstats.com/fighter-details/d06f8869449ba7bd,Alexander Yakovlev,Alexander,Yakovlev,"6' 3""",155 lbs.,"74""",Southpaw,"Jul 18, 1984",1.74,47%,2.41,58%,1.66,35%,72%,0.1,http://www.ufcstats.com/fighter-details/d06f8869449ba7bd,c51ba89947344bee9661ccd1c7c96d7a,2026-09-08 23:32:31.884392+00:00
http://www.ufcstats.com/fighter-details/8f6a18831a120817,James Krause,James,Krause,"6' 2""",170 lbs.,"73""",Orthodox,"Jun 04, 1986",4.79,49%,4.11,61%,0.96,18%,59%,0.9,http://www.ufcstats.com/fighter-details/8f6a18831a120817,c51ba89947344bee9661ccd1c7c96d7a,2026-09-08 23:32:33.399870+00:00
http://www.ufcstats.com/fighter-details/e9ac7bfb65c25497,John Phillips,John,Phillips,"5' 11""",185 lbs.,"75""",Southpaw,"Jun 09, 1985",1.72,34%,4.03,49%,0.00,0%,7%,0.0,http://www.ufcstats.com/fighter-details/e9ac7bfb65c25497,c51ba89947344bee9661ccd1c7c96d7a,2026-09-08 23:32:34.768729+00:00
http://www.ufcstats.com/fighter-details/82e7929bf6c2b689,Diego Sanchez,Diego,Sanchez,"5' 10""",170 lbs.,"72""",Southpaw,"Dec 31, 1981",2.69,37%,3.02,56%,1.51,24%,46%,0.8,http://www.ufcstats.com/fighter-details/82e7929bf6c2b689,c51ba89947344bee9661ccd1c7c96d7a,2026-09-08 23:32:42.182231+00:00
http://www.ufcstats.com/fighter-details/cbd3e590a85b18c5,Mirsad Bektic,Mirsad,Bektic,"5' 8""",145 lbs.,"70""",Orthodox,"Feb 16, 1991",2.43,41%,1.80,57%,3.98,52%,92%,0.4,http://www.ufcstats.com/fighter-details/cbd3e590a85b18c5,c51ba89947344bee9661ccd1c7c96d7a,2026-09-08 23:32:46.342886+00:00
http://www.ufcstats.com/fighter-details/3974fa35c917af1d,Ricardo Lamas,Ricardo,Lamas,"5' 8""",145 lbs.,"71""",Orthodox,"May 21, 1982",3.13,47%,2.87,57%,1.84,33%,46%,0.9,http://www.ufcstats.com/fighter-details/3974fa35c917af1d,c51ba89947344bee9661ccd1c7c96d7a,2026-09-08 23:32:56.330918+00:00
http://www.ufcstats.com/fighter-details/37cc294027f55e4d,Austin Springer,Austin,Springer,"5' 8""",145 lbs.,"71""",Orthodox,"May 12, 1987",3.54,57%,3.15,41%,3.37,40%,100%,0.8,http://www.ufcstats.com/fighter-details/37cc294027f55e4d,c51ba89947344bee9661ccd1c7c96d7a,2026-09-08 23:32:57.692218+00:00
http://www.ufcstats.com/fighter-details/2244d9a2b64b8c3b,Hannah Cifers,Hannah,Cifers,"5' 1""",115 lbs.,"62""",Orthodox,"Jun 26, 1992",4.99,44%,5.39,52%,0.26,100%,64%,0.3,http://www.ufcstats.com/fighter-details/2244d9a2b64b8c3b,c51ba89947344bee9661ccd1c7c96d7a,2026-09-08 23:32:59.139290+00:00
http://www.ufcstats.com/fighter-details/d967f0128c323de6,Daniel Cormier,Daniel,Cormier,"5' 11""",235 lbs.,"72""",Orthodox,"Mar 20, 1979",4.25,52%,2.92,54%,1.83,44%,80%,0.4,http://www.ufcstats.com/fighter-details/d967f0128c323de6,c51ba89947344bee9661ccd1c7c96d7a,2026-09-08 23:33:01.316456+00:00
http://www.ufcstats.com/fighter-details/492b202d2064e7a9,Fabricio Werdum,Fabricio,Werdum,"6' 4""",231 lbs.,"77""",Orthodox,"Jul 30, 1977",3.59,52%,2.64,55%,1.75,31%,31%,1.2,http://www.ufcstats.com/fighter-details/492b202d2064e7a9,c51ba89947344bee9661ccd1c7c96d7a,2026-09-08 23:33:07.497242+00:00
http://www.ufcstats.com/fighter-details/654ae722109a0d31,Joe Duffy,Joe,Duffy,"5' 10""",155 lbs.,"73""",Orthodox,"Feb 18, 1988",2.68,34%,3.78,54%,0.96,66%,64%,0.7,http://www.ufcstats.com/fighter-details/654ae722109a0d31,c51ba89947344bee9661ccd1c7c96d7a,2026-09-08 23:33:13.172146+00:00
http://www.ufcstats.com/fighter-details/4e0692ad070976e4,Lyman Good,Lyman,Good,"6' 0""",170 lbs.,"74""",Orthodox,"May 26, 1985",5.34,48%,4.01,63%,0.27,100%,75%,0.0,http://www.ufcstats.com/fighter-details/4e0692ad070976e4,c51ba89947344bee9661ccd1c7c96d7a,2026-09-08 23:33:22.878048+00:00
http://www.ufcstats.com/fighter-details/5331b25a60417ffb,Anthony Rocco Martin,Anthony,Rocco Martin,"6' 0""",170 lbs.,"73""",Orthodox,"Dec 11, 1989",2.68,37%,2.59,58%,0.71,27%,68%,1.0,http://www.ufcstats.com/fighter-details/5331b25a60417ffb,c51ba89947344bee9661ccd1c7c96d7a,2026-09-08 23:33:29.888511+00:00
http://www.ufcstats.com/fighter-details/e5c9de15bb58b1c6,Evan Dunham,Evan,Dunham,"5' 10""",155 lbs.,"70""",Southpaw,"Dec 18, 1981",5.33,39%,3.54,61%,1.82,33%,79%,1.0,http://www.ufcstats.com/fighter-details/e5c9de15bb58b1c6,c51ba89947344bee9661ccd1c7c96d7a,2026-09-08 23:33:34.349175+00:00
http://www.ufcstats.com/fighter-details/f77c68bb4be8516d,Yoel Romero,Yoel,Romero,"6' 0""",185 lbs.,"73""",Southpaw,"Apr 30, 1977",3.44,49%,3.05,60%,1.57,30%,78%,0.0,http://www.ufcstats.com/fighter-details/f77c68bb4be8516d,c51ba89947344bee9661ccd1c7c96d7a,2026-09-08 23:33:41.135762+00:00
http://www.ufcstats.com/fighter-details/5e4eec08896c9423,Corey Anderson,Corey,Anderson,"6' 3""",205 lbs.,"79""",Orthodox,"Sep 22, 1989",4.43,46%,2.22,59%,4.89,50%,83%,0.0,http://www.ufcstats.com/fighter-details/5e4eec08896c9423,c51ba89947344bee9661ccd1c7c96d7a,2026-09-08 23:33:50.971002+00:00
http://www.ufcstats.com/fighter-details/78114b7199cef90c,Urijah Faber,Urijah,Faber,"5' 6""",135 lbs.,"67""",Orthodox,"May 14, 1979",2.65,40%,2.59,64%,1.54,30%,58%,0.8,http://www.ufcstats.com/fighter-details/78114b7199cef90c,c51ba89947344bee9661ccd1c7c96d7a,2026-09-08 23:33:59.400084+00:00
http://www.ufcstats.com/fighter-details/484acc7b0f856ce9,Ben Saunders,Ben,Saunders,"6' 2""",170 lbs.,"77""",Orthodox,"Apr 13, 1983",3.23,50%,3.58,51%,0.20,40%,66%,1.3,http://www.ufcstats.com/fighter-details/484acc7b0f856ce9,c51ba89947344bee9661ccd1c7c96d7a,2026-09-08 23:34:01.725939+00:00
http://www.ufcstats.com/fighter-details/31ee470ef5dc8d7f,Thiago Alves,Thiago,Alves,"5' 9""",170 lbs.,"70""",Orthodox,"Oct 03, 1983",3.73,41%,3.42,62%,0.71,60%,63%,0.3,http://www.ufcstats.com/fighter-details/31ee470ef5dc8d7f,c51ba89947344bee9661ccd1c7c96d7a,2026-09-08 23:34:04.776577+00:00
http://www.ufcstats.com/fighter-details/1bcaac2d99b90fce,Sergio Moraes,Sergio,Moraes,"6' 0""",170 lbs.,"72""",Orthodox,"Jul 23, 1982",2.42,42%,3.73,59%,1.20,38%,75%,0.4,http://www.ufcstats.com/fighter-details/1bcaac2d99b90fce,c51ba89947344bee9661ccd1c7c96d7a,2026-09-08 23:34:07.772246+00:00
http://www.ufcstats.com/fighter-details/2c99576fefe53c7c,Renan Barao,Renan,Barao,"5' 6""",145 lbs.,"70""",Orthodox,"Jan 31, 1987",3.78,36%,3.90,57%,1.49,41%,91%,0.5,http://www.ufcstats.com/fighter-details/2c99576fefe53c7c,c51ba89947344bee9661ccd1c7c96d7a,2026-09-08 23:34:09.424970+00:00
http://www.ufcstats.com/fighter-details/87aa9fb63d6b51a1,Zabit Magomedsharipov,Zabit,Magomedsharipov,"6' 1""",145 lbs.,"73""",Orthodox,"Mar 01, 1991",4.89,48%,3.00,64%,5.22,56%,77%,0.8,http://www.ufcstats.com/fighter-details/87aa9fb63d6b51a1,c51ba89947344bee9661ccd1c7c96d7a,2026-09-08 23:34:12.350819+00:00
http://www.ufcstats.com/fighter-details/0b31f87be71ebbb1,Ben Askren,Ben,Askren,"5' 11""",170 lbs.,"73""",Orthodox,"Jul 18, 1984",3.64,49%,5.66,36%,4.33,55%,0%,0.9,http://www.ufcstats.com/fighter-details/0b31f87be71ebbb1,c51ba89947344bee9661ccd1c7c96d7a,2026-09-08 23:34:18.074475+00:00
http://www.ufcstats.com/fighter-details/31a13532e724ca2b,Stevie Ray,Stevie,Ray,"5' 10""",155 lbs.,"70""",Southpaw,"Mar 25, 1990",3.73,44%,2.93,54%,0.75,46%,55%,0.6,http://www.ufcstats.com/fighter-details/31a13532e724ca2b,c51ba89947344bee9661ccd1c7c96d7a,2026-09-08 23:34:19.631270+00:00
http://www.ufcstats.com/fighter-details/c17041f1bb5768d8,Alex White,Alex,White,"6' 0""",155 lbs.,"71""",Southpaw,"Oct 22, 1988",3.76,42%,3.07,60%,0.92,28%,71%,0.5,http://www.ufcstats.com/fighter-details/c17041f1bb5768d8,c51ba89947344bee9661ccd1c7c96d7a,2026-09-08 23:34:21.147340+00:00
http://www.ufcstats.com/fighter-details/3bad7ef643840f67,Joe Lauzon,Joe,Lauzon,"5' 10""",155 lbs.,"71""",Orthodox,"May 22, 1984",2.84,39%,5.39,54%,2.39,45%,54%,2.0,http://www.ufcstats.com/fighter-details/3bad7ef643840f67,c51ba89947344bee9661ccd1c7c96d7a,2026-09-08 23:34:24.050794+00:00
http://www.ufcstats.com/fighter-details/9c44f290f5726d95,Martin Bravo,Martin,Bravo,"5' 8""",145 lbs.,"71""",Southpaw,"Sep 21, 1993",7.66,39%,5.72,51%,2.60,35%,85%,0.0,http://www.ufcstats.com/fighter-details/9c44f290f5726d95,c51ba89947344bee9661ccd1c7c96d7a,2026-09-08 23:34:45.324634+00:00
http://www.ufcstats.com/fighter-details/edd02825c29028fe,Marco Polo Reyes,Marco,Polo Reyes,"5' 11""",155 lbs.,"71""",Orthodox,"Nov 07, 1984",6.00,37%,5.52,59%,0.00,0%,46%,0.0,http://www.ufcstats.com/fighter-details/edd02825c29028fe,c51ba89947344bee9661ccd1c7c96d7a,2026-09-08 23:34:48.100544+00:00
http://www.ufcstats.com/fighter-details/de75d1c45a39e221,Sergio Pettis,Sergio,Pettis,"5' 6""",125 lbs.,"69""",Orthodox,"Aug 18, 1993",3.88,37%,2.91,65%,0.85,40%,67%,0.4,http://www.ufcstats.com/fighter-details/de75d1c45a39e221,c51ba89947344bee9661ccd1c7c96d7a,2026-09-08 23:34:49.645333+00:00
http://www.ufcstats.com/fighter-details/bda04c573563cc2e,Todd Duffee,Todd,Duffee,"6' 3""",260 lbs.,"78""",Orthodox,"Dec 06, 1985",5.93,37%,2.87,56%,0.72,25%,90%,0.0,http://www.ufcstats.com/fighter-details/bda04c573563cc2e,c51ba89947344bee9661ccd1c7c96d7a,2026-09-08 23:34:52.594585+00:00
http://www.ufcstats.com/fighter-details/411539901068522f,Jodie Esquibel,Jodie,Esquibel,"5' 1""",115 lbs.,"64""",Orthodox,"May 07, 1986",4.10,31%,7.37,52%,0.75,21%,83%,0.0,http://www.ufcstats.com/fighter-details/411539901068522f,c51ba89947344bee9661ccd1c7c96d7a,2026-09-08 23:35:04.063195+00:00
http://www.ufcstats.com/fighter-details/51a0c09cbe9b8472,Liz Carmouche,Liz,Carmouche,"5' 6""",125 lbs.,"66""",Orthodox,"Feb 19, 1984",2.78,54%,2.51,61%,2.57,51%,65%,0.3,http://www.ufcstats.com/fighter-details/51a0c09cbe9b8472,c51ba89947344bee9661ccd1c7c96d7a,2026-09-08 23:35:05.524150+00:00
http://www.ufcstats.com/fighter-details/55ee431411ccf07a,Olivier Aubin-Mercier,Olivier,Aubin-Mercier,"5' 9""",155 lbs.,"70""",Southpaw,"Feb 23, 1989",2.48,51%,2.97,55%,2.36,33%,70%,0.5,http://www.ufcstats.com/fighter-details/55ee431411ccf07a,c51ba89947344bee9661ccd1c7c96d7a,2026-09-08 23:35:12.675930+00:00
http://www.ufcstats.com/fighter-details/99bd87a300079ed9,Erik Koch,Erik,Koch,"5' 10""",170 lbs.,"71""",Southpaw,"Oct 04, 1988",2.33,42%,2.82,47%,1.02,42%,81%,1.0,http://www.ufcstats.com/fighter-details/99bd87a300079ed9,c51ba89947344bee9661ccd1c7c96d7a,2026-09-08 23:35:16.891625+00:00
http://www.ufcstats.com/fighter-details/aa5b4eff51bdc7d1,Gilbert Melendez,Gilbert,Melendez,"5' 9""",145 lbs.,"73""",Orthodox,"Apr 12, 1982",3.44,33%,2.53,63%,1.64,41%,71%,0.2,http://www.ufcstats.com/fighter-details/aa5b4eff51bdc7d1,c51ba89947344bee9661ccd1c7c96d7a,2026-09-08 23:35:25.469592+00:00
http://www.ufcstats.com/fighter-details/c482c8605455a213,Junior Albini,Junior,Albini,"6' 3""",264 lbs.,"74""",Orthodox,"Mar 15, 1991",3.98,51%,6.08,52%,1.54,37%,100%,0.0,http://www.ufcstats.com/fighter-details/c482c8605455a213,c51ba89947344bee9661ccd1c7c96d7a,2026-09-08 23:35:28.234743+00:00
http://www.ufcstats.com/fighter-details/1e1dbd1cc5a7469e,Jimi Manuwa,Jimi,Manuwa,"6' 1""",205 lbs.,"79""",Orthodox,"Feb 18, 1980",3.43,54%,3.97,49%,0.53,18%,70%,0.4,http://www.ufcstats.com/fighter-details/1e1dbd1cc5a7469e,c51ba89947344bee9661ccd1c7c96d7a,2026-09-08 23:35:34.365829+00:00
http://www.ufcstats.com/fighter-details/2816ced060a21be3,Nick Hein,Nick,Hein,"5' 6""",155 lbs.,"66""",Southpaw,"Apr 24, 1984",2.65,35%,3.61,59%,0.86,33%,83%,0.0,http://www.ufcstats.com/fighter-details/2816ced060a21be3,c51ba89947344bee9661ccd1c7c96d7a,2026-09-08 23:35:38.345989+00:00
http://www.ufcstats.com/fighter-details/f046d724d2a84ac5,Desmond Green,Desmond,Green,"5' 10""",155 lbs.,"73""",Southpaw,"Oct 11, 1989",3.70,46%,2.51,69%,1.62,50%,75%,0.0,http://www.ufcstats.com/fighter-details/f046d724d2a84ac5,c51ba89947344bee9661ccd1c7c96d7a,2026-09-08 23:35:41.033787+00:00
http://www.ufcstats.com/fighter-details/e51e5cb722bd47a8,Patrick Cummins,Patrick,Cummins,"6' 2""",205 lbs.,"76""",Orthodox,"Nov 16, 1980",4.26,50%,3.35,55%,4.49,41%,28%,0.1,http://www.ufcstats.com/fighter-details/e51e5cb722bd47a8,c51ba89947344bee9661ccd1c7c96d7a,2026-09-08 23:35:42.479318+00:00
http://www.ufcstats.com/fighter-details/73c7cfa551289285,BJ Penn,BJ,Penn,"5' 9""",155 lbs.,"70""",Orthodox,"Dec 13, 1978",2.76,48%,3.20,56%,1.19,55%,74%,0.5,http://www.ufcstats.com/fighter-details/73c7cfa551289285,c51ba89947344bee9661ccd1c7c96d7a,2026-09-08 23:35:44.146340+00:00
http://www.ufcstats.com/fighter-details/34f88592c0ab7a54,Elias Theodorou,Elias,Theodorou,"6' 1""",185 lbs.,"75""",Orthodox,"May 31, 1988",4.19,42%,2.39,53%,1.27,28%,59%,0.0,http://www.ufcstats.com/fighter-details/34f88592c0ab7a54,c51ba89947344bee9661ccd1c7c96d7a,2026-09-08 23:35:47.065269+00:00
http://www.ufcstats.com/fighter-details/e45cfa47f504033a,Jason Gonzalez,Jason,Gonzalez,"6' 2""",155 lbs.,"74""",Southpaw,"Feb 28, 1990",3.06,39%,3.13,58%,0.00,0%,30%,1.0,http://www.ufcstats.com/fighter-details/e45cfa47f504033a,c51ba89947344bee9661ccd1c7c96d7a,2026-09-08 23:35:53.948615+00:00
http://www.ufcstats.com/fighter-details/4f732e58ed907eff,Ross Pearson,Ross,Pearson,"5' 8""",155 lbs.,"69""",Orthodox,"Sep 26, 1984",3.68,40%,4.09,62%,0.74,35%,75%,0.0,http://www.ufcstats.com/fighter-details/4f732e58ed907eff,c51ba89947344bee9661ccd1c7c96d7a,2026-09-08 23:36:06.068605+00:00
http://www.ufcstats.com/fighter-details/c80095f6092271a7,Tim Boetsch,Tim,Boetsch,"6' 0""",185 lbs.,"74""",Orthodox,"Jan 28, 1981",2.93,50%,2.90,57%,1.45,34%,59%,0.8,http://www.ufcstats.com/fighter-details/c80095f6092271a7,c51ba89947344bee9661ccd1c7c96d7a,2026-09-08 23:36:13.243098+00:00
http://www.ufcstats.com/fighter-details/08e908ed6d18d6a0,Myles Jury,Myles,Jury,"5' 10""",145 lbs.,"73""",Orthodox,"Oct 31, 1988",2.94,42%,2.16,66%,2.16,55%,50%,0.3,http://www.ufcstats.com/fighter-details/08e908ed6d18d6a0,c51ba89947344bee9661ccd1c7c96d7a,2026-09-08 23:36:18.828195+00:00
http://www.ufcstats.com/fighter-details/2747c60e42d9d75f,David Teymur,David,Teymur,"5' 9""",155 lbs.,"73""",Southpaw,"May 01, 1989",4.69,43%,3.53,55%,0.94,33%,77%,0.0,http://www.ufcstats.com/fighter-details/2747c60e42d9d75f,c51ba89947344bee9661ccd1c7c96d7a,2026-09-08 23:36:24.553161+00:00
http://www.ufcstats.com/fighter-details/6f242453c91a5af0,Dennis Bermudez,Dennis,Bermudez,"5' 6""",155 lbs.,"66""",Orthodox,"Dec 13, 1986",4.42,46%,3.07,59%,3.89,40%,82%,1.1,http://www.ufcstats.com/fighter-details/6f242453c91a5af0,c51ba89947344bee9661ccd1c7c96d7a,2026-09-08 23:36:28.974304+00:00
http://www.ufcstats.com/fighter-details/b5b684eac99ae0a3,Chad Mendes,Chad,Mendes,"5' 6""",145 lbs.,"66""",Orthodox,"May 01, 1985",2.78,49%,2.35,67%,4.13,55%,100%,0.3,http://www.ufcstats.com/fighter-details/b5b684eac99ae0a3,c51ba89947344bee9661ccd1c7c96d7a,2026-09-08 23:36:31.927461+00:00
http://www.ufcstats.com/fighter-details/eef9b891edbd4604,Mark Hunt,Mark,Hunt,"5' 10""",265 lbs.,"72""",Orthodox,"Mar 23, 1974",2.81,43%,2.90,51%,0.51,55%,64%,0.2,http://www.ufcstats.com/fighter-details/eef9b891edbd4604,c51ba89947344bee9661ccd1c7c96d7a,2026-09-08 23:36:40.988521+00:00
http://www.ufcstats.com/fighter-details/acff437707625fc7,Yushin Okami,Yushin,Okami,"6' 2""",170 lbs.,"75""",Southpaw,"Jul 21, 1981",2.06,38%,2.25,60%,1.98,39%,84%,0.5,http://www.ufcstats.com/fighter-details/acff437707625fc7,c51ba89947344bee9661ccd1c7c96d7a,2026-09-08 23:36:42.501367+00:00
http://www.ufcstats.com/fighter-details/9b1e3fb4f8cbd5b7,Ricky Rainey,Ricky,Rainey,"6' 1""",170 lbs.,"77""",Switch,"Jun 29, 1983",2.55,48%,2.62,46%,0.95,18%,55%,0.0,http://www.ufcstats.com/fighter-details/9b1e3fb4f8cbd5b7,c51ba89947344bee9661ccd1c7c96d7a,2026-09-08 23:36:55.451278+00:00
http://www.ufcstats.com/fighter-details/bb1a2cdad6ff34db,Jason Knight,Jason,Knight,"5' 10""",145 lbs.,"71""",Orthodox,"Jul 14, 1992",2.95,33%,3.02,51%,1.31,31%,47%,1.7,http://www.ufcstats.com/fighter-details/bb1a2cdad6ff34db,c51ba89947344bee9661ccd1c7c96d7a,2026-09-08 23:37:05.583920+00:00
http://www.ufcstats.com/fighter-details/02f2a9702ba3d167,Artem Lobov,Artem,Lobov,"5' 9""",145 lbs.,"65""",Southpaw,"Aug 11, 1986",3.52,41%,4.82,50%,0.39,25%,52%,0.0,http://www.ufcstats.com/fighter-details/02f2a9702ba3d167,c51ba89947344bee9661ccd1c7c96d7a,2026-09-08 23:37:08.390051+00:00
http://www.ufcstats.com/fighter-details/a2b12c3f3d60ff69,Alex Garcia,Alex,Garcia,"5' 9""",170 lbs.,"72""",Orthodox,"Jul 14, 1987",1.81,31%,3.03,59%,3.72,52%,66%,0.1,http://www.ufcstats.com/fighter-details/a2b12c3f3d60ff69,c51ba89947344bee9661ccd1c7c96d7a,2026-09-08 23:37:09.925127+00:00
http://www.ufcstats.com/fighter-details/7d96bc577e5178b2,Gray Maynard,Gray,Maynard,"5' 9""",155 lbs.,"70""",Orthodox,"May 09, 1979",1.92,32%,2.64,66%,2.91,47%,81%,0.7,http://www.ufcstats.com/fighter-details/7d96bc577e5178b2,c51ba89947344bee9661ccd1c7c96d7a,2026-09-08 23:37:13.090901+00:00
http://www.ufcstats.com/fighter-details/4c7781da8c6cae93,Ryan LaFlare,Ryan,LaFlare,"6' 1""",170 lbs.,"74""",Southpaw,"Oct 01, 1983",2.89,40%,1.86,63%,2.13,44%,58%,0.2,http://www.ufcstats.com/fighter-details/4c7781da8c6cae93,c51ba89947344bee9661ccd1c7c96d7a,2026-09-08 23:37:14.335638+00:00
http://www.ufcstats.com/fighter-details/cfb65863d5099327,Thales Leites,Thales,Leites,"6' 1""",185 lbs.,"78""",Orthodox,"Sep 06, 1981",2.13,40%,2.99,52%,2.10,27%,30%,1.1,http://www.ufcstats.com/fighter-details/cfb65863d5099327,c51ba89947344bee9661ccd1c7c96d7a,2026-09-08 23:37:17.326025+00:00
http://www.ufcstats.com/fighter-details/db1f2ed63b54b9a7,Hector Lombard,Hector,Lombard,"5' 9""",185 lbs.,"71""",Southpaw,"Feb 02, 1978",3.02,46%,3.35,53%,1.69,48%,77%,0.5,http://www.ufcstats.com/fighter-details/db1f2ed63b54b9a7,c51ba89947344bee9661ccd1c7c96d7a,2026-09-08 23:37:18.829245+00:00
http://www.ufcstats.com/fighter-details/5d7bdab5e03e3216,CB Dollaway,CB,Dollaway,"6' 2""",185 lbs.,"76""",Orthodox,"Aug 10, 1983",2.65,47%,2.58,54%,3.55,54%,62%,1.2,http://www.ufcstats.com/fighter-details/5d7bdab5e03e3216,c51ba89947344bee9661ccd1c7c96d7a,2026-09-08 23:37:23.058034+00:00
http://www.ufcstats.com/fighter-details/3dd949593346dbc3,Craig White,Craig,White,"6' 2""",170 lbs.,"76""",Orthodox,"Jul 01, 1990",1.23,40%,3.28,39%,0.00,0%,50%,0.8,http://www.ufcstats.com/fighter-details/3dd949593346dbc3,c51ba89947344bee9661ccd1c7c96d7a,2026-09-08 23:37:29.870717+00:00
http://www.ufcstats.com/fighter-details/d81ac739417d7f53,Jake Ellenberger,Jake,Ellenberger,"5' 9""",170 lbs.,"71""",Orthodox,"Mar 28, 1985",2.47,39%,2.83,60%,2.04,47%,86%,0.4,http://www.ufcstats.com/fighter-details/d81ac739417d7f53,c51ba89947344bee9661ccd1c7c96d7a,2026-09-08 23:37:34.329951+00:00
http://www.ufcstats.com/fighter-details/6c7e25571490aa3b,George Sullivan,George,Sullivan,"6' 0""",170 lbs.,"73""",Orthodox,"Mar 13, 1981",3.53,39%,2.42,57%,1.37,20%,38%,0.7,http://www.ufcstats.com/fighter-details/6c7e25571490aa3b,c51ba89947344bee9661ccd1c7c96d7a,2026-09-08 23:37:39.911990+00:00
http://www.ufcstats.com/fighter-details/53ec9cb470e1a4ea,Jon Tuck,Jon,Tuck,"5' 11""",155 lbs.,"73""",Orthodox,"Aug 28, 1984",3.00,40%,3.74,60%,0.42,33%,50%,1.0,http://www.ufcstats.com/fighter-details/53ec9cb470e1a4ea,c51ba89947344bee9661ccd1c7c96d7a,2026-09-08 23:37:43.200589+00:00
http://www.ufcstats.com/fighter-details/33a331684283900f,Eddie Alvarez,Eddie,Alvarez,"5' 9""",155 lbs.,"69""",Orthodox,"Jan 11, 1984",4.32,41%,4.39,55%,2.92,36%,92%,0.5,http://www.ufcstats.com/fighter-details/33a331684283900f,c51ba89947344bee9661ccd1c7c96d7a,2026-09-08 23:37:48.635093+00:00
http://www.ufcstats.com/fighter-details/2aa49b3766a59bcd,Jordan Mein,Jordan,Mein,"6' 0""",170 lbs.,"73""",Orthodox,"Oct 10, 1989",3.35,44%,2.55,69%,1.56,58%,66%,0.2,http://www.ufcstats.com/fighter-details/2aa49b3766a59bcd,c51ba89947344bee9661ccd1c7c96d7a,2026-09-08 23:37:50.075526+00:00
http://www.ufcstats.com/fighter-details/55ed59d541f8b90c,Rolando Dy,Rolando,Dy,"5' 8""",145 lbs.,"69""",Orthodox,"Aug 11, 1990",3.04,37%,4.47,52%,0.30,20%,68%,0.0,http://www.ufcstats.com/fighter-details/55ed59d541f8b90c,c51ba89947344bee9661ccd1c7c96d7a,2026-09-08 23:38:16.266440+00:00
http://www.ufcstats.com/fighter-details/ee779c43a8926d52,Rashad Evans,Rashad,Evans,"6' 0""",205 lbs.,"75""",Orthodox,"Sep 25, 1979",2.14,37%,2.42,63%,2.98,44%,73%,0.0,http://www.ufcstats.com/fighter-details/ee779c43a8926d52,c51ba89947344bee9661ccd1c7c96d7a,2026-09-08 23:38:26.098818+00:00
http://www.ufcstats.com/fighter-details/75e5fec9f72910ef,Gleison Tibau,Gleison,Tibau,"5' 10""",155 lbs.,"71""",Southpaw,"Oct 07, 1983",1.95,31%,2.51,63%,4.08,53%,92%,0.8,http://www.ufcstats.com/fighter-details/75e5fec9f72910ef,c51ba89947344bee9661ccd1c7c96d7a,2026-09-08 23:38:29.125126+00:00
http://www.ufcstats.com/fighter-details/0ee783aa00e468f0,Vitor Belfort,Vitor,Belfort,"6' 0""",185 lbs.,"74""",Southpaw,"Apr 01, 1977",1.59,46%,2.83,50%,1.02,60%,53%,0.6,http://www.ufcstats.com/fighter-details/0ee783aa00e468f0,c51ba89947344bee9661ccd1c7c96d7a,2026-09-08 23:38:39.383224+00:00
http://www.ufcstats.com/fighter-details/f5990c11974d8e9c,Mike Pyle,Mike,Pyle,"6' 0""",170 lbs.,"74""",Orthodox,"Sep 18, 1975",2.74,45%,2.84,60%,1.80,35%,70%,1.5,http://www.ufcstats.com/fighter-details/f5990c11974d8e9c,c51ba89947344bee9661ccd1c7c96d7a,2026-09-08 23:38:54.799123+00:00
http://www.ufcstats.com/fighter-details/6da99156486ed6c2,Joshua Burkman,Joshua,Burkman,"5' 10""",170 lbs.,"72""",Orthodox,"Apr 10, 1980",2.69,43%,3.13,51%,2.53,36%,72%,0.3,http://www.ufcstats.com/fighter-details/6da99156486ed6c2,c51ba89947344bee9661ccd1c7c96d7a,2026-09-08 23:39:01.042452+00:00
http://www.ufcstats.com/fighter-details/fa37628269132d1a,Godofredo Pepey,Godofredo,Pepey,"5' 7""",145 lbs.,"73""",Orthodox,"Jul 02, 1987",2.32,38%,3.23,47%,0.37,7%,35%,1.5,http://www.ufcstats.com/fighter-details/fa37628269132d1a,c51ba89947344bee9661ccd1c7c96d7a,2026-09-08 23:39:12.405550+00:00
http://www.ufcstats.com/fighter-details/71f048adbfed5b49,Sabah Homasi,Sabah,Homasi,"6' 0""",170 lbs.,"72""",Orthodox,"Oct 19, 1988",4.98,48%,6.91,47%,2.80,50%,66%,0.0,http://www.ufcstats.com/fighter-details/71f048adbfed5b49,c51ba89947344bee9661ccd1c7c96d7a,2026-09-08 23:39:16.776897+00:00
http://www.ufcstats.com/fighter-details/e14b5aa06eea9653,Abel Trujillo,Abel,Trujillo,"5' 8""",155 lbs.,"70""",Orthodox,"Sep 18, 1983",2.65,41%,2.31,59%,2.18,45%,40%,0.4,http://www.ufcstats.com/fighter-details/e14b5aa06eea9653,c51ba89947344bee9661ccd1c7c96d7a,2026-09-08 23:39:19.679640+00:00
http://www.ufcstats.com/fighter-details/5866fc86183a9fb8,Erick Silva,Erick,Silva,"6' 0""",170 lbs.,"74""",Orthodox,"Jun 21, 1984",2.50,48%,4.18,49%,0.85,35%,56%,1.4,http://www.ufcstats.com/fighter-details/5866fc86183a9fb8,c51ba89947344bee9661ccd1c7c96d7a,2026-09-08 23:39:22.542930+00:00
http://www.ufcstats.com/fighter-details/2b93ebd9f5417ad2,Michael Bisping,Michael,Bisping,"6' 1""",185 lbs.,"75""",Orthodox,"Feb 28, 1979",4.33,38%,2.71,65%,1.05,43%,63%,0.3,http://www.ufcstats.com/fighter-details/2b93ebd9f5417ad2,c51ba89947344bee9661ccd1c7c96d7a,2026-09-08 23:39:35.231506+00:00
http://www.ufcstats.com/fighter-details/dd12382f28296f7b,Wang Guan,Wang,Guan,"5' 9""",145 lbs.,"71""",Orthodox,"Mar 14, 1986",4.73,43%,3.27,60%,0.00,0%,0%,0.0,http://www.ufcstats.com/fighter-details/dd12382f28296f7b,c51ba89947344bee9661ccd1c7c96d7a,2026-09-08 23:39:36.492911+00:00
http://www.ufcstats.com/fighter-details/b6e6c3b1dcaae0a1,Will Brooks,Will,Brooks,"5' 10""",155 lbs.,"72""",Orthodox,"Oct 08, 1986",4.26,59%,2.54,56%,2.08,51%,82%,0.3,http://www.ufcstats.com/fighter-details/b6e6c3b1dcaae0a1,c51ba89947344bee9661ccd1c7c96d7a,2026-09-08 23:39:44.849565+00:00
http://www.ufcstats.com/fighter-details/a8e6a69796280f17,Nate Marquardt,Nate,Marquardt,"6' 0""",185 lbs.,"74""",Orthodox,"Apr 20, 1979",2.71,49%,2.32,55%,1.87,51%,70%,0.8,http://www.ufcstats.com/fighter-details/a8e6a69796280f17,c51ba89947344bee9661ccd1c7c96d7a,2026-09-08 23:39:47.557737+00:00
http://www.ufcstats.com/fighter-details/6506c1d34da9c013,Georges St-Pierre,Georges,St-Pierre,"5' 11""",185 lbs.,"76""",Orthodox,"May 19, 1981",3.78,53%,1.40,72%,4.16,74%,83%,1.1,http://www.ufcstats.com/fighter-details/6506c1d34da9c013,c51ba89947344bee9661ccd1c7c96d7a,2026-09-08 23:39:51.998146+00:00
http://www.ufcstats.com/fighter-details/0941df56f6ac954b,Johny Hendricks,Johny,Hendricks,"5' 9""",185 lbs.,"69""",Southpaw,"Sep 12, 1983",3.49,45%,3.99,53%,3.83,46%,63%,0.3,http://www.ufcstats.com/fighter-details/0941df56f6ac954b,c51ba89947344bee9661ccd1c7c96d7a,2026-09-08 23:39:53.581574+00:00
http://www.ufcstats.com/fighter-details/ed209f6618c82e41,Hacran Dias,Hacran,Dias,"5' 8""",155 lbs.,"69""",Orthodox,"Jun 16, 1984",2.08,41%,3.31,55%,2.50,39%,76%,0.5,http://www.ufcstats.com/fighter-details/ed209f6618c82e41,c51ba89947344bee9661ccd1c7c96d7a,2026-09-08 23:39:55.090351+00:00
http://www.ufcstats.com/fighter-details/bf43fed8f29e1671,Marcin Held,Marcin,Held,"5' 9""",155 lbs.,"71""",Orthodox,"Jan 18, 1992",1.41,34%,2.02,47%,2.46,46%,37%,1.3,http://www.ufcstats.com/fighter-details/bf43fed8f29e1671,c51ba89947344bee9661ccd1c7c96d7a,2026-09-08 23:39:59.376833+00:00
http://www.ufcstats.com/fighter-details/3be081c29bf734d9,Takanori Gomi,Takanori,Gomi,"5' 7""",155 lbs.,"70""",Southpaw,"Sep 22, 1978",3.81,41%,3.52,60%,1.23,65%,63%,0.8,http://www.ufcstats.com/fighter-details/3be081c29bf734d9,c51ba89947344bee9661ccd1c7c96d7a,2026-09-08 23:40:04.356691+00:00
http://www.ufcstats.com/fighter-details/203c957eac95dd87,Hyun Gyu Lim,Hyun,Gyu Lim,"6' 3""",170 lbs.,"77""",Orthodox,"Jan 16, 1985",4.45,41%,5.07,51%,0.23,100%,73%,0.2,http://www.ufcstats.com/fighter-details/203c957eac95dd87,c51ba89947344bee9661ccd1c7c96d7a,2026-09-08 23:40:08.405485+00:00
http://www.ufcstats.com/fighter-details/7dcf06c1967801c1,Adriano Martins,Adriano,Martins,"5' 10""",155 lbs.,"72""",Southpaw,"Dec 16, 1982",1.80,38%,2.14,65%,0.83,80%,81%,0.4,http://www.ufcstats.com/fighter-details/7dcf06c1967801c1,c51ba89947344bee9661ccd1c7c96d7a,2026-09-08 23:40:14.145135+00:00
http://www.ufcstats.com/fighter-details/3f11b5d4bd76a6d9,Damian Grabowski,Damian,Grabowski,"6' 1""",241 lbs.,"75""",Orthodox,"May 12, 1980",4.00,36%,7.65,51%,0.00,0%,0%,0.0,http://www.ufcstats.com/fighter-details/3f11b5d4bd76a6d9,c51ba89947344bee9661ccd1c7c96d7a,2026-09-08 23:40:22.730127+00:00
http://www.ufcstats.com/fighter-details/3236bf606fe9fa5b,Travis Browne,Travis,Browne,"6' 6""",255 lbs.,"79""",Orthodox,"Jul 17, 1982",2.93,41%,4.31,42%,1.21,68%,75%,0.2,http://www.ufcstats.com/fighter-details/3236bf606fe9fa5b,c51ba89947344bee9661ccd1c7c96d7a,2026-09-08 23:40:34.360910+00:00
http://www.ufcstats.com/fighter-details/5f87a5c00b3d17ed,Dennis Siver,Dennis,Siver,"5' 6""",145 lbs.,"70""",Orthodox,"Jan 13, 1979",3.87,32%,2.67,65%,0.87,32%,65%,0.3,http://www.ufcstats.com/fighter-details/5f87a5c00b3d17ed,c51ba89947344bee9661ccd1c7c96d7a,2026-09-08 23:40:41.396770+00:00
http://www.ufcstats.com/fighter-details/9bcf8603ceb25680,Dong Hyun Kim,Dong,Hyun Kim,"6' 2""",170 lbs.,"76""",Southpaw,"Nov 17, 1981",2.12,49%,1.89,58%,2.93,43%,71%,0.6,http://www.ufcstats.com/fighter-details/9bcf8603ceb25680,c51ba89947344bee9661ccd1c7c96d7a,2026-09-08 23:40:45.645345+00:00
http://www.ufcstats.com/fighter-details/0749d968e932df53,Tarec Saffiedine,Tarec,Saffiedine,"5' 10""",170 lbs.,"70""",Switch,"Sep 06, 1986",4.05,47%,3.06,62%,0.52,36%,84%,0.1,http://www.ufcstats.com/fighter-details/0749d968e932df53,c51ba89947344bee9661ccd1c7c96d7a,2026-09-08 23:40:47.113314+00:00
http://www.ufcstats.com/fighter-details/71df36d6d8cf0d74,Kiichi Kunimoto,Kiichi,Kunimoto,"5' 10""",170 lbs.,"71""",Orthodox,"May 01, 1981",1.87,44%,3.92,41%,1.59,20%,28%,0.3,http://www.ufcstats.com/fighter-details/71df36d6d8cf0d74,c51ba89947344bee9661ccd1c7c96d7a,2026-09-08 23:40:51.301012+00:00
http://www.ufcstats.com/fighter-details/e25bcbcdaf6537a1,Reza Madadi,Reza,Madadi,"5' 11""",155 lbs.,"73""",Orthodox,"Jun 20, 1978",2.51,46%,3.31,66%,3.17,33%,89%,0.5,http://www.ufcstats.com/fighter-details/e25bcbcdaf6537a1,c51ba89947344bee9661ccd1c7c96d7a,2026-09-08 23:40:57.386901+00:00
http://www.ufcstats.com/fighter-details/3f7c14c7eca7195d,Roy Nelson,Roy,Nelson,"6' 0""",263 lbs.,"73""",Orthodox,"Jun 20, 1976",2.18,36%,4.79,46%,1.14,27%,65%,0.1,http://www.ufcstats.com/fighter-details/3f7c14c7eca7195d,c51ba89947344bee9661ccd1c7c96d7a,2026-09-08 23:41:04.748948+00:00
http://www.ufcstats.com/fighter-details/7ea1f74cef32f906,Rashid Magomedov,Rashid,Magomedov,"5' 9""",155 lbs.,"70""",Orthodox,"Nov 29, 1984",4.40,49%,3.05,54%,0.67,57%,89%,0.2,http://www.ufcstats.com/fighter-details/7ea1f74cef32f906,c51ba89947344bee9661ccd1c7c96d7a,2026-09-08 23:41:05.950010+00:00
http://www.ufcstats.com/fighter-details/9fa3bd637edd9aa2,Patrick Cote,Patrick,Cote,"5' 11""",170 lbs.,"75""",Orthodox,"Feb 29, 1980",2.81,48%,3.21,48%,0.68,20%,43%,0.2,http://www.ufcstats.com/fighter-details/9fa3bd637edd9aa2,c51ba89947344bee9661ccd1c7c96d7a,2026-09-08 23:41:13.265765+00:00
http://www.ufcstats.com/fighter-details/b71ce838b01f2cad,Rony Jason,Rony,Jason,"5' 7""",145 lbs.,"73""",Orthodox,"Mar 21, 1984",2.04,44%,3.14,53%,0.59,30%,36%,0.8,http://www.ufcstats.com/fighter-details/b71ce838b01f2cad,c51ba89947344bee9661ccd1c7c96d7a,2026-09-08 23:41:19.070090+00:00
http://www.ufcstats.com/fighter-details/202b0467521c9d6f,Viktor Pesta,Viktor,Pesta,"6' 3""",240 lbs.,"77""",Orthodox,"Jul 15, 1990",1.58,36%,2.54,56%,3.29,28%,100%,0.0,http://www.ufcstats.com/fighter-details/202b0467521c9d6f,c51ba89947344bee9661ccd1c7c96d7a,2026-09-08 23:41:33.197796+00:00
http://www.ufcstats.com/fighter-details/282fa667ff9c51ed,Cole Miller,Cole,Miller,"6' 1""",145 lbs.,"73""",Orthodox,"Apr 26, 1984",3.00,33%,3.88,59%,0.60,36%,38%,1.8,http://www.ufcstats.com/fighter-details/282fa667ff9c51ed,c51ba89947344bee9661ccd1c7c96d7a,2026-09-08 23:41:38.777112+00:00
http://www.ufcstats.com/fighter-details/3c660c90d48fc80d,Tim Kennedy,Tim,Kennedy,"5' 11""",185 lbs.,"74""",Orthodox,"Sep 01, 1979",2.78,47%,1.84,62%,2.58,35%,70%,0.7,http://www.ufcstats.com/fighter-details/3c660c90d48fc80d,c51ba89947344bee9661ccd1c7c96d7a,2026-09-08 23:41:44.644995+00:00
http://www.ufcstats.com/fighter-details/c0ab242c40decc55,Ryan Bader,Ryan,Bader,"6' 2""",205 lbs.,"74""",Orthodox,"Jun 07, 1983",2.82,43%,1.39,71%,3.37,44%,80%,0.4,http://www.ufcstats.com/fighter-details/c0ab242c40decc55,c51ba89947344bee9661ccd1c7c96d7a,2026-09-08 23:42:08.678298+00:00
http://www.ufcstats.com/fighter-details/1ccf4e7caff270df,Dan Henderson,Dan,Henderson,"5' 11""",185 lbs.,"74""",Orthodox,"Aug 24, 1970",2.44,47%,2.70,51%,1.52,52%,57%,0.3,http://www.ufcstats.com/fighter-details/1ccf4e7caff270df,c51ba89947344bee9661ccd1c7c96d7a,2026-09-08 23:42:24.350435+00:00
http://www.ufcstats.com/fighter-details/8349d55cdecd393a,Antonio Silva,Antonio,Silva,"6' 4""",264 lbs.,"82""",Orthodox,"Sep 14, 1979",2.89,45%,3.09,50%,0.82,29%,66%,0.8,http://www.ufcstats.com/fighter-details/8349d55cdecd393a,c51ba89947344bee9661ccd1c7c96d7a,2026-09-08 23:42:32.822378+00:00
http://www.ufcstats.com/fighter-details/0c5c66ddd1886b83,Caio Magalhaes,Caio,Magalhaes,"6' 1""",185 lbs.,"73""",Orthodox,"Dec 14, 1987",2.27,40%,2.78,56%,1.05,15%,58%,1.6,http://www.ufcstats.com/fighter-details/0c5c66ddd1886b83,c51ba89947344bee9661ccd1c7c96d7a,2026-09-08 23:42:45.078615+00:00
http://www.ufcstats.com/fighter-details/ab850a77a0fa487d,Sean Spencer,Sean,Spencer,"5' 10""",170 lbs.,"74""",Orthodox,"Jun 25, 1987",4.24,32%,4.02,60%,0.14,33%,68%,0.0,http://www.ufcstats.com/fighter-details/ab850a77a0fa487d,c51ba89947344bee9661ccd1c7c96d7a,2026-09-08 23:42:46.510480+00:00
http://www.ufcstats.com/fighter-details/ad3f53c454cbbead,Josh Barnett,Josh,Barnett,"6' 3""",250 lbs.,"78""",Orthodox,"Nov 10, 1977",3.20,50%,2.11,57%,1.26,55%,55%,1.4,http://www.ufcstats.com/fighter-details/ad3f53c454cbbead,c51ba89947344bee9661ccd1c7c96d7a,2026-09-08 23:42:48.093894+00:00
http://www.ufcstats.com/fighter-details/159da492e000afbf,Leandro Silva,Leandro,Silva,"5' 9""",155 lbs.,"72""",Orthodox,"Nov 11, 1985",2.39,48%,2.08,63%,1.76,37%,65%,0.4,http://www.ufcstats.com/fighter-details/159da492e000afbf,c51ba89947344bee9661ccd1c7c96d7a,2026-09-08 23:42:52.253956+00:00
http://www.ufcstats.com/fighter-details/5b5307450405abf0,Rick Story,Rick,Story,"5' 9""",170 lbs.,"71""",Southpaw,"Aug 28, 1984",3.80,41%,2.17,62%,2.53,48%,63%,0.9,http://www.ufcstats.com/fighter-details/5b5307450405abf0,c51ba89947344bee9661ccd1c7c96d7a,2026-09-08 23:42:56.668689+00:00
http://www.ufcstats.com/fighter-details/9450848a71d53776,Lorenz Larkin,Lorenz,Larkin,"5' 11""",170 lbs.,"72""",Orthodox,"Sep 03, 1986",3.53,46%,2.74,63%,0.27,42%,79%,0.1,http://www.ufcstats.com/fighter-details/9450848a71d53776,c51ba89947344bee9661ccd1c7c96d7a,2026-09-08 23:42:59.631464+00:00
http://www.ufcstats.com/fighter-details/80d918336163b80c,Tatsuya Kawajiri,Tatsuya,Kawajiri,"5' 7""",145 lbs.,"69""",Orthodox,"May 08, 1978",2.04,44%,2.01,50%,3.63,48%,63%,1.1,http://www.ufcstats.com/fighter-details/80d918336163b80c,c51ba89947344bee9661ccd1c7c96d7a,2026-09-08 23:43:04.671598+00:00
http://www.ufcstats.com/fighter-details/7ea4a9f07df33a45,Francisco Rivera,Francisco,Rivera,"5' 8""",135 lbs.,"70""",Orthodox,"Oct 08, 1981",4.07,41%,3.16,68%,1.01,63%,68%,0.6,http://www.ufcstats.com/fighter-details/7ea4a9f07df33a45,c51ba89947344bee9661ccd1c7c96d7a,2026-09-08 23:43:06.077620+00:00
http://www.ufcstats.com/fighter-details/513c6f1715e547a8,Brock Lesnar,Brock,Lesnar,"6' 3""",265 lbs.,"81""",Orthodox,"Jul 12, 1977",3.53,72%,2.11,50%,3.90,55%,60%,0.5,http://www.ufcstats.com/fighter-details/513c6f1715e547a8,c51ba89947344bee9661ccd1c7c96d7a,2026-09-08 23:43:17.045341+00:00
http://www.ufcstats.com/fighter-details/8a59d346dc976a10,Thiago Tavares,Thiago,Tavares,"5' 7""",145 lbs.,"70""",Orthodox,"Nov 08, 1984",2.00,40%,2.31,62%,3.83,42%,62%,1.5,http://www.ufcstats.com/fighter-details/8a59d346dc976a10,c51ba89947344bee9661ccd1c7c96d7a,2026-09-08 23:43:19.761634+00:00
http://www.ufcstats.com/fighter-details/cbd5d3cdd862e90e,Rory MacDonald,Rory,MacDonald,"6' 0""",170 lbs.,"76""",Orthodox,"Jul 22, 1989",3.75,42%,2.80,62%,1.77,47%,88%,0.4,http://www.ufcstats.com/fighter-details/cbd5d3cdd862e90e,c51ba89947344bee9661ccd1c7c96d7a,2026-09-08 23:43:29.937774+00:00
http://www.ufcstats.com/fighter-details/83fd97284f4bb4a4,Efrain Escudero,Efrain,Escudero,"5' 9""",155 lbs.,"71""",Orthodox,"Jan 15, 1986",2.92,44%,2.30,63%,1.31,40%,66%,0.8,http://www.ufcstats.com/fighter-details/83fd97284f4bb4a4,c51ba89947344bee9661ccd1c7c96d7a,2026-09-08 23:43:41.342725+00:00
http://www.ufcstats.com/fighter-details/270b89c00ef0c55c,Gabriel Gonzaga,Gabriel,Gonzaga,"6' 2""",242 lbs.,"76""",Orthodox,"May 18, 1979",2.12,45%,2.94,57%,2.80,39%,66%,1.1,http://www.ufcstats.com/fighter-details/270b89c00ef0c55c,c51ba89947344bee9661ccd1c7c96d7a,2026-09-08 23:43:42.870952+00:00
http://www.ufcstats.com/fighter-details/1dafccb62a0f98ec,Robert Whiteford,Robert,Whiteford,"5' 9""",145 lbs.,"69""",Southpaw,"Apr 12, 1983",2.33,46%,1.99,62%,1.90,30%,45%,0.0,http://www.ufcstats.com/fighter-details/1dafccb62a0f98ec,c51ba89947344bee9661ccd1c7c96d7a,2026-09-08 23:43:48.623903+00:00
http://www.ufcstats.com/fighter-details/7413b80dbb0f8f9f,Lucas Martins,Lucas,Martins,"6' 0""",145 lbs.,"72""",Southpaw,"Nov 11, 1988",2.87,35%,4.14,60%,0.00,0%,76%,0.5,http://www.ufcstats.com/fighter-details/7413b80dbb0f8f9f,c51ba89947344bee9661ccd1c7c96d7a,2026-09-08 23:43:49.996278+00:00
http://www.ufcstats.com/fighter-details/1ff9589f9065a9ed,Frank Mir,Frank,Mir,"6' 3""",264 lbs.,"79""",Southpaw,"May 24, 1979",2.18,47%,3.84,38%,2.02,40%,54%,2.0,http://www.ufcstats.com/fighter-details/1ff9589f9065a9ed,c51ba89947344bee9661ccd1c7c96d7a,2026-09-08 23:43:51.569773+00:00
http://www.ufcstats.com/fighter-details/9b198c73e3d0d289,Justin Salas,Justin,Salas,"5' 8""",155 lbs.,"70""",Southpaw,"Mar 13, 1982",3.42,43%,2.96,68%,2.43,20%,0%,0.0,http://www.ufcstats.com/fighter-details/9b198c73e3d0d289,c51ba89947344bee9661ccd1c7c96d7a,2026-09-08 23:44:01.367903+00:00
http://www.ufcstats.com/fighter-details/14ff46596ad80609,Norman Parke,Norman,Parke,"5' 11""",155 lbs.,"70""",Southpaw,"Dec 22, 1986",3.06,35%,2.88,64%,1.98,26%,77%,0.0,http://www.ufcstats.com/fighter-details/14ff46596ad80609,c51ba89947344bee9661ccd1c7c96d7a,2026-09-08 23:44:07.106915+00:00
http://www.ufcstats.com/fighter-details/d512d9f204059f57,Joe Riggs,Joe,Riggs,"6' 0""",185 lbs.,"70""",Southpaw,"Sep 23, 1982",2.41,51%,1.69,57%,2.45,55%,62%,0.6,http://www.ufcstats.com/fighter-details/d512d9f204059f57,c51ba89947344bee9661ccd1c7c96d7a,2026-09-08 23:44:09.945479+00:00
http://www.ufcstats.com/fighter-details/5c1ca0c72b599a3c,Rafael Cavalcante,Rafael,Cavalcante,"6' 1""",205 lbs.,"74""",Orthodox,"Apr 14, 1980",2.71,53%,3.62,49%,0.60,40%,63%,0.1,http://www.ufcstats.com/fighter-details/5c1ca0c72b599a3c,c51ba89947344bee9661ccd1c7c96d7a,2026-09-08 23:44:15.571991+00:00
http://www.ufcstats.com/fighter-details/b7ffa72aa148599a,KJ Noons,KJ,Noons,"5' 10""",155 lbs.,"70""",Orthodox,"Dec 07, 1982",3.68,35%,3.78,65%,0.08,20%,68%,0.0,http://www.ufcstats.com/fighter-details/b7ffa72aa148599a,c51ba89947344bee9661ccd1c7c96d7a,2026-09-08 23:44:17.051880+00:00
http://www.ufcstats.com/fighter-details/4638cc6479cc0afe,Masio Fullen,Masio,Fullen,"5' 10""",145 lbs.,"70""",Orthodox,"Oct 06, 1986",2.46,32%,3.50,54%,0.47,33%,69%,0.0,http://www.ufcstats.com/fighter-details/4638cc6479cc0afe,c51ba89947344bee9661ccd1c7c96d7a,2026-09-08 23:44:19.895310+00:00
http://www.ufcstats.com/fighter-details/ba280572acfba13f,Matt Mitrione,Matt,Mitrione,"6' 3""",265 lbs.,"82""",Switch,"Jul 15, 1978",3.55,50%,2.79,64%,0.00,0%,55%,0.7,http://www.ufcstats.com/fighter-details/ba280572acfba13f,c51ba89947344bee9661ccd1c7c96d7a,2026-09-08 23:44:25.734317+00:00
http://www.ufcstats.com/fighter-details/c2e3e67b5911bfb7,Diego Brandao,Diego,Brandao,"5' 7""",145 lbs.,"64""",Orthodox,"May 27, 1987",2.94,47%,3.38,62%,3.21,68%,80%,0.6,http://www.ufcstats.com/fighter-details/c2e3e67b5911bfb7,c51ba89947344bee9661ccd1c7c96d7a,2026-09-08 23:44:28.709600+00:00
http://www.ufcstats.com/fighter-details/f3a078277b3b8ff4,Masanori Kanehara,Masanori,Kanehara,"5' 7""",135 lbs.,"67""",Orthodox,"Nov 19, 1982",1.88,49%,1.63,62%,1.44,50%,63%,0.9,http://www.ufcstats.com/fighter-details/f3a078277b3b8ff4,c51ba89947344bee9661ccd1c7c96d7a,2026-09-08 23:44:31.571165+00:00
http://www.ufcstats.com/fighter-details/d1e7fc58d4225cdf,Danny Castillo,Danny,Castillo,"5' 9""",155 lbs.,"71""",Orthodox,"Aug 25, 1979",2.57,42%,1.96,62%,2.95,38%,63%,0.2,http://www.ufcstats.com/fighter-details/d1e7fc58d4225cdf,c51ba89947344bee9661ccd1c7c96d7a,2026-09-08 23:44:37.328023+00:00
http://www.ufcstats.com/fighter-details/d53482bef23235ba,Marcio Alexandre Junior,Marcio,Alexandre Junior,"6' 0""",185 lbs.,"75""",Southpaw,"May 05, 1989",1.61,45%,2.89,42%,0.35,20%,66%,0.7,http://www.ufcstats.com/fighter-details/d53482bef23235ba,c51ba89947344bee9661ccd1c7c96d7a,2026-09-08 23:44:40.166806+00:00
http://www.ufcstats.com/fighter-details/fc31f896cde2bc2e,John Howard,John,Howard,"5' 7""",170 lbs.,"72""",Orthodox,"Mar 01, 1983",2.15,50%,3.08,51%,2.70,49%,53%,0.4,http://www.ufcstats.com/fighter-details/fc31f896cde2bc2e,c51ba89947344bee9661ccd1c7c96d7a,2026-09-08 23:44:47.355971+00:00
http://www.ufcstats.com/fighter-details/c1ea9d56cd953586,Emily Kagan,Emily,Kagan,"5' 3""",115 lbs.,--,,"Jul 14, 1981",2.60,36%,5.29,38%,1.86,14%,50%,0.0,http://www.ufcstats.com/fighter-details/c1ea9d56cd953586,c51ba89947344bee9661ccd1c7c96d7a,2026-09-08 23:44:50.206143+00:00
http://www.ufcstats.com/fighter-details/2676b28836a5a836,Benson Henderson,Benson,Henderson,"5' 9""",170 lbs.,"70""",Southpaw,"Nov 16, 1983",2.93,45%,1.79,63%,2.40,45%,63%,0.8,http://www.ufcstats.com/fighter-details/2676b28836a5a836,c51ba89947344bee9661ccd1c7c96d7a,2026-09-08 23:44:51.665727+00:00
http://www.ufcstats.com/fighter-details/b0550072e5f0afa7,Yoshihiro Akiyama,Yoshihiro,Akiyama,"5' 10""",170 lbs.,"75""",Orthodox,"Jul 29, 1975",3.10,41%,3.62,57%,2.29,67%,92%,1.0,http://www.ufcstats.com/fighter-details/b0550072e5f0afa7,c51ba89947344bee9661ccd1c7c96d7a,2026-09-08 23:44:53.190957+00:00
http://www.ufcstats.com/fighter-details/aed06011bf62237b,Dongi Yang,Dongi,Yang,"5' 10""",185 lbs.,"73""",Southpaw,"Dec 07, 1984",3.55,51%,3.21,63%,1.70,41%,61%,0.5,http://www.ufcstats.com/fighter-details/aed06011bf62237b,c51ba89947344bee9661ccd1c7c96d7a,2026-09-08 23:44:54.473607+00:00
http://www.ufcstats.com/fighter-details/a3be148af5c7b088,Piotr Hallmann,Piotr,Hallmann,"5' 9""",155 lbs.,"71""",Orthodox,"Aug 25, 1987",3.98,45%,3.17,58%,2.55,44%,70%,0.4,http://www.ufcstats.com/fighter-details/a3be148af5c7b088,c51ba89947344bee9661ccd1c7c96d7a,2026-09-08 23:45:12.330816+00:00
http://www.ufcstats.com/fighter-details/7a39bbac8cc0fa70,Gasan Umalatov,Gasan,Umalatov,"5' 11""",170 lbs.,"71""",Orthodox,"Sep 11, 1982",2.23,39%,4.10,59%,0.75,17%,90%,0.0,http://www.ufcstats.com/fighter-details/7a39bbac8cc0fa70,c51ba89947344bee9661ccd1c7c96d7a,2026-09-08 23:45:16.585176+00:00
http://www.ufcstats.com/fighter-details/ca2efc9d7d523c43,Shawn Jordan,Shawn,Jordan,"6' 0""",260 lbs.,"75""",Southpaw,"Oct 21, 1984",2.87,50%,3.30,47%,1.97,38%,76%,0.1,http://www.ufcstats.com/fighter-details/ca2efc9d7d523c43,c51ba89947344bee9661ccd1c7c96d7a,2026-09-08 23:45:29.846163+00:00
http://www.ufcstats.com/fighter-details/cc900c6a71ed23f3,Clay Collard,Clay,Collard,"5' 11""",145 lbs.,"73""",Orthodox,"Mar 10, 1993",4.22,32%,5.00,50%,2.81,39%,71%,0.5,http://www.ufcstats.com/fighter-details/cc900c6a71ed23f3,c51ba89947344bee9661ccd1c7c96d7a,2026-09-08 23:45:44.451619+00:00
http://www.ufcstats.com/fighter-details/501b07aec9b8fc2d,Sam Stout,Sam,Stout,"5' 9""",155 lbs.,"70""",Orthodox,"Apr 23, 1984",4.17,28%,4.08,57%,0.63,38%,77%,0.1,http://www.ufcstats.com/fighter-details/501b07aec9b8fc2d,c51ba89947344bee9661ccd1c7c96d7a,2026-09-08 23:45:48.702235+00:00
http://www.ufcstats.com/fighter-details/6809c31286b08d97,Tom Watson,Tom,Watson,"6' 1""",185 lbs.,"73""",Orthodox,"Jul 13, 1982",4.01,44%,4.41,50%,0.15,7%,43%,0.0,http://www.ufcstats.com/fighter-details/6809c31286b08d97,c51ba89947344bee9661ccd1c7c96d7a,2026-09-08 23:45:53.083256+00:00
http://www.ufcstats.com/fighter-details/ee9d73f4fee9cbdd,Antonio Rodrigo Nogueira,Antonio,Rodrigo Nogueira,"6' 3""",240 lbs.,"77""",Orthodox,"Jun 02, 1976",1.95,42%,2.40,55%,1.30,29%,36%,2.4,http://www.ufcstats.com/fighter-details/ee9d73f4fee9cbdd,c51ba89947344bee9661ccd1c7c96d7a,2026-09-08 23:45:58.839630+00:00
http://www.ufcstats.com/fighter-details/a566371ba2ad7152,Josh Thomson,Josh,Thomson,"5' 10""",155 lbs.,"71""",Orthodox,"Sep 21, 1978",2.59,47%,2.12,64%,1.92,39%,54%,1.3,http://www.ufcstats.com/fighter-details/a566371ba2ad7152,c51ba89947344bee9661ccd1c7c96d7a,2026-09-08 23:46:16.409007+00:00
http://www.ufcstats.com/fighter-details/d0c29452d3272603,Dan Miller,Dan,Miller,"6' 1""",185 lbs.,"74""",Orthodox,"Jun 30, 1981",2.03,36%,3.06,49%,1.67,54%,47%,1.8,http://www.ufcstats.com/fighter-details/d0c29452d3272603,c51ba89947344bee9661ccd1c7c96d7a,2026-09-08 23:46:21.919666+00:00
http://www.ufcstats.com/fighter-details/9fe85152f351e737,Mike Swick,Mike,Swick,"6' 1""",170 lbs.,"77""",Orthodox,"Jun 19, 1979",2.36,37%,2.29,54%,1.06,50%,61%,0.6,http://www.ufcstats.com/fighter-details/9fe85152f351e737,c51ba89947344bee9661ccd1c7c96d7a,2026-09-08 23:46:24.847409+00:00
http://www.ufcstats.com/fighter-details/bc3ec52ef70fc155,Ryan Jimmo,Ryan,Jimmo,"6' 1""",205 lbs.,"73""",Orthodox,"Nov 27, 1981",3.12,66%,2.77,46%,0.45,28%,87%,0.0,http://www.ufcstats.com/fighter-details/bc3ec52ef70fc155,c51ba89947344bee9661ccd1c7c96d7a,2026-09-08 23:46:41.212902+00:00
http://www.ufcstats.com/fighter-details/179f1948dc234f1f,Mark Munoz,Mark,Munoz,"6' 0""",185 lbs.,"71""",Orthodox,"Feb 09, 1978",3.12,51%,2.26,57%,3.17,29%,57%,0.6,http://www.ufcstats.com/fighter-details/179f1948dc234f1f,c51ba89947344bee9661ccd1c7c96d7a,2026-09-08 23:46:48.098333+00:00
http://www.ufcstats.com/fighter-details/ef7fa30364cbe7f2,Hatsu Hioki,Hatsu,Hioki,"5' 11""",145 lbs.,"73""",Orthodox,"Jul 18, 1983",2.42,42%,2.12,65%,2.55,56%,54%,0.6,http://www.ufcstats.com/fighter-details/ef7fa30364cbe7f2,c51ba89947344bee9661ccd1c7c96d7a,2026-09-08 23:46:56.580739+00:00
http://www.ufcstats.com/fighter-details/893d51aaf024eddd,Jimy Hettes,Jimy,Hettes,"5' 9""",145 lbs.,"71""",Southpaw,"Jun 09, 1987",3.47,57%,3.50,57%,5.20,44%,61%,1.4,http://www.ufcstats.com/fighter-details/893d51aaf024eddd,c51ba89947344bee9661ccd1c7c96d7a,2026-09-08 23:47:09.122085+00:00
http://www.ufcstats.com/fighter-details/c32fb8c0f6471a4d,Mirko Filipovic,Mirko,Filipovic,"6' 2""",230 lbs.,"73""",Southpaw,"Sep 10, 1974",2.11,50%,1.89,63%,0.19,40%,78%,0.3,http://www.ufcstats.com/fighter-details/c32fb8c0f6471a4d,c51ba89947344bee9661ccd1c7c96d7a,2026-09-08 23:47:10.852758+00:00
http://www.ufcstats.com/fighter-details/fd5b6598a3b70c0a,Seth Baczynski,Seth,Baczynski,"6' 3""",170 lbs.,"75""",Orthodox,"Oct 26, 1981",3.08,31%,3.14,51%,0.89,16%,48%,0.8,http://www.ufcstats.com/fighter-details/fd5b6598a3b70c0a,c51ba89947344bee9661ccd1c7c96d7a,2026-09-08 23:47:12.132686+00:00
http://www.ufcstats.com/fighter-details/960d6cae8879ba2b,Robert Peralta,Robert,Peralta,"5' 8""",145 lbs.,"71""",Orthodox,"Mar 14, 1986",3.76,44%,2.97,53%,0.59,66%,65%,0.0,http://www.ufcstats.com/fighter-details/960d6cae8879ba2b,c51ba89947344bee9661ccd1c7c96d7a,2026-09-08 23:47:17.614036+00:00
http://www.ufcstats.com/fighter-details/dd37fd509af89f15,Josh Koscheck,Josh,Koscheck,"5' 10""",170 lbs.,"73""",Orthodox,"Nov 30, 1977",1.79,36%,2.27,63%,2.46,48%,64%,0.4,http://www.ufcstats.com/fighter-details/dd37fd509af89f15,c51ba89947344bee9661ccd1c7c96d7a,2026-09-08 23:47:20.464234+00:00
http://www.ufcstats.com/fighter-details/16b89be2f5c16fba,Larissa Pacheco,Larissa,Pacheco,"5' 7""",135 lbs.,--,Orthodox,"Sep 07, 1994",1.21,19%,4.14,55%,0.00,0%,0%,0.0,http://www.ufcstats.com/fighter-details/16b89be2f5c16fba,c51ba89947344bee9661ccd1c7c96d7a,2026-09-08 23:47:31.584823+00:00
http://www.ufcstats.com/fighter-details/7e208569469c8bc8,Ruan Potts,Ruan,Potts,"6' 2""",247 lbs.,"75""",Orthodox,"Feb 23, 1978",0.85,37%,5.92,22%,0.75,16%,33%,2.3,http://www.ufcstats.com/fighter-details/7e208569469c8bc8,c51ba89947344bee9661ccd1c7c96d7a,2026-09-08 23:47:34.358843+00:00
http://www.ufcstats.com/fighter-details/ed74afc8b5b47a61,William Macario,William,Macario,"5' 11""",170 lbs.,"75""",Orthodox,"Jul 01, 1991",4.92,54%,3.96,65%,1.85,45%,78%,0.0,http://www.ufcstats.com/fighter-details/ed74afc8b5b47a61,c51ba89947344bee9661ccd1c7c96d7a,2026-09-08 23:47:36.956108+00:00
http://www.ufcstats.com/fighter-details/a4dc47001f202bcd,Rodrigo de Lima,Rodrigo,de Lima,"5' 7""",155 lbs.,--,Orthodox,"Mar 12, 1991",1.29,33%,5.50,32%,2.66,36%,0%,1.3,http://www.ufcstats.com/fighter-details/a4dc47001f202bcd,c51ba89947344bee9661ccd1c7c96d7a,2026-09-08 23:47:41.213062+00:00
http://www.ufcstats.com/fighter-details/3f52ce18fb98008f,Akira Corassani,Akira,Corassani,"5' 8""",145 lbs.,"68""",Orthodox,"Aug 27, 1982",3.25,45%,4.91,50%,0.70,28%,86%,0.0,http://www.ufcstats.com/fighter-details/3f52ce18fb98008f,c51ba89947344bee9661ccd1c7c96d7a,2026-09-08 23:47:48.899771+00:00
http://www.ufcstats.com/fighter-details/b6c4451cb13c9303,Andy Ogle,Andy,Ogle,"5' 8""",145 lbs.,"69""",Orthodox,"Feb 16, 1989",2.24,44%,2.23,50%,1.44,26%,58%,0.0,http://www.ufcstats.com/fighter-details/b6c4451cb13c9303,c51ba89947344bee9661ccd1c7c96d7a,2026-09-08 23:47:50.216867+00:00
http://www.ufcstats.com/fighter-details/a54fc2d6fc224dc3,Jamie Varner,Jamie,Varner,"5' 8""",155 lbs.,"71""",Orthodox,"Oct 12, 1984",2.92,34%,2.55,58%,3.49,53%,66%,0.8,http://www.ufcstats.com/fighter-details/a54fc2d6fc224dc3,c51ba89947344bee9661ccd1c7c96d7a,2026-09-08 23:48:06.530766+00:00
http://www.ufcstats.com/fighter-details/89a407032911e27e,Brendan Schaub,Brendan,Schaub,"6' 4""",245 lbs.,"78""",Orthodox,"Mar 18, 1983",2.92,37%,2.22,57%,2.32,46%,72%,0.4,http://www.ufcstats.com/fighter-details/89a407032911e27e,c51ba89947344bee9661ccd1c7c96d7a,2026-09-08 23:48:12.163867+00:00
http://www.ufcstats.com/fighter-details/5f04e3d58d9ce982,Yves Edwards,Yves,Edwards,"5' 9""",155 lbs.,"73""",Southpaw,"Sep 30, 1976",2.91,42%,2.34,66%,0.76,53%,69%,0.7,http://www.ufcstats.com/fighter-details/5f04e3d58d9ce982,c51ba89947344bee9661ccd1c7c96d7a,2026-09-08 23:48:16.469408+00:00
http://www.ufcstats.com/fighter-details/d403b1a6f278c95e,Vagner Rocha,Vagner,Rocha,"5' 10""",155 lbs.,"73""",Orthodox,"Jun 06, 1982",2.64,42%,4.50,48%,1.40,33%,50%,1.9,http://www.ufcstats.com/fighter-details/d403b1a6f278c95e,c51ba89947344bee9661ccd1c7c96d7a,2026-09-08 23:48:28.632800+00:00
http://www.ufcstats.com/fighter-details/e7fe5315b1efeb92,Guto Inocente,Guto,Inocente,"6' 3""",205 lbs.,--,Orthodox,"May 29, 1986",4.13,66%,2.92,54%,0.67,33%,66%,0.7,http://www.ufcstats.com/fighter-details/e7fe5315b1efeb92,c51ba89947344bee9661ccd1c7c96d7a,2026-09-08 23:48:29.956542+00:00
http://www.ufcstats.com/fighter-details/7abe471b61725980,Fabricio Camoes,Fabricio,Camoes,"5' 10""",155 lbs.,"71""",Orthodox,"Dec 23, 1978",1.29,33%,1.85,61%,2.34,32%,20%,1.5,http://www.ufcstats.com/fighter-details/7abe471b61725980,c51ba89947344bee9661ccd1c7c96d7a,2026-09-08 23:48:34.163754+00:00
http://www.ufcstats.com/fighter-details/6bf5a7d3e081ade2,Anthony Njokuani,Anthony,Njokuani,"6' 1""",155 lbs.,"75""",Orthodox,"Mar 01, 1980",3.94,46%,2.41,65%,0.50,45%,53%,0.2,http://www.ufcstats.com/fighter-details/6bf5a7d3e081ade2,c51ba89947344bee9661ccd1c7c96d7a,2026-09-08 23:48:37.548339+00:00
http://www.ufcstats.com/fighter-details/30a09e43f15f1d75,Paulo Thiago,Paulo,Thiago,"5' 11""",170 lbs.,"74""",Orthodox,"Jan 25, 1981",1.71,39%,1.99,63%,1.42,31%,63%,1.2,http://www.ufcstats.com/fighter-details/30a09e43f15f1d75,c51ba89947344bee9661ccd1c7c96d7a,2026-09-08 23:48:47.500059+00:00
http://www.ufcstats.com/fighter-details/d4f364dd076bb0e2,Cung Le,Cung,Le,"5' 9""",185 lbs.,"70""",Southpaw,"May 25, 1972",4.36,48%,2.98,66%,1.37,71%,88%,0.3,http://www.ufcstats.com/fighter-details/d4f364dd076bb0e2,c51ba89947344bee9661ccd1c7c96d7a,2026-09-08 23:48:51.895696+00:00
http://www.ufcstats.com/fighter-details/173acb3f920082b8,Roland Delorme,Roland,Delorme,"5' 9""",135 lbs.,"71""",Orthodox,"Dec 18, 1983",2.28,44%,4.32,40%,2.51,34%,42%,1.6,http://www.ufcstats.com/fighter-details/173acb3f920082b8,c51ba89947344bee9661ccd1c7c96d7a,2026-09-08 23:48:57.398326+00:00
http://www.ufcstats.com/fighter-details/2c6e81426dd7573c,Jack May,Jack,May,"6' 8""",255 lbs.,--,Switch,"Apr 14, 1981",1.52,38%,3.29,33%,0.91,33%,20%,0.0,http://www.ufcstats.com/fighter-details/2c6e81426dd7573c,c51ba89947344bee9661ccd1c7c96d7a,2026-09-08 23:48:59.985361+00:00
http://www.ufcstats.com/fighter-details/575360be653ad6a6,Hernani Perpetuo,Hernani,Perpetuo,"6' 0""",170 lbs.,--,Orthodox,"May 24, 1985",2.73,29%,4.37,55%,0.00,0%,37%,0.5,http://www.ufcstats.com/fighter-details/575360be653ad6a6,c51ba89947344bee9661ccd1c7c96d7a,2026-09-08 23:49:03.338767+00:00
http://www.ufcstats.com/fighter-details/d188a3b817860ec6,Steven Siler,Steven,Siler,"5' 11""",145 lbs.,"70""",Orthodox,"Feb 15, 1987",3.21,41%,2.96,54%,0.47,21%,55%,1.6,http://www.ufcstats.com/fighter-details/d188a3b817860ec6,c51ba89947344bee9661ccd1c7c96d7a,2026-09-08 23:49:04.779005+00:00
http://www.ufcstats.com/fighter-details/7bc96507e4b38d3b,Cody Donovan,Cody,Donovan,"6' 3""",205 lbs.,"74""",Orthodox,"Feb 20, 1981",5.61,59%,5.44,45%,1.67,28%,0%,1.7,http://www.ufcstats.com/fighter-details/7bc96507e4b38d3b,c51ba89947344bee9661ccd1c7c96d7a,2026-09-08 23:49:09.075240+00:00
http://www.ufcstats.com/fighter-details/50d2f0018bcf9eef,Pat Healy,Pat,Healy,"6' 0""",155 lbs.,"72""",Orthodox,"Jul 20, 1983",2.57,36%,2.57,50%,3.08,37%,55%,1.1,http://www.ufcstats.com/fighter-details/50d2f0018bcf9eef,c51ba89947344bee9661ccd1c7c96d7a,2026-09-08 23:49:10.528854+00:00
http://www.ufcstats.com/fighter-details/e5d03e4d966126bd,Jason High,Jason,High,"5' 8""",155 lbs.,"73""",Southpaw,"Oct 12, 1981",1.28,42%,1.56,48%,2.36,63%,37%,2.8,http://www.ufcstats.com/fighter-details/e5d03e4d966126bd,c51ba89947344bee9661ccd1c7c96d7a,2026-09-08 23:49:21.679652+00:00
http://www.ufcstats.com/fighter-details/d0a5ef38a7778ac2,Estevan Payan,Estevan,Payan,"5' 10""",145 lbs.,--,Orthodox,"Mar 14, 1982",4.25,42%,3.58,57%,0.36,100%,60%,0.4,http://www.ufcstats.com/fighter-details/d0a5ef38a7778ac2,c51ba89947344bee9661ccd1c7c96d7a,2026-09-08 23:49:30.173391+00:00
http://www.ufcstats.com/fighter-details/cf9d24e4bd0cf2ce,Mark Bocek,Mark,Bocek,"5' 8""",155 lbs.,"75""",Orthodox,"Oct 24, 1981",2.34,43%,2.32,60%,3.65,36%,31%,1.3,http://www.ufcstats.com/fighter-details/cf9d24e4bd0cf2ce,c51ba89947344bee9661ccd1c7c96d7a,2026-09-08 23:49:31.792059+00:00
http://www.ufcstats.com/fighter-details/fe435e440b5de0ff,Jake Shields,Jake,Shields,"6' 0""",170 lbs.,"72""",Orthodox,"Jan 09, 1979",2.45,36%,1.80,56%,2.83,29%,35%,1.2,http://www.ufcstats.com/fighter-details/fe435e440b5de0ff,c51ba89947344bee9661ccd1c7c96d7a,2026-09-08 23:49:36.029769+00:00
http://www.ufcstats.com/fighter-details/5cafbc97dba2e797,Robert McDaniel,Robert,McDaniel,"6' 3""",185 lbs.,"75""",Southpaw,"May 03, 1983",1.64,44%,1.98,56%,0.93,50%,50%,1.4,http://www.ufcstats.com/fighter-details/5cafbc97dba2e797,c51ba89947344bee9661ccd1c7c96d7a,2026-09-08 23:49:40.209462+00:00
http://www.ufcstats.com/fighter-details/ccd1299e0345e0ce,Melvin Guillard,Melvin,Guillard,"5' 9""",155 lbs.,"71""",Orthodox,"Mar 30, 1983",2.96,40%,1.85,66%,1.30,63%,61%,0.2,http://www.ufcstats.com/fighter-details/ccd1299e0345e0ce,c51ba89947344bee9661ccd1c7c96d7a,2026-09-08 23:49:41.643602+00:00
http://www.ufcstats.com/fighter-details/28f3c2258a1d8874,John Hathaway,John,Hathaway,"6' 1""",170 lbs.,"75""",Orthodox,"Jul 23, 1987",3.40,40%,1.80,62%,2.61,43%,60%,0.9,http://www.ufcstats.com/fighter-details/28f3c2258a1d8874,c51ba89947344bee9661ccd1c7c96d7a,2026-09-08 23:49:44.524736+00:00
http://www.ufcstats.com/fighter-details/15b1b21cd743d652,Rafaello Oliveira,Rafaello,Oliveira,"5' 8""",155 lbs.,"71""",Orthodox,"Jan 26, 1982",2.19,33%,3.38,59%,2.49,36%,11%,1.6,http://www.ufcstats.com/fighter-details/15b1b21cd743d652,c51ba89947344bee9661ccd1c7c96d7a,2026-09-08 23:49:51.791509+00:00
http://www.ufcstats.com/fighter-details/db5dc7cb80d7d418,Will Chope,Will,Chope,"6' 4""",145 lbs.,--,Switch,"Sep 08, 1990",4.43,27%,9.93,46%,0.00,0%,0%,0.0,http://www.ufcstats.com/fighter-details/db5dc7cb80d7d418,c51ba89947344bee9661ccd1c7c96d7a,2026-09-08 23:50:02.097325+00:00
http://www.ufcstats.com/fighter-details/d43a048a880efdff,Chris Leben,Chris,Leben,"5' 11""",185 lbs.,"73""",Southpaw,"Jul 21, 1980",2.87,42%,2.87,52%,1.14,41%,53%,0.8,http://www.ufcstats.com/fighter-details/d43a048a880efdff,c51ba89947344bee9661ccd1c7c96d7a,2026-09-08 23:50:06.609539+00:00
http://www.ufcstats.com/fighter-details/86f582852a5b240a,Mac Danzig,Mac,Danzig,"5' 8""",155 lbs.,"70""",Orthodox,"Jan 02, 1980",3.39,48%,3.44,57%,1.20,37%,46%,0.6,http://www.ufcstats.com/fighter-details/86f582852a5b240a,c51ba89947344bee9661ccd1c7c96d7a,2026-09-08 23:50:08.059340+00:00
http://www.ufcstats.com/fighter-details/48d1f690b763934c,Chael Sonnen,Chael,Sonnen,"6' 1""",205 lbs.,"73""",Southpaw,"Apr 03, 1977",3.08,43%,1.10,62%,3.81,59%,66%,0.4,http://www.ufcstats.com/fighter-details/48d1f690b763934c,c51ba89947344bee9661ccd1c7c96d7a,2026-09-08 23:50:19.359850+00:00
http://www.ufcstats.com/fighter-details/bbfca6d5c27d9cd8,Edwin Figueroa,Edwin,Figueroa,"5' 7""",135 lbs.,"69""",Orthodox,"Jul 31, 1984",2.57,39%,3.06,51%,0.20,100%,37%,0.6,http://www.ufcstats.com/fighter-details/bbfca6d5c27d9cd8,c51ba89947344bee9661ccd1c7c96d7a,2026-09-08 23:50:20.801582+00:00
http://www.ufcstats.com/fighter-details/5dfe71ade71f3a4b,Rosi Sexton,Rosi,Sexton,"5' 3""",135 lbs.,--,Orthodox,"Jul 16, 1977",3.31,39%,7.42,41%,0.75,10%,80%,0.0,http://www.ufcstats.com/fighter-details/5dfe71ade71f3a4b,c51ba89947344bee9661ccd1c7c96d7a,2026-09-08 23:50:25.793608+00:00
http://www.ufcstats.com/fighter-details/896c322f56b8be5a,George Sotiropoulos,George,Sotiropoulos,"5' 10""",155 lbs.,"71""",Orthodox,"Jul 09, 1977",2.61,27%,2.52,67%,2.32,31%,53%,1.6,http://www.ufcstats.com/fighter-details/896c322f56b8be5a,c51ba89947344bee9661ccd1c7c96d7a,2026-09-08 23:50:28.913733+00:00
http://www.ufcstats.com/fighter-details/98b80a717b9bda17,Matt Hamill,Matt,Hamill,"6' 1""",205 lbs.,"76""",Orthodox,"Oct 05, 1976",3.69,42%,3.80,61%,3.00,34%,91%,0.0,http://www.ufcstats.com/fighter-details/98b80a717b9bda17,c51ba89947344bee9661ccd1c7c96d7a,2026-09-08 23:50:36.158373+00:00
http://www.ufcstats.com/fighter-details/fa315e6c77eee106,Brandon Vera,Brandon,Vera,"6' 3""",230 lbs.,"78""",Orthodox,"Oct 10, 1977",3.03,56%,2.81,52%,0.70,53%,59%,0.2,http://www.ufcstats.com/fighter-details/fa315e6c77eee106,c51ba89947344bee9661ccd1c7c96d7a,2026-09-08 23:50:52.281333+00:00
http://www.ufcstats.com/fighter-details/8b69839f3555a67b,Martin Kampmann,Martin,Kampmann,"6' 0""",170 lbs.,"72""",Orthodox,"Apr 17, 1982",3.22,42%,3.28,62%,1.86,41%,78%,2.0,http://www.ufcstats.com/fighter-details/8b69839f3555a67b,c51ba89947344bee9661ccd1c7c96d7a,2026-09-08 23:50:58.494103+00:00
http://www.ufcstats.com/fighter-details/03c9994c5b8958ec,John Cholish,John,Cholish,"5' 11""",155 lbs.,"74""",Orthodox,"Dec 17, 1983",2.65,49%,2.29,73%,1.82,31%,78%,0.4,http://www.ufcstats.com/fighter-details/03c9994c5b8958ec,c51ba89947344bee9661ccd1c7c96d7a,2026-09-08 23:51:30.749985+00:00
http://www.ufcstats.com/fighter-details/4130a743d9d22163,Alan Belcher,Alan,Belcher,"6' 2""",185 lbs.,"75""",Orthodox,"Apr 24, 1984",2.70,41%,3.10,59%,0.44,26%,55%,0.9,http://www.ufcstats.com/fighter-details/4130a743d9d22163,c51ba89947344bee9661ccd1c7c96d7a,2026-09-08 23:51:35.060389+00:00
http://www.ufcstats.com/fighter-details/1eacf73d6a0055dc,Cheick Kongo,Cheick,Kongo,"6' 4""",240 lbs.,"82""",Orthodox,"May 17, 1975",3.33,56%,1.28,54%,2.30,56%,52%,0.2,http://www.ufcstats.com/fighter-details/1eacf73d6a0055dc,c51ba89947344bee9661ccd1c7c96d7a,2026-09-08 23:51:37.010530+00:00
http://www.ufcstats.com/fighter-details/917e53fa0adea0d3,Leonard Garcia,Leonard,Garcia,"5' 10""",145 lbs.,"68""",Orthodox,"Jul 14, 1979",2.77,24%,4.79,52%,0.30,26%,42%,0.5,http://www.ufcstats.com/fighter-details/917e53fa0adea0d3,c51ba89947344bee9661ccd1c7c96d7a,2026-09-08 23:51:38.444289+00:00
http://www.ufcstats.com/fighter-details/879f6cae48d25baa,Justin Lawrence,Justin,Lawrence,"5' 8""",145 lbs.,"67""",Orthodox,"May 15, 1990",3.84,35%,2.83,67%,0.72,28%,73%,0.0,http://www.ufcstats.com/fighter-details/879f6cae48d25baa,c51ba89947344bee9661ccd1c7c96d7a,2026-09-08 23:51:47.306465+00:00
http://www.ufcstats.com/fighter-details/8e5bfd4e82352340,Pablo Garza,Pablo,Garza,"6' 1""",145 lbs.,"73""",Orthodox,"Sep 16, 1983",3.37,44%,2.70,50%,0.94,25%,15%,1.3,http://www.ufcstats.com/fighter-details/8e5bfd4e82352340,c51ba89947344bee9661ccd1c7c96d7a,2026-09-08 23:51:50.190944+00:00
http://www.ufcstats.com/fighter-details/fef3d17e27e916e7,Antonio Carvalho,Antonio,Carvalho,"5' 9""",145 lbs.,"70""",Orthodox,"May 30, 1979",3.03,29%,3.62,64%,0.00,0%,100%,0.0,http://www.ufcstats.com/fighter-details/fef3d17e27e916e7,c51ba89947344bee9661ccd1c7c96d7a,2026-09-08 23:51:57.017077+00:00
http://www.ufcstats.com/fighter-details/a1f6999fe57236e0,Wanderlei Silva,Wanderlei,Silva,"5' 11""",205 lbs.,"74""",Orthodox,"Jul 03, 1976",2.79,40%,2.19,60%,0.97,53%,62%,0.6,http://www.ufcstats.com/fighter-details/a1f6999fe57236e0,c51ba89947344bee9661ccd1c7c96d7a,2026-09-08 23:52:02.349233+00:00
http://www.ufcstats.com/fighter-details/579fcdfcabd23a7b,Brian Stann,Brian,Stann,"6' 1""",205 lbs.,"74""",Orthodox,"Sep 24, 1980",3.28,42%,2.65,59%,0.12,12%,60%,0.3,http://www.ufcstats.com/fighter-details/579fcdfcabd23a7b,c51ba89947344bee9661ccd1c7c96d7a,2026-09-08 23:52:03.971976+00:00
http://www.ufcstats.com/fighter-details/7c35f869033901ae,Riki Fukuda,Riki,Fukuda,"6' 0""",185 lbs.,"73""",Southpaw,"Jan 06, 1981",4.24,43%,3.71,64%,2.17,43%,70%,0.0,http://www.ufcstats.com/fighter-details/7c35f869033901ae,c51ba89947344bee9661ccd1c7c96d7a,2026-09-08 23:52:05.403435+00:00
http://www.ufcstats.com/fighter-details/d1a1314976c50bef,Josh Neer,Josh,Neer,"5' 11""",170 lbs.,"72""",Orthodox,"Mar 24, 1983",3.29,46%,3.63,58%,1.09,34%,46%,1.3,http://www.ufcstats.com/fighter-details/d1a1314976c50bef,c51ba89947344bee9661ccd1c7c96d7a,2026-09-08 23:52:06.922074+00:00
http://www.ufcstats.com/fighter-details/a0602dd050bebefc,Jon Manley,Jon,Manley,"6' 1""",170 lbs.,--,Orthodox,"Jul 07, 1986",1.13,20%,4.33,45%,1.00,7%,20%,0.0,http://www.ufcstats.com/fighter-details/a0602dd050bebefc,c51ba89947344bee9661ccd1c7c96d7a,2026-09-08 23:52:15.619017+00:00
http://www.ufcstats.com/fighter-details/f8dc544e7077d014,Jorge Santiago,Jorge,Santiago,"6' 1""",170 lbs.,"75""",Orthodox,"Oct 09, 1980",1.69,35%,2.62,56%,0.58,30%,52%,0.8,http://www.ufcstats.com/fighter-details/f8dc544e7077d014,c51ba89947344bee9661ccd1c7c96d7a,2026-09-08 23:52:17.028335+00:00
http://www.ufcstats.com/fighter-details/33011768c3c4dc9a,Terry Etim,Terry,Etim,"6' 1""",155 lbs.,"73""",Orthodox,"Jan 11, 1986",2.16,35%,2.53,67%,0.43,30%,39%,1.4,http://www.ufcstats.com/fighter-details/33011768c3c4dc9a,c51ba89947344bee9661ccd1c7c96d7a,2026-09-08 23:52:21.252725+00:00
http://www.ufcstats.com/fighter-details/7b143a54451263d9,Paul Sass,Paul,Sass,"6' 0""",155 lbs.,"73""",Orthodox,"Aug 04, 1988",0.53,26%,1.90,51%,0.53,16%,33%,7.4,http://www.ufcstats.com/fighter-details/7b143a54451263d9,c51ba89947344bee9661ccd1c7c96d7a,2026-09-08 23:52:22.575711+00:00
http://www.ufcstats.com/fighter-details/60ba33c3f555a7a3,Josh Grispi,Josh,Grispi,"5' 11""",145 lbs.,"74""",Orthodox,"Oct 14, 1988",1.44,41%,3.71,50%,1.97,36%,16%,2.2,http://www.ufcstats.com/fighter-details/60ba33c3f555a7a3,c51ba89947344bee9661ccd1c7c96d7a,2026-09-08 23:52:23.939466+00:00
http://www.ufcstats.com/fighter-details/d34636a85f0f4c90,Motonobu Tezuka,Motonobu,Tezuka,"5' 7""",135 lbs.,--,Southpaw,"Aug 29, 1987",0.87,23%,2.80,51%,1.50,11%,0%,0.5,http://www.ufcstats.com/fighter-details/d34636a85f0f4c90,c51ba89947344bee9661ccd1c7c96d7a,2026-09-08 23:52:25.257245+00:00
http://www.ufcstats.com/fighter-details/6f018c039b4d5d80,Jon Fitch,Jon,Fitch,"6' 0""",170 lbs.,"74""",Orthodox,"Feb 24, 1978",2.61,50%,1.65,54%,3.60,51%,56%,0.8,http://www.ufcstats.com/fighter-details/6f018c039b4d5d80,c51ba89947344bee9661ccd1c7c96d7a,2026-09-08 23:52:28.082132+00:00
http://www.ufcstats.com/fighter-details/6f81b6de2557739a,Jacob Volkmann,Jacob,Volkmann,"5' 9""",155 lbs.,"71""",Southpaw,"Sep 05, 1980",1.19,34%,1.78,52%,3.19,48%,52%,2.0,http://www.ufcstats.com/fighter-details/6f81b6de2557739a,c51ba89947344bee9661ccd1c7c96d7a,2026-09-08 23:52:31.097487+00:00
http://www.ufcstats.com/fighter-details/ccdd90bd1fc7dab6,Vladimir Matyushenko,Vladimir,Matyushenko,"6' 0""",205 lbs.,"74""",Orthodox,"Jan 04, 1971",1.90,44%,1.62,59%,3.25,46%,70%,0.1,http://www.ufcstats.com/fighter-details/ccdd90bd1fc7dab6,c51ba89947344bee9661ccd1c7c96d7a,2026-09-08 23:52:34.118412+00:00
http://www.ufcstats.com/fighter-details/b0a6124751a56bc4,Jonathan Brookins,Jonathan,Brookins,"6' 0""",145 lbs.,"74""",Southpaw,"Aug 13, 1985",2.69,39%,3.63,56%,1.94,17%,80%,0.3,http://www.ufcstats.com/fighter-details/b0a6124751a56bc4,c51ba89947344bee9661ccd1c7c96d7a,2026-09-08 23:52:48.116205+00:00
http://www.ufcstats.com/fighter-details/c23e3d4875340d8d,Zhang Tiequan,Zhang,Tiequan,"5' 8""",155 lbs.,"69""",Orthodox,"Jul 25, 1978",1.23,36%,2.14,51%,1.95,58%,75%,3.4,http://www.ufcstats.com/fighter-details/c23e3d4875340d8d,c51ba89947344bee9661ccd1c7c96d7a,2026-09-08 23:53:04.693540+00:00
http://www.ufcstats.com/fighter-details/d5f820c11a121050,Aaron Simpson,Aaron,Simpson,"6' 0""",170 lbs.,"73""",Orthodox,"Jul 20, 1974",3.60,52%,2.53,56%,3.78,34%,83%,0.5,http://www.ufcstats.com/fighter-details/d5f820c11a121050,c51ba89947344bee9661ccd1c7c96d7a,2026-09-08 23:53:14.529443+00:00
http://www.ufcstats.com/fighter-details/75e0d3cc2262b732,Shane Roller,Shane,Roller,"5' 10""",155 lbs.,"72""",Orthodox,"Jul 14, 1979",2.04,34%,2.65,60%,2.46,33%,42%,1.9,http://www.ufcstats.com/fighter-details/75e0d3cc2262b732,c51ba89947344bee9661ccd1c7c96d7a,2026-09-08 23:53:17.516652+00:00
http://www.ufcstats.com/fighter-details/84ac950d4c1722dd,Duane Ludwig,Duane,Ludwig,"5' 10""",170 lbs.,"70""",Orthodox,"Aug 04, 1978",4.62,44%,3.05,57%,0.43,25%,59%,0.1,http://www.ufcstats.com/fighter-details/84ac950d4c1722dd,c51ba89947344bee9661ccd1c7c96d7a,2026-09-08 23:53:20.386630+00:00
http://www.ufcstats.com/fighter-details/f59e9e49ef85b469,Jason Young,Jason,Young,"5' 9""",145 lbs.,"73""",Orthodox,"Jun 28, 1986",2.97,37%,3.20,50%,1.98,66%,55%,0.0,http://www.ufcstats.com/fighter-details/f59e9e49ef85b469,c51ba89947344bee9661ccd1c7c96d7a,2026-09-08 23:53:23.189000+00:00
http://www.ufcstats.com/fighter-details/9f842be1a5337be6,Michihiro Omigawa,Michihiro,Omigawa,"5' 6""",145 lbs.,"68""",Orthodox,"Dec 19, 1975",2.01,39%,3.06,64%,1.19,36%,49%,1.5,http://www.ufcstats.com/fighter-details/9f842be1a5337be6,c51ba89947344bee9661ccd1c7c96d7a,2026-09-08 23:53:32.737593+00:00
http://www.ufcstats.com/fighter-details/c96e2ae6021144a1,Damacio Page,Damacio,Page,"5' 6""",135 lbs.,"66""",Orthodox,"Sep 30, 1982",2.05,38%,2.47,51%,2.63,64%,23%,0.9,http://www.ufcstats.com/fighter-details/c96e2ae6021144a1,c51ba89947344bee9661ccd1c7c96d7a,2026-09-08 23:53:34.193628+00:00
http://www.ufcstats.com/fighter-details/7a15f3694c5cbc02,John Alessio,John,Alessio,"5' 10""",155 lbs.,"72""",Orthodox,"Jul 05, 1979",2.10,39%,2.91,54%,1.85,38%,70%,1.2,http://www.ufcstats.com/fighter-details/7a15f3694c5cbc02,c51ba89947344bee9661ccd1c7c96d7a,2026-09-08 23:53:41.269846+00:00
http://www.ufcstats.com/fighter-details/f34312c2ccfa0e00,Spencer Fisher,Spencer,Fisher,"5' 7""",155 lbs.,"68""",Southpaw,"May 09, 1976",3.17,43%,3.03,64%,0.67,30%,60%,0.8,http://www.ufcstats.com/fighter-details/f34312c2ccfa0e00,c51ba89947344bee9661ccd1c7c96d7a,2026-09-08 23:53:49.417123+00:00
http://www.ufcstats.com/fighter-details/7bc475b0fc2020ab,Luis Ramos,Luis,Ramos,"5' 8""",170 lbs.,--,Orthodox,"Jan 18, 1981",2.40,35%,5.60,42%,1.50,20%,100%,0.0,http://www.ufcstats.com/fighter-details/7bc475b0fc2020ab,c51ba89947344bee9661ccd1c7c96d7a,2026-09-08 23:53:50.773132+00:00
http://www.ufcstats.com/fighter-details/7a613f78dd7ee8f8,Bernardo Magalhaes,Bernardo,Magalhaes,"5' 9""",155 lbs.,--,Orthodox,"Apr 08, 1981",1.80,27%,3.37,68%,0.00,0%,0%,0.5,http://www.ufcstats.com/fighter-details/7a613f78dd7ee8f8,c51ba89947344bee9661ccd1c7c96d7a,2026-09-08 23:53:55.481102+00:00
http://www.ufcstats.com/fighter-details/de12bd65e2f46478,Pat Schilling,Pat,Schilling,"5' 8""",145 lbs.,--,Orthodox,"Aug 28, 1988",1.87,26%,8.24,52%,0.00,0%,0%,0.0,http://www.ufcstats.com/fighter-details/de12bd65e2f46478,c51ba89947344bee9661ccd1c7c96d7a,2026-09-08 23:53:58.208054+00:00
http://www.ufcstats.com/fighter-details/b2f88c04c4dd43ce,Jason Miller,Jason,Miller,"6' 1""",185 lbs.,--,Orthodox,"Dec 24, 1980",1.83,43%,2.30,49%,1.31,28%,43%,1.3,http://www.ufcstats.com/fighter-details/b2f88c04c4dd43ce,c51ba89947344bee9661ccd1c7c96d7a,2026-09-08 23:54:02.623179+00:00
http://www.ufcstats.com/fighter-details/2be6596a9db33bf5,Jason MacDonald,Jason,MacDonald,"6' 3""",185 lbs.,"80""",Orthodox,"Jun 03, 1975",1.55,52%,2.70,46%,1.43,16%,35%,2.0,http://www.ufcstats.com/fighter-details/2be6596a9db33bf5,c51ba89947344bee9661ccd1c7c96d7a,2026-09-08 23:54:05.291158+00:00
http://www.ufcstats.com/fighter-details/ece280745f8727b8,Kamal Shalorus,Kamal,Shalorus,"5' 8""",155 lbs.,"68""",Orthodox,"Aug 27, 1972",3.06,32%,2.99,70%,2.07,50%,80%,0.0,http://www.ufcstats.com/fighter-details/ece280745f8727b8,c51ba89947344bee9661ccd1c7c96d7a,2026-09-08 23:54:06.733493+00:00
http://www.ufcstats.com/fighter-details/53f84637dfffab7a,Eric Wisely,Eric,Wisely,"5' 8""",145 lbs.,--,Southpaw,"Jul 25, 1984",1.42,47%,2.08,56%,0.00,0%,27%,0.9,http://www.ufcstats.com/fighter-details/53f84637dfffab7a,c51ba89947344bee9661ccd1c7c96d7a,2026-09-08 23:54:16.032973+00:00
http://www.ufcstats.com/fighter-details/51b1e2fd9872005b,Mackens Semerzier,Mackens,Semerzier,"5' 9""",145 lbs.,"72""",Orthodox,"Nov 03, 1980",2.91,45%,3.48,46%,2.14,50%,50%,2.1,http://www.ufcstats.com/fighter-details/51b1e2fd9872005b,c51ba89947344bee9661ccd1c7c96d7a,2026-09-08 23:54:18.606302+00:00
http://www.ufcstats.com/fighter-details/8c8c92a12621d7e0,Chris Cope,Chris,Cope,"6' 0""",170 lbs.,"72""",Orthodox,"Mar 05, 1983",3.96,26%,4.82,50%,0.00,0%,80%,0.0,http://www.ufcstats.com/fighter-details/8c8c92a12621d7e0,c51ba89947344bee9661ccd1c7c96d7a,2026-09-08 23:54:21.401522+00:00
http://www.ufcstats.com/fighter-details/cb46dface0e28a2c,Jorge Rivera,Jorge,Rivera,"6' 1""",185 lbs.,"73""",Orthodox,"Feb 28, 1972",3.16,48%,2.64,54%,0.84,50%,63%,0.1,http://www.ufcstats.com/fighter-details/cb46dface0e28a2c,c51ba89947344bee9661ccd1c7c96d7a,2026-09-08 23:54:25.464345+00:00
http://www.ufcstats.com/fighter-details/f59f1d3a2ff13edd,Eric Schafer,Eric,Schafer,"6' 3""",185 lbs.,"76""",Orthodox,"Sep 20, 1977",1.89,34%,3.38,56%,1.81,36%,50%,1.8,http://www.ufcstats.com/fighter-details/f59f1d3a2ff13edd,c51ba89947344bee9661ccd1c7c96d7a,2026-09-08 23:54:26.827893+00:00
http://www.ufcstats.com/fighter-details/5df17b3620145578,Cole Escovedo,Cole,Escovedo,"5' 7""",135 lbs.,"72""",Orthodox,"Aug 30, 1981",1.77,43%,4.32,49%,0.43,33%,13%,0.0,http://www.ufcstats.com/fighter-details/5df17b3620145578,c51ba89947344bee9661ccd1c7c96d7a,2026-09-08 23:54:45.502529+00:00
http://www.ufcstats.com/fighter-details/6224e8d0a34264eb,Edward Faaloloto,Edward,Faaloloto,--,155 lbs.,"70""",Orthodox,"Jul 15, 1984",2.28,32%,6.25,44%,1.01,25%,33%,0.0,http://www.ufcstats.com/fighter-details/6224e8d0a34264eb,c51ba89947344bee9661ccd1c7c96d7a,2026-09-08 23:54:49.548259+00:00
http://www.ufcstats.com/fighter-details/20205040232ed0f3,Tyson Griffin,Tyson,Griffin,"5' 6""",145 lbs.,"68""",Orthodox,"Apr 20, 1984",3.71,41%,2.30,65%,1.87,46%,59%,0.9,http://www.ufcstats.com/fighter-details/20205040232ed0f3,c51ba89947344bee9661ccd1c7c96d7a,2026-09-08 23:54:52.332317+00:00
http://www.ufcstats.com/fighter-details/a66395395b5f1394,Danny Downes,Danny,Downes,"6' 0""",155 lbs.,"72""",Orthodox,"Apr 08, 1986",1.66,34%,3.53,37%,0.00,0%,37%,0.5,http://www.ufcstats.com/fighter-details/a66395395b5f1394,c51ba89947344bee9661ccd1c7c96d7a,2026-09-08 23:54:55.030926+00:00
http://www.ufcstats.com/fighter-details/cb139171ed1b69fe,Kenny Florian,Kenny,Florian,"5' 10""",145 lbs.,"74""",Southpaw,"May 26, 1976",2.41,40%,1.85,63%,2.22,33%,60%,1.3,http://www.ufcstats.com/fighter-details/cb139171ed1b69fe,c51ba89947344bee9661ccd1c7c96d7a,2026-09-08 23:54:56.552032+00:00
http://www.ufcstats.com/fighter-details/e26882820f9e8df5,Mike Lullo,Mike,Lullo,"5' 8""",145 lbs.,--,Orthodox,"Jul 24, 1979",2.48,36%,4.84,40%,1.18,11%,0%,0.6,http://www.ufcstats.com/fighter-details/e26882820f9e8df5,c51ba89947344bee9661ccd1c7c96d7a,2026-09-08 23:55:03.221531+00:00
http://www.ufcstats.com/fighter-details/91acd6910b802a9e,Chris Lytle,Chris,Lytle,"5' 11""",170 lbs.,"68""",Orthodox,"Aug 18, 1974",3.76,45%,3.03,58%,0.70,55%,55%,2.4,http://www.ufcstats.com/fighter-details/91acd6910b802a9e,c51ba89947344bee9661ccd1c7c96d7a,2026-09-08 23:55:07.691601+00:00
http://www.ufcstats.com/fighter-details/79899ecf62020f6d,Joe Stevenson,Joe,Stevenson,"5' 7""",145 lbs.,"70""",Orthodox,"Jun 15, 1982",2.05,44%,2.44,60%,2.75,44%,39%,2.2,http://www.ufcstats.com/fighter-details/79899ecf62020f6d,c51ba89947344bee9661ccd1c7c96d7a,2026-09-08 23:55:15.076981+00:00
http://www.ufcstats.com/fighter-details/68dd7b3783c19f9c,Shane Carwin,Shane,Carwin,"6' 2""",265 lbs.,"80""",Orthodox,"Jan 04, 1975",4.38,47%,3.53,53%,1.42,33%,42%,0.0,http://www.ufcstats.com/fighter-details/68dd7b3783c19f9c,c51ba89947344bee9661ccd1c7c96d7a,2026-09-08 23:55:19.016231+00:00
http://www.ufcstats.com/fighter-details/234f3767ff0e5701,Kendall Grove,Kendall,Grove,"6' 6""",185 lbs.,"79""",Orthodox,"Nov 12, 1982",2.31,41%,2.40,54%,0.49,45%,56%,1.7,http://www.ufcstats.com/fighter-details/234f3767ff0e5701,c51ba89947344bee9661ccd1c7c96d7a,2026-09-08 23:55:25.754579+00:00
http://www.ufcstats.com/fighter-details/aae99701b21554e4,Ryan Jensen,Ryan,Jensen,"6' 1""",185 lbs.,"76""",Orthodox,"Sep 20, 1977",2.84,39%,2.99,59%,1.55,50%,31%,1.9,http://www.ufcstats.com/fighter-details/aae99701b21554e4,c51ba89947344bee9661ccd1c7c96d7a,2026-09-08 23:55:30.206426+00:00
http://www.ufcstats.com/fighter-details/df2bf09c99594848,Mario Miranda,Mario,Miranda,"6' 3""",185 lbs.,"74""",Orthodox,"Jul 12, 1979",1.96,54%,2.46,36%,1.02,60%,54%,0.0,http://www.ufcstats.com/fighter-details/df2bf09c99594848,c51ba89947344bee9661ccd1c7c96d7a,2026-09-08 23:55:36.624303+00:00
http://www.ufcstats.com/fighter-details/91186547a7f3f758,Ricardo Almeida,Ricardo,Almeida,"6' 0""",170 lbs.,"74""",Orthodox,"Nov 29, 1976",2.02,49%,1.20,61%,3.74,38%,31%,1.2,http://www.ufcstats.com/fighter-details/91186547a7f3f758,c51ba89947344bee9661ccd1c7c96d7a,2026-09-08 23:55:39.279522+00:00
http://www.ufcstats.com/fighter-details/aa1952ec0b3dd8e1,Kurt Pellegrino,Kurt,Pellegrino,"5' 8""",155 lbs.,"70""",Orthodox,"May 07, 1979",2.45,43%,1.94,63%,2.90,54%,69%,0.8,http://www.ufcstats.com/fighter-details/aa1952ec0b3dd8e1,c51ba89947344bee9661ccd1c7c96d7a,2026-09-08 23:55:40.673347+00:00
http://www.ufcstats.com/fighter-details/aac5ac38148f0528,Paul Kelly,Paul,Kelly,"5' 9""",155 lbs.,"70""",Orthodox,"Sep 12, 1984",3.22,37%,2.61,59%,1.34,60%,30%,1.5,http://www.ufcstats.com/fighter-details/aac5ac38148f0528,c51ba89947344bee9661ccd1c7c96d7a,2026-09-08 23:55:50.187552+00:00
http://www.ufcstats.com/fighter-details/b7d524c77c27389b,Marcus Davis,Marcus,Davis,"5' 10""",170 lbs.,"70""",Southpaw,"Aug 24, 1973",2.72,39%,2.79,65%,1.60,48%,47%,1.4,http://www.ufcstats.com/fighter-details/b7d524c77c27389b,c51ba89947344bee9661ccd1c7c96d7a,2026-09-08 23:55:59.621097+00:00
http://www.ufcstats.com/fighter-details/1652f3213655b935,Phil Baroni,Phil,Baroni,"5' 9""",170 lbs.,"72""",Orthodox,"Apr 16, 1976",2.77,45%,3.93,40%,1.46,47%,60%,0.5,http://www.ufcstats.com/fighter-details/1652f3213655b935,c51ba89947344bee9661ccd1c7c96d7a,2026-09-08 23:56:01.778590+00:00
http://www.ufcstats.com/fighter-details/3dc3022232b79c7a,Brian Foster,Brian,Foster,"5' 9""",170 lbs.,"71""",Orthodox,"Apr 03, 1984",3.30,39%,1.63,65%,3.67,60%,37%,1.8,http://www.ufcstats.com/fighter-details/3dc3022232b79c7a,c51ba89947344bee9661ccd1c7c96d7a,2026-09-08 23:56:18.546969+00:00
http://www.ufcstats.com/fighter-details/349aaa3da11eb587,Karo Parisyan,Karo,Parisyan,"5' 10""",170 lbs.,"72""",Orthodox,"Aug 28, 1982",2.49,41%,2.19,58%,5.27,59%,59%,1.0,http://www.ufcstats.com/fighter-details/349aaa3da11eb587,c51ba89947344bee9661ccd1c7c96d7a,2026-09-08 23:56:19.987456+00:00
http://www.ufcstats.com/fighter-details/852454c572675334,James Wilks,James,Wilks,"6' 1""",170 lbs.,"75""",Orthodox,"May 04, 1978",1.82,45%,2.03,50%,1.27,22%,66%,3.8,http://www.ufcstats.com/fighter-details/852454c572675334,c51ba89947344bee9661ccd1c7c96d7a,2026-09-08 23:56:29.493845+00:00
http://www.ufcstats.com/fighter-details/029880cdbf5ca089,Sean Sherk,Sean,Sherk,"5' 6""",155 lbs.,"67""",Orthodox,"Aug 05, 1973",2.17,35%,2.71,55%,4.09,46%,56%,0.4,http://www.ufcstats.com/fighter-details/029880cdbf5ca089,c51ba89947344bee9661ccd1c7c96d7a,2026-09-08 23:56:36.515989+00:00
http://www.ufcstats.com/fighter-details/6085ceb59087514b,Steve Lopez,Steve,Lopez,"5' 11""",155 lbs.,--,Orthodox,"Jul 30, 1984",1.39,24%,2.69,62%,0.00,0%,37%,0.0,http://www.ufcstats.com/fighter-details/6085ceb59087514b,c51ba89947344bee9661ccd1c7c96d7a,2026-09-08 23:56:37.988124+00:00
http://www.ufcstats.com/fighter-details/5731cc327790b731,Matt Veach,Matt,Veach,"5' 11""",155 lbs.,--,Orthodox,"May 31, 1981",1.12,28%,4.91,44%,3.64,38%,100%,1.5,http://www.ufcstats.com/fighter-details/5731cc327790b731,c51ba89947344bee9661ccd1c7c96d7a,2026-09-08 23:57:14.059857+00:00
http://www.ufcstats.com/fighter-details/52cae54377b433b7,Nate Quarry,Nate,Quarry,"6' 0""",185 lbs.,"72""",Open Stance,"Mar 18, 1972",4.96,44%,2.80,66%,0.25,33%,60%,0.0,http://www.ufcstats.com/fighter-details/52cae54377b433b7,c51ba89947344bee9661ccd1c7c96d7a,2026-09-08 23:57:16.697594+00:00
http://www.ufcstats.com/fighter-details/dc0f07928009a127,Rob Emerson,Rob,Emerson,"5' 9""",155 lbs.,"70""",Orthodox,"Jul 30, 1981",2.50,30%,2.83,64%,2.02,52%,65%,0.4,http://www.ufcstats.com/fighter-details/dc0f07928009a127,c51ba89947344bee9661ccd1c7c96d7a,2026-09-08 23:57:19.478973+00:00
http://www.ufcstats.com/fighter-details/eb1723480fa2f96c,Caol Uno,Caol,Uno,"5' 7""",155 lbs.,"70""",Southpaw,"May 08, 1975",1.91,49%,1.90,50%,1.95,31%,37%,0.5,http://www.ufcstats.com/fighter-details/eb1723480fa2f96c,c51ba89947344bee9661ccd1c7c96d7a,2026-09-08 23:57:20.924033+00:00
http://www.ufcstats.com/fighter-details/f0abbb6f3444dae7,Paul Buentello,Paul,Buentello,"6' 2""",245 lbs.,"77""",Orthodox,"Jan 16, 1974",3.29,45%,3.83,52%,0.19,33%,39%,0.4,http://www.ufcstats.com/fighter-details/f0abbb6f3444dae7,c51ba89947344bee9661ccd1c7c96d7a,2026-09-08 23:57:25.014512+00:00
http://www.ufcstats.com/fighter-details/9f1641c08cf8fbe2,Shannon Gugerty,Shannon,Gugerty,"5' 10""",155 lbs.,"71""",Orthodox,"Dec 30, 1981",1.25,39%,1.88,58%,2.13,27%,50%,3.4,http://www.ufcstats.com/fighter-details/9f1641c08cf8fbe2,c51ba89947344bee9661ccd1c7c96d7a,2026-09-08 23:57:26.434263+00:00
http://www.ufcstats.com/fighter-details/231926533134ec1f,Justin Buchholz,Justin,Buchholz,"6' 0""",155 lbs.,"73""",Orthodox,"Aug 22, 1983",2.35,26%,4.14,51%,0.00,0%,33%,0.8,http://www.ufcstats.com/fighter-details/231926533134ec1f,c51ba89947344bee9661ccd1c7c96d7a,2026-09-08 23:57:32.176565+00:00
http://www.ufcstats.com/fighter-details/a6959da32f0e6b5d,Kyle Bradley,Kyle,Bradley,"5' 9""",155 lbs.,"71""",Orthodox,"Aug 19, 1982",1.99,40%,3.45,58%,0.65,50%,40%,0.0,http://www.ufcstats.com/fighter-details/a6959da32f0e6b5d,c51ba89947344bee9661ccd1c7c96d7a,2026-09-08 23:57:36.334685+00:00
http://www.ufcstats.com/fighter-details/fa8b9e6b0c2269f8,Jason Dent,Jason,Dent,"5' 10""",155 lbs.,"71""",Orthodox,"Jun 12, 1980",2.01,39%,3.70,62%,0.00,0%,26%,1.4,http://www.ufcstats.com/fighter-details/fa8b9e6b0c2269f8,c51ba89947344bee9661ccd1c7c96d7a,2026-09-08 23:57:49.878008+00:00
http://www.ufcstats.com/fighter-details/3c241737a6069b9f,Denis Kang,Denis,Kang,"5' 11""",185 lbs.,"77""",Orthodox,"Sep 17, 1977",2.27,35%,1.65,67%,2.51,65%,38%,1.2,http://www.ufcstats.com/fighter-details/3c241737a6069b9f,c51ba89947344bee9661ccd1c7c96d7a,2026-09-08 23:57:51.232115+00:00
http://www.ufcstats.com/fighter-details/69b69c0178c4004d,Antoni Hardonk,Antoni,Hardonk,"6' 4""",245 lbs.,"78""",Orthodox,"Feb 05, 1976",3.40,61%,3.07,46%,0.00,0%,40%,0.9,http://www.ufcstats.com/fighter-details/69b69c0178c4004d,c51ba89947344bee9661ccd1c7c96d7a,2026-09-08 23:57:53.871654+00:00
http://www.ufcstats.com/fighter-details/e0ec3c3b6b611f7e,Hermes Franca,Hermes,Franca,"5' 6""",155 lbs.,"71""",Orthodox,"Aug 26, 1974",1.78,39%,2.85,55%,1.53,36%,37%,2.4,http://www.ufcstats.com/fighter-details/e0ec3c3b6b611f7e,c51ba89947344bee9661ccd1c7c96d7a,2026-09-08 23:57:56.973760+00:00
http://www.ufcstats.com/fighter-details/daf1b84aebd6602b,Roger Huerta,Roger,Huerta,"5' 9""",155 lbs.,"70""",Orthodox,"May 20, 1983",3.64,36%,2.33,56%,2.13,46%,52%,0.5,http://www.ufcstats.com/fighter-details/daf1b84aebd6602b,c51ba89947344bee9661ccd1c7c96d7a,2026-09-08 23:57:59.934483+00:00
http://www.ufcstats.com/fighter-details/04643fd03d9159cc,Marcus Aurelio,Marcus,Aurelio,"5' 10""",155 lbs.,"74""",Orthodox,"Aug 18, 1973",1.42,33%,2.27,59%,1.69,27%,27%,1.3,http://www.ufcstats.com/fighter-details/04643fd03d9159cc,c51ba89947344bee9661ccd1c7c96d7a,2026-09-08 23:58:05.035983+00:00
http://www.ufcstats.com/fighter-details/20bcc9966affb19c,Jake O'Brien,Jake,O'Brien,"6' 3""",205 lbs.,"76""",Orthodox,"Sep 25, 1984",1.31,31%,1.92,69%,6.39,54%,25%,0.2,http://www.ufcstats.com/fighter-details/20bcc9966affb19c,c51ba89947344bee9661ccd1c7c96d7a,2026-09-08 23:58:09.049830+00:00
http://www.ufcstats.com/fighter-details/1efa064872f089d0,David Bielkheden,David,Bielkheden,"5' 10""",155 lbs.,"71""",Orthodox,"Jun 06, 1979",1.11,57%,1.64,54%,2.65,63%,14%,0.0,http://www.ufcstats.com/fighter-details/1efa064872f089d0,c51ba89947344bee9661ccd1c7c96d7a,2026-09-08 23:58:22.551525+00:00
http://www.ufcstats.com/fighter-details/0359313549d230a1,Pete Sell,Pete,Sell,"5' 11""",170 lbs.,"75""",Orthodox,"Aug 05, 1982",2.60,42%,3.65,51%,0.91,21%,47%,0.9,http://www.ufcstats.com/fighter-details/0359313549d230a1,c51ba89947344bee9661ccd1c7c96d7a,2026-09-08 23:58:34.684065+00:00
http://www.ufcstats.com/fighter-details/a6fd2173d5e2d7f0,Jason Day,Jason,Day,"6' 0""",185 lbs.,"72""",Orthodox,"May 19, 1981",3.61,54%,3.46,47%,1.13,100%,0%,0.0,http://www.ufcstats.com/fighter-details/a6fd2173d5e2d7f0,c51ba89947344bee9661ccd1c7c96d7a,2026-09-08 23:58:37.403487+00:00
http://www.ufcstats.com/fighter-details/9583662df31d943f,Luigi Fioravanti,Luigi,Fioravanti,"5' 8""",170 lbs.,"70""",Orthodox,"Jan 22, 1981",2.23,42%,2.21,69%,3.76,63%,67%,0.9,http://www.ufcstats.com/fighter-details/9583662df31d943f,c51ba89947344bee9661ccd1c7c96d7a,2026-09-08 23:58:45.643834+00:00
http://www.ufcstats.com/fighter-details/7d21de9c6d7c98b2,Rich Clementi,Rich,Clementi,"5' 9""",155 lbs.,"72""",Southpaw,"Mar 31, 1976",1.43,37%,2.29,60%,1.72,42%,25%,1.1,http://www.ufcstats.com/fighter-details/7d21de9c6d7c98b2,c51ba89947344bee9661ccd1c7c96d7a,2026-09-08 23:58:47.021592+00:00
http://www.ufcstats.com/fighter-details/de62052b2ede65ba,Matt Arroyo,Matt,Arroyo,"5' 10""",170 lbs.,"72""",Orthodox,"Sep 01, 1982",1.62,47%,2.01,58%,2.12,36%,100%,5.3,http://www.ufcstats.com/fighter-details/de62052b2ede65ba,c51ba89947344bee9661ccd1c7c96d7a,2026-09-08 23:58:53.669401+00:00
http://www.ufcstats.com/fighter-details/b732b326c362fb62,Ryan Thomas,Ryan,Thomas,"6' 0""",170 lbs.,--,Orthodox,"Nov 05, 1984",2.01,36%,4.17,30%,5.59,33%,0%,2.2,http://www.ufcstats.com/fighter-details/b732b326c362fb62,c51ba89947344bee9661ccd1c7c96d7a,2026-09-08 23:59:22.962071+00:00
http://www.ufcstats.com/fighter-details/80c0bed43da0e27b,David Baron,David,Baron,"5' 6""",155 lbs.,--,Switch,"Feb 15, 1973",1.17,30%,2.10,56%,0.00,0%,14%,0.7,http://www.ufcstats.com/fighter-details/80c0bed43da0e27b,c51ba89947344bee9661ccd1c7c96d7a,2026-09-08 23:59:29.122383+00:00
http://www.ufcstats.com/fighter-details/1208ffc5be6e31ad,Samy Schiavo,Samy,Schiavo,"5' 8""",155 lbs.,--,Orthodox,"Dec 24, 1975",1.68,34%,2.62,38%,0.94,50%,66%,0.9,http://www.ufcstats.com/fighter-details/1208ffc5be6e31ad,c51ba89947344bee9661ccd1c7c96d7a,2026-09-08 23:59:30.431951+00:00
http://www.ufcstats.com/fighter-details/da97d6c97d09c030,Charles McCarthy,Charles,McCarthy,"5' 10""",185 lbs.,"71""",Orthodox,"Aug 06, 1980",0.18,12%,4.03,56%,2.67,60%,0%,2.7,http://www.ufcstats.com/fighter-details/da97d6c97d09c030,c51ba89947344bee9661ccd1c7c96d7a,2026-09-08 23:59:53.950029+00:00
http://www.ufcstats.com/fighter-details/40a604761ca7d64d,Din Thomas,Din,Thomas,"5' 9""",155 lbs.,--,Orthodox,"Sep 28, 1976",1.85,37%,2.60,59%,1.38,52%,76%,1.2,http://www.ufcstats.com/fighter-details/40a604761ca7d64d,c51ba89947344bee9661ccd1c7c96d7a,2026-09-08 23:59:56.579361+00:00
http://www.ufcstats.com/fighter-details/c9bbf1a0285a8076,Jeff Cox,Jeff,Cox,"5' 10""",155 lbs.,--,Orthodox,"Aug 02, 1968",0.56,25%,1.69,33%,4.23,50%,80%,0.0,http://www.ufcstats.com/fighter-details/c9bbf1a0285a8076,c51ba89947344bee9661ccd1c7c96d7a,2026-09-08 23:59:59.116492+00:00
http://www.ufcstats.com/fighter-details/2a542ee8a8b83559,Tim Sylvia,Tim,Sylvia,"6' 8""",265 lbs.,"80""",Orthodox,"Mar 05, 1976",4.23,41%,2.61,61%,0.11,100%,75%,0.1,http://www.ufcstats.com/fighter-details/2a542ee8a8b83559,c51ba89947344bee9661ccd1c7c96d7a,2026-09-09 00:00:04.536807+00:00
http://www.ufcstats.com/fighter-details/4f4dac51adc1af4f,Diego Saraiva,Diego,Saraiva,"5' 6""",155 lbs.,--,Orthodox,"Apr 23, 1982",1.64,32%,3.58,62%,1.33,40%,0%,0.7,http://www.ufcstats.com/fighter-details/4f4dac51adc1af4f,c51ba89947344bee9661ccd1c7c96d7a,2026-09-09 00:00:31.794191+00:00
http://www.ufcstats.com/fighter-details/817e0bdf08efce2e,Elvis Sinosic,Elvis,Sinosic,"6' 3""",205 lbs.,"77""",Orthodox,"Feb 13, 1971",1.13,37%,4.60,53%,0.00,0%,0%,1.2,http://www.ufcstats.com/fighter-details/817e0bdf08efce2e,c51ba89947344bee9661ccd1c7c96d7a,2026-09-09 00:01:02.800548+00:00
http://www.ufcstats.com/fighter-details/6ef58dabef8beb15,Josh Haynes,Josh,Haynes,"5' 9""",170 lbs.,--,Orthodox,"Jul 30, 1977",1.25,22%,4.03,52%,0.94,18%,42%,0.0,http://www.ufcstats.com/fighter-details/6ef58dabef8beb15,c51ba89947344bee9661ccd1c7c96d7a,2026-09-09 00:01:10.241574+00:00
http://www.ufcstats.com/fighter-details/6aa1cbc1466e9a0b,Marcio Cruz,Marcio,Cruz,"6' 4""",232 lbs.,--,Orthodox,"Apr 24, 1978",2.92,46%,1.51,68%,0.53,7%,37%,1.6,http://www.ufcstats.com/fighter-details/6aa1cbc1466e9a0b,c51ba89947344bee9661ccd1c7c96d7a,2026-09-09 00:01:21.835260+00:00
http://www.ufcstats.com/fighter-details/1ea8df62b3f8fea6,Justin James,Justin,James,"5' 10""",155 lbs.,--,Orthodox,"Nov 08, 1976",1.34,36%,2.68,50%,0.00,0%,50%,1.6,http://www.ufcstats.com/fighter-details/1ea8df62b3f8fea6,c51ba89947344bee9661ccd1c7c96d7a,2026-09-09 00:01:40.173302+00:00
http://www.ufcstats.com/fighter-details/b369533a577fa97c,Dan Christison,Dan,Christison,"6' 8""",265 lbs.,--,Orthodox,"Apr 26, 1972",4.23,51%,3.88,54%,0.00,0%,37%,1.1,http://www.ufcstats.com/fighter-details/b369533a577fa97c,c51ba89947344bee9661ccd1c7c96d7a,2026-09-09 00:01:57.918531+00:00
http://www.ufcstats.com/fighter-details/27fc9218a3653e3c,Justin Eilers,Justin,Eilers,"6' 1""",235 lbs.,--,Orthodox,"Jun 28, 1978",2.86,43%,5.66,49%,0.82,25%,50%,0.0,http://www.ufcstats.com/fighter-details/27fc9218a3653e3c,c51ba89947344bee9661ccd1c7c96d7a,2026-09-09 00:02:23.413662+00:00
http://www.ufcstats.com/fighter-details/e4770d5ed44a3970,Brian Gassaway,Brian,Gassaway,"6' 1""",170 lbs.,--,Orthodox,"Aug 07, 1972",0.34,26%,3.65,44%,0.00,0%,42%,0.0,http://www.ufcstats.com/fighter-details/e4770d5ed44a3970,c51ba89947344bee9661ccd1c7c96d7a,2026-09-09 00:02:40.384870+00:00
http://www.ufcstats.com/fighter-details/4e9fb05d7e5e61b8,Wesley Correira,Wesley,Correira,"6' 3""",260 lbs.,--,Orthodox,"Nov 11, 1978",2.60,36%,8.80,40%,0.00,0%,90%,0.0,http://www.ufcstats.com/fighter-details/4e9fb05d7e5e61b8,c51ba89947344bee9661ccd1c7c96d7a,2026-09-09 00:03:08.456480+00:00
http://www.ufcstats.com/fighter-details/e0f7c4f3f67bc808,Wes Sims,Wes,Sims,"6' 10""",260 lbs.,--,Orthodox,"Aug 04, 1979",0.98,51%,2.95,37%,0.00,0%,40%,2.3,http://www.ufcstats.com/fighter-details/e0f7c4f3f67bc808,c51ba89947344bee9661ccd1c7c96d7a,2026-09-09 00:03:09.891345+00:00
http://www.ufcstats.com/fighter-details/b361180739bed4b0,David Abbott,David,Abbott,"6' 0""",265 lbs.,--,Switch,"Apr 26, 1965",1.35,30%,3.55,38%,1.07,33%,66%,0.0,http://www.ufcstats.com/fighter-details/b361180739bed4b0,c51ba89947344bee9661ccd1c7c96d7a,2026-09-09 00:03:18.966902+00:00
http://www.ufcstats.com/fighter-details/b44f39a5c6596953,Pedro Rizzo,Pedro,Rizzo,"6' 1""",241 lbs.,--,Orthodox,"May 03, 1974",1.93,34%,3.02,50%,0.26,28%,78%,0.0,http://www.ufcstats.com/fighter-details/b44f39a5c6596953,c51ba89947344bee9661ccd1c7c96d7a,2026-09-09 00:03:20.759692+00:00
http://www.ufcstats.com/fighter-details/50cc91ce2982785d,Ricco Rodriguez,Ricco,Rodriguez,"6' 4""",265 lbs.,--,Orthodox,"Aug 19, 1977",1.85,51%,1.15,61%,2.30,39%,40%,1.0,http://www.ufcstats.com/fighter-details/50cc91ce2982785d,c51ba89947344bee9661ccd1c7c96d7a,2026-09-09 00:03:22.151423+00:00
http://www.ufcstats.com/fighter-details/b4bc2e3353a770b5,Ian Freeman,Ian,Freeman,"5' 11""",225 lbs.,--,Orthodox,"Nov 10, 1966",2.54,48%,3.11,44%,1.44,40%,80%,0.7,http://www.ufcstats.com/fighter-details/b4bc2e3353a770b5,c51ba89947344bee9661ccd1c7c96d7a,2026-09-09 00:03:31.407355+00:00
http://www.ufcstats.com/fighter-details/6291ac0a3726732f,Pete Williams,Pete,Williams,"6' 3""",235 lbs.,--,Orthodox,"Jul 10, 1975",0.61,62%,2.77,40%,1.84,40%,16%,0.9,http://www.ufcstats.com/fighter-details/6291ac0a3726732f,c51ba89947344bee9661ccd1c7c96d7a,2026-09-09 00:04:06.299047+00:00
http://www.ufcstats.com/fighter-details/20ec0061400178ca,Roberto Traven,Roberto,Traven,"6' 3""",227 lbs.,--,Orthodox,"Sep 16, 1968",0.92,50%,2.77,57%,0.00,0%,0%,0.0,http://www.ufcstats.com/fighter-details/20ec0061400178ca,c51ba89947344bee9661ccd1c7c96d7a,2026-09-09 00:04:15.495563+00:00
http://www.ufcstats.com/fighter-details/cf1a88371c8cb690,Aaron Brink,Aaron,Brink,"6' 3""",205 lbs.,--,Orthodox,"Nov 12, 1974",3.49,42%,5.71,57%,0.00,0%,0%,0.0,http://www.ufcstats.com/fighter-details/cf1a88371c8cb690,c51ba89947344bee9661ccd1c7c96d7a,2026-09-09 00:04:33.161855+00:00
